filename	onset	offset	event_labels	visual_labels	audio_labels	modality	has_visual	has_audio
-0A9sun15YA_110_120	0	3	Car	Car	Car	multimodal	True	True
-0A9sun15YA_110_120	3	4	Speech,Car	Car	Car,Speech	multimodal	True	True
-0A9sun15YA_110_120	4	9	Car	Car	Car	multimodal	True	True
-0A9sun15YA_110_120	9	10	Speech,Car	Car	Car,Speech	multimodal	True	True
-0bNnlJmBM0_30_40	0	7	Chicken_rooster,Car	Chicken_rooster	Car	multimodal	True	True
-0bNnlJmBM0_30_40	7	9	Speech,Chicken_rooster,Car	Chicken_rooster	Car,Speech	multimodal	True	True
-0bNnlJmBM0_30_40	9	10	Chicken_rooster,Car	Chicken_rooster	Car	multimodal	True	True
-14BFlDzjS4_6_16	0	3	Car	Car	Car	multimodal	True	True
-14BFlDzjS4_6_16	3	5	Speech,Car	Car	Car,Speech	multimodal	True	True
-14BFlDzjS4_6_16	5	9	Car	Car	Car	multimodal	True	True
-14BFlDzjS4_6_16	9	10	Speech,Car	Car	Car,Speech	multimodal	True	True
-1HZWgFylMQ_590_600	0	1	Speech,Car	Car	Speech,Car	multimodal	True	True
-1HZWgFylMQ_590_600	1	3	Car	Car	Car	multimodal	True	True
-1HZWgFylMQ_590_600	3	6	Speech,Car	Car	Speech,Car	multimodal	True	True
-1HZWgFylMQ_590_600	6	8	Car	Car	Car	multimodal	True	True
-2CdXt0-f0I_30_40	0	1	Car	Car	Car	multimodal	True	True
-2CdXt0-f0I_30_40	1	3	Speech,Car	Car	Car,Speech	multimodal	True	True
-2CdXt0-f0I_30_40	3	5	Car	Car	Car	multimodal	True	True
-2CdXt0-f0I_30_40	5	6	Speech,Car	Car	Car,Speech	multimodal	True	True
-2CdXt0-f0I_30_40	6	10	Car	Car	Car	multimodal	True	True
-2WeNked2Xs_30_40	0	10	Speech,Car	Car	Car,Speech	multimodal	True	True
-2YWkWhIVtQ_30_40	0	10	Car	Car	Car	multimodal	True	True
-3G-bs5JaW8_100_110	0	8	Vacuum_cleaner	Vacuum_cleaner	Vacuum_cleaner	multimodal	True	True
-3G-bs5JaW8_100_110	8	9	Vacuum_cleaner		Vacuum_cleaner	multimodal	False	True
-3M-k4nIYIM_30_40	0	1	Car	Car	Car	multimodal	True	True
-3M-k4nIYIM_30_40	1	2	Speech,Car	Car	Car,Speech	multimodal	True	True
-3M-k4nIYIM_30_40	2	3	Car		Car	multimodal	False	True
-3M-k4nIYIM_30_40	3	4	Car	Car	Car	multimodal	True	True
-3M-k4nIYIM_30_40	4	6	Speech,Car	Car	Car,Speech	multimodal	True	True
-3M-k4nIYIM_30_40	6	7	Car	Car	Car	multimodal	True	True
-3M-k4nIYIM_30_40	7	8	Speech,Car	Car	Speech	multimodal	True	True
-3M-k4nIYIM_30_40	8	9	Car	Car		multimodal	True	False
-3M-k4nIYIM_30_40	9	10	Speech,Car	Car	Speech	multimodal	True	True
-3zSILamaBM_16_26	0	8	Chainsaw	Chainsaw	Chainsaw	multimodal	True	True
-3zSILamaBM_16_26	8	10	Chainsaw		Chainsaw	multimodal	False	True
-5uuZRObZH4_8_18	0	5	Car	Car	Car	multimodal	True	True
-5uuZRObZH4_8_18	5	6	Speech,Car	Car	Car,Speech	multimodal	True	True
-5uuZRObZH4_8_18	6	7	Car	Car	Car	multimodal	True	True
-5uuZRObZH4_8_18	7	10	Car		Car	multimodal	False	True
-7tDh-UQR7Q_50_60	0	1	Violin_fiddle,Cello	Cello,Violin_fiddle	Cello,Violin_fiddle	multimodal	True	True
-7tDh-UQR7Q_50_60	1	4	Singing,Violin_fiddle,Cello	Cello,Violin_fiddle,Singing	Cello,Violin_fiddle,Singing	multimodal	True	True
-7tDh-UQR7Q_50_60	4	10	Singing,Violin_fiddle,Cello	Singing	Cello,Violin_fiddle,Singing	multimodal	True	True
-7yHd8yVL7o_10_20	0	10	Car	Car	Car	multimodal	True	True
-8J-J79jkIE_30_40	0	10	Car	Car	Car	multimodal	True	True
-9D8GR2VBKE_40_50	0	2	Speech,Frying_(food)		Frying_(food),Speech	multimodal	False	True
-9D8GR2VBKE_40_50	2	3	Frying_(food)		Frying_(food)	multimodal	False	True
-9D8GR2VBKE_40_50	3	4	Speech,Frying_(food)		Frying_(food),Speech	multimodal	False	True
-9D8GR2VBKE_40_50	4	9	Frying_(food)		Frying_(food)	multimodal	False	True
-9D8GR2VBKE_40_50	9	10	Frying_(food)	Frying_(food)	Frying_(food)	multimodal	True	True
-9b-N3vQj2k_30_40	3	10	Cheering	Cheering	Cheering	multimodal	True	True
-9ummbDsgFM_30_40	0	1	Chainsaw		Chainsaw	multimodal	False	True
-9ummbDsgFM_30_40	1	10	Chainsaw	Chainsaw	Chainsaw	multimodal	True	True
00m3AbSa21M_550_560	0	1	Speech,Blender	Blender	Speech	multimodal	True	True
00m3AbSa21M_550_560	1	2	Blender	Blender		multimodal	True	False
00m3AbSa21M_550_560	2	8	Speech,Blender	Blender	Speech	multimodal	True	True
00m3AbSa21M_550_560	8	10	Speech,Blender	Blender	Speech,Blender	multimodal	True	True
00v4G1YbJAE_30_40	0	1	Lawn_mower	Lawn_mower	Lawn_mower	multimodal	True	True
00v4G1YbJAE_30_40	1	5	Speech,Lawn_mower	Lawn_mower	Lawn_mower,Speech	multimodal	True	True
00v4G1YbJAE_30_40	5	10	Lawn_mower	Lawn_mower	Lawn_mower	multimodal	True	True
01zSTM-3yjk_10_20	0	2	Vacuum_cleaner,Speech	Vacuum_cleaner	Vacuum_cleaner,Speech	multimodal	True	True
01zSTM-3yjk_10_20	2	7	Vacuum_cleaner	Vacuum_cleaner	Vacuum_cleaner	multimodal	True	True
01zSTM-3yjk_10_20	7	10	Vacuum_cleaner,Speech	Vacuum_cleaner	Vacuum_cleaner,Speech	multimodal	True	True
0292kQJnKos_30_40	0	4	Speech	Speech	Speech	multimodal	True	True
0292kQJnKos_30_40	4	7	Cheering		Cheering	multimodal	False	True
0292kQJnKos_30_40	7	8	Cheering	Cheering	Cheering	multimodal	True	True
0292kQJnKos_30_40	8	10	Cheering		Cheering	multimodal	False	True
04I1mfPeAng_30_40	0	1	Car	Car	Car	multimodal	True	True
04I1mfPeAng_30_40	1	6	Speech,Car	Car	Car,Speech	multimodal	True	True
04I1mfPeAng_30_40	6	10	Car	Car	Car	multimodal	True	True
04TYhV8SKZ0_30_40	0	5	Singing	Singing	Singing	multimodal	True	True
04TYhV8SKZ0_30_40	6	10	Singing	Singing	Singing	multimodal	True	True
050iiMJKE20_180_190	0	1	Speech		Speech	multimodal	False	True
050iiMJKE20_180_190	1	4	Speech,Helicopter	Helicopter	Speech	multimodal	True	True
050iiMJKE20_180_190	4	5	Speech		Speech	multimodal	False	True
050iiMJKE20_180_190	5	7	Chainsaw	Chainsaw	Chainsaw	multimodal	True	True
050iiMJKE20_180_190	7	10	Speech,Chainsaw	Chainsaw	Speech	multimodal	True	True
052B1KqZNvc_30_40	0	4	Singing,Car	Car	Car,Singing	multimodal	True	True
052B1KqZNvc_30_40	4	7	Car	Car	Car	multimodal	True	True
052B1KqZNvc_30_40	7	8	Speech,Car	Car	Car,Speech	multimodal	True	True
052B1KqZNvc_30_40	8	10	Car	Car	Car	multimodal	True	True
05pbHOqMVtg_140_150	0	10	Helicopter	Helicopter	Helicopter	multimodal	True	True
06xprMsre2M_80_90	0	3	Blender	Blender	Blender	multimodal	True	True
06xprMsre2M_80_90	3	4	Speech,Blender	Blender	Blender,Speech	multimodal	True	True
06xprMsre2M_80_90	4	5	Blender	Blender	Blender	multimodal	True	True
06xprMsre2M_80_90	5	7	Speech,Blender	Blender	Blender,Speech	multimodal	True	True
06xprMsre2M_80_90	7	8	Blender	Blender	Blender	multimodal	True	True
06xprMsre2M_80_90	8	10	Speech,Blender	Blender	Blender,Speech	multimodal	True	True
07QDI50hlec_50_60	0	1	Vacuum_cleaner	Vacuum_cleaner	Vacuum_cleaner	multimodal	True	True
0A-Y2CvbVMs_30_40	0	10	Accordion	Accordion	Accordion	multimodal	True	True
0AuRaeswC-8_20_30	0	4	Speech,Chicken_rooster	Chicken_rooster	Speech	multimodal	True	True
0AuRaeswC-8_20_30	4	5	Speech,Chicken_rooster	Chicken_rooster	Chicken_rooster,Speech	multimodal	True	True
0AuRaeswC-8_20_30	5	10	Chicken_rooster	Chicken_rooster	Chicken_rooster	multimodal	True	True
0DvICv9rCkM_70_80	0	4	Vacuum_cleaner	Vacuum_cleaner		multimodal	True	False
0DvICv9rCkM_70_80	4	7	Vacuum_cleaner	Vacuum_cleaner	Vacuum_cleaner	multimodal	True	True
0DvICv9rCkM_70_80	7	10	Vacuum_cleaner	Vacuum_cleaner		multimodal	True	False
0EcfL54lGUA_30_40	0	5	Speech,Car	Car	Car,Speech	multimodal	True	True
0EcfL54lGUA_30_40	5	7	Car	Car	Car	multimodal	True	True
0EcfL54lGUA_30_40	7	8	Cheering,Car,Clapping	Car,Cheering	Car,Clapping,Cheering	multimodal	True	True
0EcfL54lGUA_30_40	8	9	Cheering,Car,Clapping	Cheering	Car,Clapping,Cheering	multimodal	True	True
0EcfL54lGUA_30_40	9	10	Cheering,Car,Clapping	Clapping,Cheering	Car,Clapping,Cheering	multimodal	True	True
0F2XPtG9pJM_30_40	2	8	Violin_fiddle	Violin_fiddle		multimodal	True	False
0F2XPtG9pJM_30_40	8	10	Violin_fiddle	Violin_fiddle	Violin_fiddle	multimodal	True	True
0Fc42_i3G80_100_110	0	1	Vacuum_cleaner,Speech		Vacuum_cleaner,Speech	multimodal	False	True
0Fc42_i3G80_100_110	1	10	Vacuum_cleaner	Vacuum_cleaner	Vacuum_cleaner,Vacuum_cleaner	multimodal	True	True
0Ft06J1FdAo_420_430	0	10	Cheering	Cheering	Cheering	multimodal	True	True
0J3OzIVLnEI_50_60	0	10	Chicken_rooster	Chicken_rooster	Chicken_rooster	multimodal	True	True
0JAGPDtKZ68_350_360	0	1	Speech,Cheering,Clapping		Speech,Cheering,Clapping	multimodal	False	True
0JAGPDtKZ68_350_360	1	3	Speech,Cheering		Speech,Cheering	multimodal	False	True
0JAGPDtKZ68_350_360	3	5	Speech,Cheering,Clapping		Speech,Cheering,Clapping	multimodal	False	True
0JAGPDtKZ68_350_360	5	10	Cheering,Clapping	Cheering	Cheering,Clapping	multimodal	True	True
0OD_03N7XTQ_250_260	0	3	Speech,Clapping	Speech,Clapping	Speech,Clapping	multimodal	True	True
0OD_03N7XTQ_250_260	3	10	Speech	Speech	Speech	multimodal	True	True
0PxvBPOjDKI_30_40	0	8	Chainsaw	Chainsaw	Chainsaw	multimodal	True	True
0PxvBPOjDKI_30_40	8	10	Chainsaw		Chainsaw	multimodal	False	True
0QFpWAP8fPs_390_400	0	4	Cheering,Clapping	Cheering,Clapping	Cheering	multimodal	True	True
0QFpWAP8fPs_390_400	4	6	Cheering,Clapping	Cheering,Clapping	Cheering,Clapping	multimodal	True	True
0QFpWAP8fPs_390_400	6	8	Cheering,Clapping	Cheering,Clapping	Cheering	multimodal	True	True
0QFpWAP8fPs_390_400	8	10	Speech,Cheering,Clapping	Cheering,Clapping	Cheering,Speech	multimodal	True	True
0QPnouN3Hq8_30_40	0	5	Speech,Car	Car	Car,Speech	multimodal	True	True
0QPnouN3Hq8_30_40	5	6	Car	Car	Car	multimodal	True	True
0QPnouN3Hq8_30_40	6	8	Speech,Car	Car	Car,Speech	multimodal	True	True
0QPnouN3Hq8_30_40	8	10	Car	Car	Car	multimodal	True	True
0QXKGC5bXno_30_40	0	10	Violin_fiddle,Cello	Cello,Violin_fiddle	Cello,Violin_fiddle	multimodal	True	True
0RFa3yJRuDg_80_90	0	10	Cheering	Cheering	Cheering	multimodal	True	True
0SavSPZveDc_380_390	0	10	Speech	Speech	Speech	multimodal	True	True
0T4gZQwzyKY_30_40	0	8	Cheering	Cheering		multimodal	True	False
0T4gZQwzyKY_30_40	8	9	Cheering,Clapping	Cheering,Clapping		multimodal	True	False
0T4gZQwzyKY_30_40	9	10	Cheering,Clapping	Cheering	Clapping	multimodal	True	True
0ULOk49bHkI_180_190	0	2	Speech,Car	Car	Car,Speech	multimodal	True	True
0ULOk49bHkI_180_190	2	3	Car	Car	Car	multimodal	True	True
0ULOk49bHkI_180_190	3	4	Speech,Car	Car	Car,Speech	multimodal	True	True
0ULOk49bHkI_180_190	4	10	Car	Car	Car	multimodal	True	True
0W1sdHWIuAs_30_40	0	2	Dog	Dog	Dog	multimodal	True	True
0W1sdHWIuAs_30_40	2	4	Dog	Dog		multimodal	True	False
0W1sdHWIuAs_30_40	4	8	Dog	Dog	Dog	multimodal	True	True
0W1sdHWIuAs_30_40	8	10	Dog	Dog		multimodal	True	False
0XLFf3Qvahw_30_40	0	1	Car	Car	Car	multimodal	True	True
0XLFf3Qvahw_30_40	1	2	Speech,Car	Car	Car,Speech	multimodal	True	True
0XLFf3Qvahw_30_40	2	8	Car	Car	Car	multimodal	True	True
0XLFf3Qvahw_30_40	8	10	Speech,Car	Car	Car,Speech	multimodal	True	True
0YErPHsAxWM_80_90	0	4	Car	Car	Car	multimodal	True	True
0YErPHsAxWM_80_90	4	10	Speech,Car	Car	Car,Speech	multimodal	True	True
0ZAR-Tbrv3s_150_160	7	10	Singing	Singing	Singing	multimodal	True	True
0Zn0yN14eh8_230_240	5	9	Chainsaw	Chainsaw		multimodal	True	False
0Zn0yN14eh8_230_240	9	10	Chainsaw		Chainsaw	multimodal	False	True
0_MLIPfb84s_30_40	0	1	Violin_fiddle,Acoustic_guitar	Violin_fiddle,Acoustic_guitar	Acoustic_guitar	multimodal	True	True
0_MLIPfb84s_30_40	1	10	Violin_fiddle,Acoustic_guitar	Violin_fiddle,Acoustic_guitar	Violin_fiddle,Acoustic_guitar	multimodal	True	True
0aVst7GNuVM_30_40	0	10	Car	Car	Car	multimodal	True	True
0bNb6oHg1_w_21_31	0	10	Speech,Car	Car	Car,Speech	multimodal	True	True
0dVXlandefw_4_14	0	4	Car	Car	Car	multimodal	True	True
0dVXlandefw_4_14	4	6	Speech,Car	Car	Car,Speech	multimodal	True	True
0dVXlandefw_4_14	6	7	Speech,Car	Car	Car,Speech	multimodal	True	True
0dVXlandefw_4_14	7	10	Car	Car	Car	multimodal	True	True
0dZis656VIo_30_40	0	10	Speech,Car	Car	Car,Speech	multimodal	True	True
0dgKhlejMJ8_350_360	0	10	Violin_fiddle,Cello	Cello,Violin_fiddle	Cello,Violin_fiddle	multimodal	True	True
0dhEeSX-59I_25_35	0	10	Car	Car	Car	multimodal	True	True
0eAGbJEQhJ8_0_10	0	1	Speech,Car	Car	Speech	multimodal	True	True
0eAGbJEQhJ8_0_10	1	5	Car	Car		multimodal	True	False
0eAGbJEQhJ8_0_10	5	8	Speech,Car	Car	Speech	multimodal	True	True
0eAGbJEQhJ8_0_10	8	9	Car	Car		multimodal	True	False
0eAGbJEQhJ8_0_10	9	10	Speech,Car	Car	Speech	multimodal	True	True
0eLC4aFPpng_30_40	0	10	Car	Car	Car	multimodal	True	True
0eaafXX-pPE_30_40	0	3	Baby_laughter	Baby_laughter	Baby_laughter	multimodal	True	True
0eaafXX-pPE_30_40	3	4	Baby_laughter,Speech	Baby_laughter	Baby_laughter,Speech	multimodal	True	True
0eaafXX-pPE_30_40	4	6	Speech		Speech	multimodal	False	True
0eaafXX-pPE_30_40	6	8	Baby_laughter	Baby_laughter	Baby_laughter	multimodal	True	True
0eaafXX-pPE_30_40	8	10	Speech		Speech	multimodal	False	True
0ehyZCP7iuQ_80_90	0	10	Vacuum_cleaner	Vacuum_cleaner	Vacuum_cleaner	multimodal	True	True
0elWYlc8shc_30_40	0	10	Car	Car	Car	multimodal	True	True
0ezR24_jTDA_70_80	0	3	Basketball_bounce,Speech	Basketball_bounce	Basketball_bounce,Speech	multimodal	True	True
0ezR24_jTDA_70_80	3	5	Basketball_bounce	Basketball_bounce	Basketball_bounce	multimodal	True	True
0ezR24_jTDA_70_80	7	10	Speech	Speech	Speech	multimodal	True	True
0fLcfpmn38I_30_40	0	10	Car	Car	Car	multimodal	True	True
0g-L2iF5y9k_140_150	0	2	Acoustic_guitar	Acoustic_guitar		multimodal	True	False
0g-L2iF5y9k_140_150	2	4	Acoustic_guitar,Clapping	Acoustic_guitar	Clapping	multimodal	True	True
0g-L2iF5y9k_140_150	4	5	Cheering,Acoustic_guitar,Clapping	Acoustic_guitar	Clapping,Cheering	multimodal	True	True
0g-L2iF5y9k_140_150	5	8	Speech,Acoustic_guitar,Clapping	Acoustic_guitar	Clapping,Speech	multimodal	True	True
0g-L2iF5y9k_140_150	8	9	Acoustic_guitar,Clapping	Acoustic_guitar	Clapping	multimodal	True	True
0g-L2iF5y9k_140_150	9	10	Acoustic_guitar	Acoustic_guitar		multimodal	True	False
0gJPpZXeGms_10_20	0	2	Car,Dog	Dog,Car	Car	multimodal	True	True
0gJPpZXeGms_10_20	2	10	Car,Dog	Dog,Car	Car,Dog	multimodal	True	True
0gfxwS7Wla8_30_40	0	5	Car	Car	Car	multimodal	True	True
0gfxwS7Wla8_30_40	5	8	Speech,Car	Car	Car,Speech	multimodal	True	True
0gfxwS7Wla8_30_40	8	10	Car	Car	Car	multimodal	True	True
0gmLAVhaTKE_5_15	0	7	Car	Car	Car	multimodal	True	True
0gmLAVhaTKE_5_15	7	10	Car		Car	multimodal	False	True
0hE-lduyMng_150_160	0	1	Frying_(food)	Frying_(food)	Frying_(food)	multimodal	True	True
0hE-lduyMng_150_160	1	5	Speech,Frying_(food)	Frying_(food)	Frying_(food),Speech	multimodal	True	True
0hE-lduyMng_150_160	5	6	Frying_(food)	Frying_(food)	Frying_(food)	multimodal	True	True
0hE-lduyMng_150_160	6	10	Speech,Frying_(food)	Frying_(food)	Frying_(food),Speech	multimodal	True	True
0iEtuM3NEKw_30_40	0	10	Car	Car	Car	multimodal	True	True
0iS6S7e_j8Q_20_30	0	4	Singing,Clapping		Clapping,Singing	multimodal	False	True
0iS6S7e_j8Q_20_30	4	10	Singing,Clapping	Singing	Clapping,Singing	multimodal	True	True
0ioAyzjtiZI_30_40	0	10	Car	Car	Car	multimodal	True	True
0kAaPH2wrvM_140_150	0	2	Vacuum_cleaner	Vacuum_cleaner	Vacuum_cleaner	multimodal	True	True
0kAaPH2wrvM_140_150	2	5	Vacuum_cleaner,Speech	Vacuum_cleaner	Vacuum_cleaner,Speech	multimodal	True	True
0kAaPH2wrvM_140_150	5	7	Vacuum_cleaner	Vacuum_cleaner	Vacuum_cleaner	multimodal	True	True
0kAaPH2wrvM_140_150	7	9	Vacuum_cleaner,Speech	Vacuum_cleaner	Vacuum_cleaner,Speech	multimodal	True	True
0kAaPH2wrvM_140_150	9	10	Vacuum_cleaner	Vacuum_cleaner	Vacuum_cleaner	multimodal	True	True
0kNHMn3a6BM_30_40	0	2	Car	Car		multimodal	True	False
0kNHMn3a6BM_30_40	2	5	Speech,Car	Car	Speech	multimodal	True	True
0kNHMn3a6BM_30_40	5	9	Car	Car		multimodal	True	False
0kNHMn3a6BM_30_40	9	10	Speech,Car	Car	Speech	multimodal	True	True
0kWsQAObBjo_30_40	0	10	Speech,Cheering,Clapping	Cheering,Speech,Clapping	Cheering,Speech,Clapping	multimodal	True	True
0l4rszJ8M9E_90_100	0	10	Violin_fiddle,Banjo	Banjo,Violin_fiddle	Banjo,Violin_fiddle	multimodal	True	True
0lEavQUSRO4_410_420	0	3	Speech,Frying_(food)	Frying_(food)	Frying_(food),Speech	multimodal	True	True
0lEavQUSRO4_410_420	3	6	Frying_(food)	Frying_(food)	Frying_(food)	multimodal	True	True
0lEavQUSRO4_410_420	6	10	Speech,Frying_(food)	Frying_(food)	Frying_(food),Speech	multimodal	True	True
0lpXFLNGM5E_130_140	0	7	Dog	Dog		multimodal	True	False
0lpXFLNGM5E_130_140	7	10	Speech,Dog	Dog	Speech	multimodal	True	True
0mIwyFySgjs_30_40	0	2	Car	Car	Car	multimodal	True	True
0mIwyFySgjs_30_40	2	7	Car		Car	multimodal	False	True
0mIwyFySgjs_30_40	9	10	Car	Car	Car	multimodal	True	True
0mKRXJhlMb0_120_130	0	3	Chicken_rooster	Chicken_rooster	Chicken_rooster	multimodal	True	True
0mKRXJhlMb0_120_130	3	9	Chicken_rooster	Chicken_rooster		multimodal	True	False
0mKRXJhlMb0_120_130	9	10	Chicken_rooster	Chicken_rooster	Chicken_rooster	multimodal	True	True
0mMAgkJc9DM_60_70	0	6	Singing	Singing	Singing	multimodal	True	True
0mMAgkJc9DM_60_70	6	10	Singing		Singing	multimodal	False	True
0o-DD4GwohU_110_120	0	10	Vacuum_cleaner	Vacuum_cleaner	Vacuum_cleaner	multimodal	True	True
0oUbMWJgokM_170_180	0	1	Speech,Frying_(food)	Frying_(food)	Frying_(food),Speech	multimodal	True	True
0oUbMWJgokM_170_180	1	5	Frying_(food)	Frying_(food)	Frying_(food)	multimodal	True	True
0oUbMWJgokM_170_180	5	6	Speech,Frying_(food)	Frying_(food)	Frying_(food),Speech	multimodal	True	True
0oUbMWJgokM_170_180	6	7	Frying_(food)	Frying_(food)	Frying_(food)	multimodal	True	True
0oUbMWJgokM_170_180	7	10	Speech,Frying_(food)	Frying_(food)	Frying_(food),Speech	multimodal	True	True
0p9ClF5DXNo_160_170	0	9	Vacuum_cleaner,Cat	Vacuum_cleaner,Cat	Vacuum_cleaner	multimodal	True	True
0p9ClF5DXNo_160_170	9	10	Cat	Cat		multimodal	True	False
0qx_L11zBAY_30_40	0	10	Violin_fiddle,Cello	Cello,Violin_fiddle	Cello,Violin_fiddle	multimodal	True	True
0rrQS9Nt48s_180_190	0	2	Speech,Frying_(food)	Frying_(food)	Frying_(food),Speech	multimodal	True	True
0rrQS9Nt48s_180_190	2	7	Frying_(food)	Frying_(food)	Frying_(food)	multimodal	True	True
0rrQS9Nt48s_180_190	7	10	Speech,Frying_(food)	Frying_(food)	Frying_(food),Speech	multimodal	True	True
0sBkJR5Jads_8_18	0	7	Car	Car	Car	multimodal	True	True
0sBkJR5Jads_8_18	7	10	Car	Car		multimodal	True	False
0sqE1PT9w4E_0_10	0	9	Singing		Singing	multimodal	False	True
0sqE1PT9w4E_0_10	9	10	Singing	Singing	Singing	multimodal	True	True
0tL1Mc95WyY_3_13	0	10	Car	Car	Car	multimodal	True	True
0vlayD4ueuA_0_10	0	4	Chainsaw		Chainsaw	multimodal	False	True
0vlayD4ueuA_0_10	4	10	Chainsaw	Chainsaw	Chainsaw	multimodal	True	True
0wQpnBSQ4fY_350_360	0	4	Speech,Frying_(food)	Frying_(food)	Frying_(food),Speech	multimodal	True	True
0wQpnBSQ4fY_350_360	4	5	Frying_(food)	Frying_(food)	Frying_(food)	multimodal	True	True
0wQpnBSQ4fY_350_360	5	6	Speech,Frying_(food)		Frying_(food),Speech	multimodal	False	True
0wQpnBSQ4fY_350_360	6	10	Speech		Speech	multimodal	False	True
0x4ozoZB_2M_0_10	0	10	Chicken_rooster	Chicken_rooster	Chicken_rooster	multimodal	True	True
0xvGvc-zADE_30_40	0	10	Car	Car	Car	multimodal	True	True
0yCFCh8e10Y_10_20	0	10	Vacuum_cleaner	Vacuum_cleaner	Vacuum_cleaner	multimodal	True	True
0yW5XUGJsOU_8_18	0	5	Car	Car		multimodal	True	False
0yW5XUGJsOU_8_18	5	8	Car	Car	Car	multimodal	True	True
0yW5XUGJsOU_8_18	8	9	Speech	Speech	Speech	multimodal	True	True
0yleWcyPyx0_210_220	0	10	Lawn_mower	Lawn_mower	Lawn_mower	multimodal	True	True
0zAFUHzL5kU_23_33	0	1	Speech,Car	Car	Speech,Car	multimodal	True	True
0zAFUHzL5kU_23_33	1	6	Cheering,Car	Car	Cheering,Car	multimodal	True	True
0zAFUHzL5kU_23_33	6	8	Speech,Cheering,Car	Car	Speech,Cheering,Car	multimodal	True	True
0zAFUHzL5kU_23_33	8	10	Speech,Car	Car	Speech,Car	multimodal	True	True
1-VMTJRpjbE_150_160	1	2	Speech		Speech	multimodal	False	True
1-VMTJRpjbE_150_160	2	3	Fire_alarm,Speech	Fire_alarm	Speech	multimodal	True	True
1-VMTJRpjbE_150_160	3	4	Fire_alarm	Fire_alarm		multimodal	True	False
1-VMTJRpjbE_150_160	4	8	Fire_alarm	Fire_alarm	Fire_alarm	multimodal	True	True
1-VMTJRpjbE_150_160	8	10	Fire_alarm,Speech	Fire_alarm	Fire_alarm,Speech	multimodal	True	True
103Bq0x6Mkc_30_40	0	10	Car	Car	Car	multimodal	True	True
104Ghhu6mks_21_31	0	5	Speech,Car	Car	Speech	multimodal	True	True
104Ghhu6mks_21_31	5	6	Speech,Car	Car	Speech,Car	multimodal	True	True
104Ghhu6mks_21_31	6	9	Speech,Car	Car	Speech	multimodal	True	True
104Ghhu6mks_21_31	9	10	Car	Car		multimodal	True	False
10e2PY0WjPY_30_40	0	10	Car	Car	Car	multimodal	True	True
10lI3fjFrBU_30_40	0	1	Speech,Car	Car	Speech	multimodal	True	True
10lI3fjFrBU_30_40	1	2	Singing,Speech,Car	Car	Speech,Singing	multimodal	True	True
10lI3fjFrBU_30_40	2	4	Singing,Car	Car	Singing	multimodal	True	True
10lI3fjFrBU_30_40	4	6	Singing,Car	Car	Singing	multimodal	True	True
10lI3fjFrBU_30_40	6	10	Speech,Car	Car	Speech	multimodal	True	True
12-uDhDhWOk_30_40	0	10	Car	Car	Car	multimodal	True	True
12eWNawPekw_30_40	0	10	Car,Helicopter	Helicopter,Car	Helicopter	multimodal	True	True
13jJ1DHgJgI_30_40	0	1	Car	Car	Car	multimodal	True	True
13jJ1DHgJgI_30_40	1	10	Car		Car	multimodal	False	True
14ekd4nkpwc_28_38	0	9	Baby_cry_infant_cry	Baby_cry_infant_cry	Baby_cry_infant_cry	multimodal	True	True
14lfcY6CwZY_30_40	0	10	Speech,Car	Speech,Car	Speech,Car	multimodal	True	True
14xiJ2TAfI0_430_440	0	6	Speech	Speech	Speech	multimodal	True	True
14xiJ2TAfI0_430_440	6	8	Clapping		Clapping	multimodal	False	True
15qmhCMftso_70_80	0	8	Violin_fiddle,Accordion	Accordion,Violin_fiddle	Accordion,Violin_fiddle	multimodal	True	True
15qmhCMftso_70_80	8	10	Violin_fiddle,Accordion	Accordion	Accordion,Violin_fiddle	multimodal	True	True
16k-hKzQqKc_270_280	0	10	Helicopter	Helicopter	Helicopter	multimodal	True	True
187cVfWpf6Q_100_110	0	10	Helicopter	Helicopter	Helicopter	multimodal	True	True
18Upv_ZinJ0_90_100	0	2	Vacuum_cleaner,Speech	Vacuum_cleaner	Speech	multimodal	True	True
18Upv_ZinJ0_90_100	2	10	Vacuum_cleaner	Vacuum_cleaner	Vacuum_cleaner	multimodal	True	True
18XhuufODY0_30_40	0	4	Singing,Cheering	Cheering	Cheering,Singing	multimodal	True	True
18XhuufODY0_30_40	5	10	Speech	Speech	Speech	multimodal	True	True
18ga5cnUrmk_80_90	0	10	Speech,Frying_(food)	Frying_(food)	Frying_(food),Speech	multimodal	True	True
19jWnmYnlD8_30_40	0	10	Violin_fiddle	Violin_fiddle	Violin_fiddle	multimodal	True	True
19jWnmYnlD8_30_400	0	10	Clapping	Clapping	Clapping	multimodal	True	True
19kcipjzOGI_7_17	0	9	Baby_cry_infant_cry	Baby_cry_infant_cry	Baby_cry_infant_cry	multimodal	True	True
19kcipjzOGI_7_17	9	10	Baby_cry_infant_cry	Baby_cry_infant_cry		multimodal	True	False
19lu7gR1je0_180_190	0	10	Car	Car	Car	multimodal	True	True
1AgD2StmjBo_30_40	0	10	Car	Car	Car	multimodal	True	True
1BPMaFuSk5Y_12_22	0	1	Car	Car	Car	multimodal	True	True
1BPMaFuSk5Y_12_22	1	8	Speech,Car	Car	Car,Speech	multimodal	True	True
1BPMaFuSk5Y_12_22	8	9	Car	Car		multimodal	True	False
1BgsmndYANA_27_37	0	9	Car	Car	Car	multimodal	True	True
1BgsmndYANA_27_37	9	10	Speech,Car	Car	Car,Speech	multimodal	True	True
1CG8aPFUBOs_30_40	0	10	Car	Car	Car	multimodal	True	True
1DqXuuPiPho_240_250	0	2	Singing,Violin_fiddle	Singing,Violin_fiddle	Singing,Violin_fiddle	multimodal	True	True
1DqXuuPiPho_240_250	2	3	Violin_fiddle	Violin_fiddle	Violin_fiddle	multimodal	True	True
1DqXuuPiPho_240_250	3	7	Singing,Violin_fiddle	Singing,Violin_fiddle	Singing,Violin_fiddle	multimodal	True	True
1DqXuuPiPho_240_250	7	10	Violin_fiddle	Violin_fiddle	Violin_fiddle	multimodal	True	True
1ErafvijpM4_10_20	0	10	Car	Car	Car	multimodal	True	True
1F93M55BYbM_3_13	0	5	Car	Car	Car	multimodal	True	True
1F93M55BYbM_3_13	5	10	Motorcycle,Car	Car,Motorcycle	Car	multimodal	True	True
1FKNzvUjZPw_30_40	0	10	Helicopter	Helicopter	Helicopter	multimodal	True	True
1FkR8wkSGU8_30_40	0	1	Car	Car	Car	multimodal	True	True
1FkR8wkSGU8_30_40	1	5	Speech,Car	Car	Car,Speech	multimodal	True	True
1FkR8wkSGU8_30_40	5	8	Car	Car	Car	multimodal	True	True
1FkR8wkSGU8_30_40	8	10	Speech,Car	Car	Car,Speech	multimodal	True	True
1FlvObIkYvo_10_20	0	5	Car	Car	Car	multimodal	True	True
1FlvObIkYvo_10_20	5	6	Speech,Car	Car	Car,Speech	multimodal	True	True
1FlvObIkYvo_10_20	6	9	Car	Car	Car	multimodal	True	True
1FlvObIkYvo_10_20	9	10	Speech,Car	Car	Car,Speech	multimodal	True	True
1H0fdBjsZHc_30_40	0	10	Helicopter	Helicopter	Helicopter	multimodal	True	True
1I3NxY6OZ5E_28_38	0	10	Car	Car	Car	multimodal	True	True
1Lf1fIO2H2c_120_130	0	4	Violin_fiddle,Cello	Cello,Violin_fiddle	Cello,Violin_fiddle	multimodal	True	True
1Lf1fIO2H2c_120_130	4	10	Violin_fiddle,Cello	Cello	Cello,Violin_fiddle	multimodal	True	True
1MMFztEi-Hk_240_250	0	2	Blender	Blender	Blender	multimodal	True	True
1MMFztEi-Hk_240_250	2	10	Speech,Blender	Blender,Speech	Blender,Speech	multimodal	True	True
1My2TdVmCsg_5_15	0	10	Car	Car	Car	multimodal	True	True
1NAoH6dROvo_30_40	0	10	Cheering	Cheering	Cheering	multimodal	True	True
1O0nWgEa8_w_30_40	0	9	Car	Car	Car	multimodal	True	True
1O0nWgEa8_w_30_40	9	10	Speech,Car	Car	Car,Speech	multimodal	True	True
1P-cBqOVT24_10_20	0	10	Car	Car	Car	multimodal	True	True
1PW3CB-gkHk_30_40	0	10	Car	Car	Car	multimodal	True	True
1PflWBiH0m4_10_20	0	3	Motorcycle,Car	Car,Motorcycle	Car,Motorcycle	multimodal	True	True
1PflWBiH0m4_10_20	3	6	Motorcycle,Car	Car	Car,Motorcycle	multimodal	True	True
1PflWBiH0m4_10_20	6	10	Motorcycle,Car	Car,Motorcycle	Car,Motorcycle	multimodal	True	True
1Qcxwho5ZLQ_30_40	0	10	Accordion	Accordion	Accordion	multimodal	True	True
1RJsIRC9sVg_30_40	0	10	Car	Car	Car	multimodal	True	True
1S9eqzFk-IE_80_90	0	1	Helicopter	Helicopter	Helicopter	multimodal	True	True
1S9eqzFk-IE_80_90	1	3	Helicopter		Helicopter	multimodal	False	True
1S9eqzFk-IE_80_90	3	10	Helicopter	Helicopter	Helicopter	multimodal	True	True
1SVwE8mtUG8_290_300	0	2	Chainsaw	Chainsaw	Chainsaw	multimodal	True	True
1SVwE8mtUG8_290_300	2	5	Speech,Chainsaw	Chainsaw	Chainsaw,Speech	multimodal	True	True
1SVwE8mtUG8_290_300	5	9	Chainsaw	Chainsaw	Chainsaw	multimodal	True	True
1SVwE8mtUG8_290_300	9	10	Chainsaw	Chainsaw		multimodal	True	False
1TI0hV-FkKg_30_40	0	10	Car	Car	Car	multimodal	True	True
1TsbyCeoZ_E_30_40	0	1	Speech,Car	Car	Car,Speech	multimodal	True	True
1TsbyCeoZ_E_30_40	1	6	Car	Car	Car	multimodal	True	True
1TsbyCeoZ_E_30_40	6	10	Speech,Car	Car	Car,Speech	multimodal	True	True
1TzFK50oG_g_0_10	0	10	Car	Car	Car	multimodal	True	True
1VJRQfad9RM_30_40	0	10	Car	Car	Car	multimodal	True	True
1W1G5xI6fdE_21_31	0	1	Car	Car	Car	multimodal	True	True
1W1G5xI6fdE_21_31	1	2	Speech,Car	Car	Car,Speech	multimodal	True	True
1W1G5xI6fdE_21_31	2	3	Singing,Speech,Car	Car	Car,Singing,Speech	multimodal	True	True
1W1G5xI6fdE_21_31	3	5	Singing,Speech,Car	Car	Singing,Speech	multimodal	True	True
1W1G5xI6fdE_21_31	5	9	Speech		Speech	multimodal	False	True
1XFai_UlKrY_20_30	0	10	Car	Car	Car	multimodal	True	True
1XaDmkM-AAw_150_160	0	10	Violin_fiddle,Acoustic_guitar	Acoustic_guitar,Violin_fiddle	Acoustic_guitar,Violin_fiddle	multimodal	True	True
1Y5nXF9O1Ds_420_430	0	10	Car	Car	Car	multimodal	True	True
1ZDVv5aNQfk_30_40	0	10	Car	Car	Car	multimodal	True	True
1asrcrzsvuo_160_170	0	2	Blender	Blender	Blender	multimodal	True	True
1asrcrzsvuo_160_170	2	3	Speech,Blender	Blender	Blender,Speech	multimodal	True	True
1asrcrzsvuo_160_170	3	10	Blender	Blender	Blender	multimodal	True	True
1cpo-8IgL2c_120_130	0	1	Cheering		Cheering	multimodal	False	True
1cpo-8IgL2c_120_130	1	3	Cheering,Clapping		Cheering,Clapping	multimodal	False	True
1cpo-8IgL2c_120_130	3	6	Cheering		Cheering	multimodal	False	True
1cpo-8IgL2c_120_130	6	10	Cheering,Clapping	Cheering,Clapping	Cheering,Clapping	multimodal	True	True
1dXi63XBCOg_140_150	3	10	Singing	Singing	Singing	multimodal	True	True
1eLSrZhUwCM_30_40	0	8	Car	Car	Car	multimodal	True	True
1eLSrZhUwCM_30_40	8	10	Speech,Car	Car	Car,Speech	multimodal	True	True
1eOhQvtQHm0_160_170	0	1	Blender	Blender	Blender	multimodal	True	True
1eOhQvtQHm0_160_170	1	3	Speech,Blender	Blender,Speech	Blender,Speech	multimodal	True	True
1eOhQvtQHm0_160_170	3	6	Blender	Blender	Blender	multimodal	True	True
1eOhQvtQHm0_160_170	6	10	Speech,Blender	Blender,Speech	Blender,Speech	multimodal	True	True
1eZeaT7IfE4_4_14	0	2	Car	Car	Car	multimodal	True	True
1eZeaT7IfE4_4_14	2	3	Speech,Car	Car	Car,Speech	multimodal	True	True
1eZeaT7IfE4_4_14	3	4	Car	Car	Car	multimodal	True	True
1eZeaT7IfE4_4_14	4	5	Speech,Car	Car	Car,Speech	multimodal	True	True
1eZeaT7IfE4_4_14	5	6	Car	Car	Car	multimodal	True	True
1eZeaT7IfE4_4_14	6	9	Speech,Car	Car	Car,Speech	multimodal	True	True
1eZeaT7IfE4_4_14	9	10	Car	Car	Car	multimodal	True	True
1easzswv0OM_130_140	0	2	Speech,Blender	Blender	Blender,Speech	multimodal	True	True
1easzswv0OM_130_140	2	6	Blender	Blender	Blender	multimodal	True	True
1easzswv0OM_130_140	6	7	Speech,Blender	Blender	Blender,Speech	multimodal	True	True
1easzswv0OM_130_140	7	10	Speech,Blender	Blender	Speech	multimodal	True	True
1efQ-Expp4s_50_60	0	1	Vacuum_cleaner	Vacuum_cleaner		multimodal	True	False
1efQ-Expp4s_50_60	1	6	Vacuum_cleaner,Speech	Vacuum_cleaner	Speech	multimodal	True	True
1efQ-Expp4s_50_60	6	7	Vacuum_cleaner	Vacuum_cleaner		multimodal	True	False
1efQ-Expp4s_50_60	7	10	Vacuum_cleaner	Vacuum_cleaner	Vacuum_cleaner	multimodal	True	True
1ewB56vAp7I_480_490	0	3	Vacuum_cleaner	Vacuum_cleaner	Vacuum_cleaner	multimodal	True	True
1ewB56vAp7I_480_490	3	4	Vacuum_cleaner,Speech	Vacuum_cleaner	Vacuum_cleaner,Speech	multimodal	True	True
1ewB56vAp7I_480_490	4	6	Vacuum_cleaner,Speech		Vacuum_cleaner,Speech	multimodal	False	True
1ewB56vAp7I_480_490	6	8	Vacuum_cleaner		Vacuum_cleaner	multimodal	False	True
1ewB56vAp7I_480_490	8	9	Vacuum_cleaner,Speech		Vacuum_cleaner,Speech	multimodal	False	True
1ewB56vAp7I_480_490	9	10	Vacuum_cleaner,Speech	Vacuum_cleaner	Vacuum_cleaner,Speech	multimodal	True	True
1jxqWh8kOgI_140_150	0	8	Helicopter	Helicopter	Helicopter	multimodal	True	True
1jxqWh8kOgI_140_150	8	10	Car,Helicopter	Car	Helicopter	multimodal	True	True
1sF3r4jqCKI_30_40	0	10	Violin_fiddle,Acoustic_guitar	Violin_fiddle,Acoustic_guitar	Violin_fiddle	multimodal	True	True
1uy12CfHhDk_170_180	0	5	Singing,Acoustic_guitar	Acoustic_guitar	Acoustic_guitar,Singing	multimodal	True	True
1uy12CfHhDk_170_180	5	7	Acoustic_guitar	Acoustic_guitar	Acoustic_guitar	multimodal	True	True
1uy12CfHhDk_170_180	7	9	Singing,Acoustic_guitar	Acoustic_guitar	Acoustic_guitar,Singing	multimodal	True	True
1uy12CfHhDk_170_180	9	10	Acoustic_guitar	Acoustic_guitar	Acoustic_guitar	multimodal	True	True
1v8tkB9u7DI_10_20	0	1	Fire_alarm	Fire_alarm	Fire_alarm	multimodal	True	True
1v8tkB9u7DI_10_20	1	5	Fire_alarm	Fire_alarm	Fire_alarm,Fire_alarm	multimodal	True	True
1v8tkB9u7DI_10_20	5	7	Fire_alarm		Fire_alarm	multimodal	False	True
1v8tkB9u7DI_10_20	7	9	Fire_alarm		Fire_alarm,Fire_alarm	multimodal	False	True
1v8tkB9u7DI_10_20	9	10	Fire_alarm		Fire_alarm	multimodal	False	True
1vQbUPX0-TY_140_150	0	1	Speech,Banjo	Banjo,Speech	Speech,Banjo	multimodal	True	True
1vQbUPX0-TY_140_150	1	3	Banjo	Banjo	Banjo	multimodal	True	True
1vQbUPX0-TY_140_150	3	10	Singing,Banjo	Banjo,Singing	Singing,Banjo	multimodal	True	True
1vdboF6KhB0_30_40	0	2	Speech,Car	Car	Car,Speech	multimodal	True	True
1vdboF6KhB0_30_40	2	10	Car	Car	Car	multimodal	True	True
1yoC00ssaXo_10_20	0	2	Chicken_rooster		Chicken_rooster	multimodal	False	True
1yoC00ssaXo_10_20	5	8	Chicken_rooster		Chicken_rooster	multimodal	False	True
1yoC00ssaXo_10_20	8	10	Chicken_rooster	Chicken_rooster	Chicken_rooster	multimodal	True	True
1ypY7k2Biao_90_100	0	1	Acoustic_guitar,Accordion	Accordion	Acoustic_guitar,Accordion	multimodal	True	True
1ypY7k2Biao_90_100	1	7	Singing,Acoustic_guitar,Accordion	Accordion,Singing	Acoustic_guitar,Singing,Accordion	multimodal	True	True
1ypY7k2Biao_90_100	7	8	Singing,Speech,Accordion,Acoustic_guitar	Accordion,Singing,Speech	Acoustic_guitar,Singing,Speech,Accordion	multimodal	True	True
1ypY7k2Biao_90_100	8	10	Speech,Accordion,Acoustic_guitar	Accordion,Speech	Acoustic_guitar,Speech,Accordion	multimodal	True	True
20ysZc0Bp5o_10_20	0	7	Chicken_rooster	Chicken_rooster	Chicken_rooster	multimodal	True	True
20ysZc0Bp5o_10_20	7	9	Chicken_rooster	Chicken_rooster		multimodal	True	False
20ysZc0Bp5o_10_20	9	10	Chicken_rooster	Chicken_rooster	Chicken_rooster	multimodal	True	True
21-5dmhWaS0_1_11	0	1	Telephone_bell_ringing	Telephone_bell_ringing	Telephone_bell_ringing	multimodal	True	True
21-5dmhWaS0_1_11	1	2	Telephone_bell_ringing	Telephone_bell_ringing		multimodal	True	False
21-5dmhWaS0_1_11	2	3	Telephone_bell_ringing	Telephone_bell_ringing	Telephone_bell_ringing	multimodal	True	True
21-5dmhWaS0_1_11	3	5	Telephone_bell_ringing	Telephone_bell_ringing		multimodal	True	False
21-5dmhWaS0_1_11	5	7	Telephone_bell_ringing	Telephone_bell_ringing	Telephone_bell_ringing	multimodal	True	True
21-5dmhWaS0_1_11	7	8	Telephone_bell_ringing	Telephone_bell_ringing		multimodal	True	False
21-5dmhWaS0_1_11	8	10	Telephone_bell_ringing	Telephone_bell_ringing	Telephone_bell_ringing	multimodal	True	True
28WMzKS8Mvg_40_50	0	10	Vacuum_cleaner	Vacuum_cleaner	Vacuum_cleaner	multimodal	True	True
28c_azOmujY_20_30	0	10	Vacuum_cleaner	Vacuum_cleaner	Vacuum_cleaner	multimodal	True	True
2D2rAWKavS0_29_39	0	10	Helicopter	Helicopter	Helicopter	multimodal	True	True
2GNao3a40A4_30_40	0	10	Car	Car	Car	multimodal	True	True
2GfYNfKtpK0_30_40	0	10	Chainsaw	Chainsaw	Chainsaw	multimodal	True	True
2Lg4zowpNxE_30_40	0	10	Vacuum_cleaner	Vacuum_cleaner	Vacuum_cleaner	multimodal	True	True
2Lv-dLVRsaI_30_40	0	4	Speech,Car	Car	Speech	multimodal	True	True
2Lv-dLVRsaI_30_40	4	7	Speech,Car	Car	Speech,Car	multimodal	True	True
2Lv-dLVRsaI_30_40	7	10	Car	Car	Car	multimodal	True	True
2M4NSG-8NVw_30_40	0	10	Accordion	Accordion	Accordion	multimodal	True	True
2MCyHJKRLYA_20_30	0	10	Singing,Cheering	Cheering	Singing,Cheering	multimodal	True	True
2NRDi8g-6Qk_200_210	0	5	Fire_alarm	Fire_alarm	Fire_alarm	multimodal	True	True
2NRDi8g-6Qk_200_210	5	10	Fire_alarm		Fire_alarm	multimodal	False	True
2Ntn4KCnUqc_100_110	0	3	Singing	Singing	Singing	multimodal	True	True
2Ntn4KCnUqc_100_110	3	4	Singing,Cheering	Singing	Singing,Cheering	multimodal	True	True
2Ntn4KCnUqc_100_110	4	10	Singing	Singing	Singing	multimodal	True	True
2OJw3xGALI4_60_70	0	10	Vacuum_cleaner	Vacuum_cleaner	Vacuum_cleaner	multimodal	True	True
2QB4g9ZeJmw_60_70	0	10	Cheering,Clapping	Cheering,Clapping	Cheering,Clapping	multimodal	True	True
2QCkooK5ZuY_30_40	0	1	Speech,Car	Car	Speech	multimodal	True	True
2QCkooK5ZuY_30_40	1	6	Speech,Car	Car,Speech	Speech	multimodal	True	True
2QCkooK5ZuY_30_40	6	10	Speech,Car	Car	Speech	multimodal	True	True
2S5nRkhDT9M_240_250	0	10	Accordion	Accordion	Accordion	multimodal	True	True
2TIrLDa9ilo_90_100	0	10	Singing	Singing	Singing	multimodal	True	True
2U6WeaRLEds_140_150	0	2	Blender	Blender	Blender	multimodal	True	True
2U6WeaRLEds_140_150	2	3	Speech,Blender	Blender,Speech	Speech,Blender	multimodal	True	True
2U6WeaRLEds_140_150	3	5	Speech,Blender	Blender,Speech	Speech	multimodal	True	True
2U6WeaRLEds_140_150	5	6	Blender	Blender	Blender	multimodal	True	True
2U6WeaRLEds_140_150	6	8	Speech,Blender	Blender,Speech	Speech,Blender	multimodal	True	True
2U6WeaRLEds_140_150	8	9	Blender	Blender		multimodal	True	False
2U6WeaRLEds_140_150	9	10	Speech,Blender	Blender,Speech	Speech	multimodal	True	True
2U6aYsjc1UM_130_140	0	1	Speech,Blender	Blender,Speech	Speech	multimodal	True	True
2U6aYsjc1UM_130_140	1	3	Speech,Blender	Blender,Speech	Speech,Blender	multimodal	True	True
2U6aYsjc1UM_130_140	3	6	Speech,Blender	Blender,Speech	Speech	multimodal	True	True
2U6aYsjc1UM_130_140	6	7	Speech,Blender	Blender,Speech	Speech,Blender	multimodal	True	True
2U6aYsjc1UM_130_140	7	9	Blender	Blender	Blender	multimodal	True	True
2U6aYsjc1UM_130_140	9	10	Speech,Blender	Blender,Speech	Speech,Blender	multimodal	True	True
2UZmUuUPqr8_90_100	0	6	Frying_(food)	Frying_(food)	Frying_(food)	multimodal	True	True
2UZmUuUPqr8_90_100	6	10	Speech,Frying_(food)	Frying_(food)	Frying_(food),Speech	multimodal	True	True
2UjAPgJudZU_100_110	0	10	Car	Car	Car	multimodal	True	True
2UmXe6lOblE_30_40	0	3	Car	Car	Car	multimodal	True	True
2UmXe6lOblE_30_40	3	7	Speech,Car	Car	Car,Speech	multimodal	True	True
2UmXe6lOblE_30_40	7	10	Car	Car	Car	multimodal	True	True
2UqkPdlcL9M_160_170	0	1	Car	Car	Car	multimodal	True	True
2UqkPdlcL9M_160_170	1	8	Speech,Car	Car	Speech,Car	multimodal	True	True
2UqkPdlcL9M_160_170	8	10	Car		Car	multimodal	False	True
2UuUxUmhugo_0_10	0	10	Chainsaw	Chainsaw	Chainsaw	multimodal	True	True
2VBTz0clX0U_60_70	0	3	Singing,Violin_fiddle,Cello	Violin_fiddle,Cello,Singing	Singing,Cello,Violin_fiddle	multimodal	True	True
2VBTz0clX0U_60_70	3	6	Singing,Violin_fiddle,Cello	Violin_fiddle,Cello,Singing	Singing	multimodal	True	True
2VBTz0clX0U_60_70	6	10	Singing,Violin_fiddle,Cello	Violin_fiddle,Cello,Singing	Singing,Cello,Violin_fiddle	multimodal	True	True
2WjjywPOwuE_10_20	0	2	Basketball_bounce,Speech	Basketball_bounce	Basketball_bounce,Speech	multimodal	True	True
2WjjywPOwuE_10_20	2	5	Basketball_bounce	Basketball_bounce	Basketball_bounce	multimodal	True	True
2WjjywPOwuE_10_20	5	6	Basketball_bounce,Speech	Basketball_bounce	Basketball_bounce,Speech	multimodal	True	True
2WjjywPOwuE_10_20	6	10	Basketball_bounce	Basketball_bounce	Basketball_bounce	multimodal	True	True
2YJMfQdcVhY_180_190	0	2	Fire_alarm	Fire_alarm	Fire_alarm	multimodal	True	True
2YJMfQdcVhY_180_190	2	3	Fire_alarm		Fire_alarm	multimodal	False	True
2YJMfQdcVhY_180_190	3	4	Fire_alarm,Speech		Fire_alarm,Speech	multimodal	False	True
2YJMfQdcVhY_180_190	4	8	Fire_alarm,Speech,Cat	Cat	Fire_alarm,Speech	multimodal	True	True
2YJMfQdcVhY_180_190	8	9	Fire_alarm,Speech		Fire_alarm,Speech	multimodal	False	True
2YJMfQdcVhY_180_190	9	10	Fire_alarm		Fire_alarm	multimodal	False	True
2YMj5Li-_mU_140_150	0	8	Speech,Car	Car	Car,Speech	multimodal	True	True
2YMj5Li-_mU_140_150	8	9	Car	Car	Car	multimodal	True	True
2YMj5Li-_mU_140_150	9	10	Speech,Car	Car	Car,Speech	multimodal	True	True
2ZVFpnkD35M_10_20	0	10	Singing,Car	Car	Singing	multimodal	True	True
2_AFIyj9N_I_120_130	0	6	Singing		Singing	multimodal	False	True
2_AFIyj9N_I_120_130	6	10	Singing	Singing	Singing	multimodal	True	True
2aZlrW4h7Do_20_30	0	10	Singing	Singing	Singing	multimodal	True	True
2cxmB7Zx6Po_4_14	0	9	Speech,Car	Car	Speech	multimodal	True	True
2d8NZkctxm8_30_40	0	3	Speech,Car	Car	Speech,Car	multimodal	True	True
2d8NZkctxm8_30_40	3	6	Speech,Car	Car,Speech	Speech,Car	multimodal	True	True
2d8NZkctxm8_30_40	6	10	Speech,Car	Car	Speech,Car	multimodal	True	True
2dBLvucCdj4_160_170	0	1	Cat	Cat	Cat	multimodal	True	True
2dBLvucCdj4_160_170	1	4	Baby_laughter,Cat	Cat,Baby_laughter	Cat,Baby_laughter	multimodal	True	True
2dBLvucCdj4_160_170	4	7	Speech,Cat	Cat,Speech	Cat,Speech	multimodal	True	True
2dBLvucCdj4_160_170	7	8	Baby_laughter,Cat	Cat,Baby_laughter	Cat,Baby_laughter	multimodal	True	True
2dBLvucCdj4_160_170	8	10	Speech,Cat	Cat,Speech	Cat,Speech	multimodal	True	True
2dih3AAlObo_10_20	0	1	Speech		Speech	multimodal	False	True
2dih3AAlObo_10_20	1	2	Basketball_bounce,Speech	Basketball_bounce	Basketball_bounce,Speech	multimodal	True	True
2dih3AAlObo_10_20	2	4	Speech		Speech	multimodal	False	True
2dih3AAlObo_10_20	4	5	Basketball_bounce,Speech	Basketball_bounce	Basketball_bounce,Speech	multimodal	True	True
2dih3AAlObo_10_20	5	6	Speech		Speech	multimodal	False	True
2dih3AAlObo_10_20	6	7	Basketball_bounce	Basketball_bounce	Basketball_bounce	multimodal	True	True
2eCf9vVEnX8_19_29	0	4	Car	Car	Car	multimodal	True	True
2eCf9vVEnX8_19_29	4	6	Car	Car		multimodal	True	False
2eCf9vVEnX8_19_29	6	9	Speech		Speech	multimodal	False	True
2faB83bZ0B4_80_90	0	3	Singing		Singing	multimodal	False	True
2faB83bZ0B4_80_90	3	7	Singing	Singing	Singing	multimodal	True	True
2faB83bZ0B4_80_90	7	8	Singing		Singing	multimodal	False	True
2faB83bZ0B4_80_90	8	10	Singing	Singing	Singing	multimodal	True	True
2h_AK0OQ42o_30_40	0	1	Speech,Car	Car	Car,Speech	multimodal	True	True
2h_AK0OQ42o_30_40	1	2	Car	Car	Car	multimodal	True	True
2h_AK0OQ42o_30_40	2	9	Speech,Car	Car	Car,Speech	multimodal	True	True
2h_AK0OQ42o_30_40	9	10	Car	Car	Car	multimodal	True	True
2i82jVZy1pk_100_110	4	8	Baby_laughter	Baby_laughter	Baby_laughter	multimodal	True	True
2j2c4g39q14_60_70	0	4	Speech	Speech	Speech	multimodal	True	True
2j2c4g39q14_60_70	4	6	Speech,Cheering	Speech	Speech,Cheering	multimodal	True	True
2j2c4g39q14_60_70	6	7	Cheering		Cheering	multimodal	False	True
2j2c4g39q14_60_70	7	10	Speech	Speech	Speech	multimodal	True	True
2jQwv1d0DyU_30_40	0	10	Vacuum_cleaner	Vacuum_cleaner	Vacuum_cleaner	multimodal	True	True
2jb3oGyRnWg_30_40	0	4	Car	Car	Car	multimodal	True	True
2jb3oGyRnWg_30_40	4	6	Speech,Car	Car	Car,Speech	multimodal	True	True
2jb3oGyRnWg_30_40	6	10	Car	Car	Car	multimodal	True	True
2jzZGsHGIGg_30_40	0	2	Motorcycle	Motorcycle	Motorcycle	multimodal	True	True
2jzZGsHGIGg_30_40	2	7	Car,Motorcycle	Motorcycle,Car	Motorcycle,Car	multimodal	True	True
2jzZGsHGIGg_30_40	7	8	Car,Motorcycle	Motorcycle	Motorcycle,Car	multimodal	True	True
2jzZGsHGIGg_30_40	8	9	Motorcycle	Motorcycle	Motorcycle	multimodal	True	True
2jzZGsHGIGg_30_40	9	10	Car,Motorcycle	Motorcycle,Car	Motorcycle,Car	multimodal	True	True
2kdeC1hA1hc_26_36	0	10	Chicken_rooster	Chicken_rooster	Chicken_rooster	multimodal	True	True
2macpFUgV7g_70_80	0	1	Fire_alarm,Speech	Fire_alarm	Fire_alarm,Speech	multimodal	True	True
2macpFUgV7g_70_80	1	2	Fire_alarm,Speech	Fire_alarm	Speech	multimodal	True	True
2macpFUgV7g_70_80	2	3	Fire_alarm,Speech	Fire_alarm	Fire_alarm,Speech	multimodal	True	True
2macpFUgV7g_70_80	3	5	Fire_alarm,Speech		Fire_alarm,Speech	multimodal	False	True
2macpFUgV7g_70_80	5	6	Speech		Speech	multimodal	False	True
2macpFUgV7g_70_80	6	8	Fire_alarm,Speech		Fire_alarm,Speech	multimodal	False	True
2macpFUgV7g_70_80	8	9	Fire_alarm		Fire_alarm	multimodal	False	True
2o7p139v9n4_20_30	0	1	Speech,Car	Car	Car,Speech	multimodal	True	True
2o7p139v9n4_20_30	1	10	Car	Car	Car	multimodal	True	True
2oBqMCzlIKI_50_60	0	6	Vacuum_cleaner	Vacuum_cleaner	Vacuum_cleaner	multimodal	True	True
2oBqMCzlIKI_50_60	6	8	Vacuum_cleaner		Vacuum_cleaner	multimodal	False	True
2oBqMCzlIKI_50_60	8	10	Vacuum_cleaner,Speech	Vacuum_cleaner,Speech	Speech,Vacuum_cleaner	multimodal	True	True
2okJDQuTVF4_30_40	0	10	Helicopter	Helicopter	Helicopter	multimodal	True	True
2orWqNIpHOc_16_26	0	10	Car	Car	Car	multimodal	True	True
2ostuog9wxQ_30_40	1	3	Cheering,Clapping	Cheering,Clapping	Cheering	multimodal	True	True
2ostuog9wxQ_30_40	3	8	Cheering,Clapping	Cheering,Clapping	Cheering,Clapping	multimodal	True	True
2ostuog9wxQ_30_40	8	9	Cheering,Clapping	Cheering	Cheering,Clapping	multimodal	True	True
2ostuog9wxQ_30_40	9	10	Speech,Cheering,Clapping		Cheering,Speech,Clapping	multimodal	False	True
2pUldlC4Pwc_30_40	0	1	Basketball_bounce,Speech,Car	Car,Basketball_bounce	Speech	multimodal	True	True
2pUldlC4Pwc_30_40	1	5	Speech,Car	Car	Speech	multimodal	True	True
2pUldlC4Pwc_30_40	5	6	Car	Car		multimodal	True	False
2pUldlC4Pwc_30_40	6	7	Basketball_bounce,Speech,Car	Car,Speech,Basketball_bounce	Speech	multimodal	True	True
2pUldlC4Pwc_30_40	7	10	Speech,Car	Car,Speech	Speech	multimodal	True	True
2rk3CP0wyTE_30_40	0	10	Frying_(food)	Frying_(food)	Frying_(food)	multimodal	True	True
2syCCpacVu0_30_40	0	10	Violin_fiddle,Cello	Cello,Violin_fiddle	Cello,Violin_fiddle	multimodal	True	True
2t-wNPg6_hw_110_120	0	10	Violin_fiddle,Cello	Cello,Violin_fiddle	Cello,Violin_fiddle	multimodal	True	True
2u1uhPJjG0E_130_140	0	1	Speech,Frying_(food)	Frying_(food)	Frying_(food),Speech	multimodal	True	True
2u1uhPJjG0E_130_140	1	10	Frying_(food)	Frying_(food)	Frying_(food)	multimodal	True	True
2uAcTbCSTOg_20_30	0	1	Basketball_bounce	Basketball_bounce	Basketball_bounce	multimodal	True	True
2uAcTbCSTOg_20_30	3	5	Basketball_bounce	Basketball_bounce	Basketball_bounce	multimodal	True	True
2uAcTbCSTOg_20_30	8	10	Basketball_bounce	Basketball_bounce	Basketball_bounce	multimodal	True	True
2uNBP5Bm2to_30_40	0	2	Speech,Car	Car	Car,Speech	multimodal	True	True
2uNBP5Bm2to_30_40	2	10	Car	Car	Car	multimodal	True	True
2uYwx8DBmLc_140_150	0	5	Blender	Blender	Blender	multimodal	True	True
2uYwx8DBmLc_140_150	5	6	Speech,Blender	Blender	Blender,Speech	multimodal	True	True
2uYwx8DBmLc_140_150	6	7	Speech,Blender	Blender	Speech	multimodal	True	True
2uYwx8DBmLc_140_150	7	8	Speech,Blender	Blender	Blender,Speech	multimodal	True	True
2uYwx8DBmLc_140_150	8	9	Blender	Blender	Blender	multimodal	True	True
2uYwx8DBmLc_140_150	9	10	Speech,Blender	Blender	Blender,Speech	multimodal	True	True
2vUXdUrqSj0_70_80	0	8	Singing,Cheering		Singing,Cheering	multimodal	False	True
2vUXdUrqSj0_70_80	8	10	Singing,Cheering	Singing	Singing,Cheering	multimodal	True	True
2vqn1vRl-No_30_40	0	10	Chainsaw	Chainsaw	Chainsaw	multimodal	True	True
2vxm0s-RdOY_260_270	0	1	Cheering		Cheering	multimodal	False	True
2vxm0s-RdOY_260_270	1	2	Cheering,Clapping		Cheering,Clapping	multimodal	False	True
2vxm0s-RdOY_260_270	2	3	Speech,Cheering,Clapping		Cheering,Speech,Clapping	multimodal	False	True
2vxm0s-RdOY_260_270	3	4	Speech,Clapping		Speech,Clapping	multimodal	False	True
2vxm0s-RdOY_260_270	4	7	Basketball_bounce,Speech,Clapping	Basketball_bounce	Speech,Clapping	multimodal	True	True
2vxm0s-RdOY_260_270	7	9	Speech,Clapping		Speech,Clapping	multimodal	False	True
2vxm0s-RdOY_260_270	9	10	Speech		Speech	multimodal	False	True
2yWbTuh3Tsk_130_140	0	10	Car	Car	Car	multimodal	True	True
2yanV6gJNV0_0_10	0	8	Speech,Car	Speech,Car	Speech,Car	multimodal	True	True
2yanV6gJNV0_0_10	8	10	Car	Car	Car	multimodal	True	True
2z8v0R3dq44_20_30	0	2	Basketball_bounce,Speech	Basketball_bounce	Basketball_bounce,Speech	multimodal	True	True
2z8v0R3dq44_20_30	2	3	Basketball_bounce	Basketball_bounce	Basketball_bounce	multimodal	True	True
2z8v0R3dq44_20_30	3	4	Basketball_bounce,Cheering	Basketball_bounce	Basketball_bounce,Cheering	multimodal	True	True
2z8v0R3dq44_20_30	4	5	Speech,Cheering,Clapping	Cheering	Cheering,Clapping,Speech	multimodal	True	True
2z8v0R3dq44_20_30	5	6	Speech,Basketball_bounce,Cheering,Clapping	Basketball_bounce,Cheering,Clapping	Cheering,Clapping,Speech	multimodal	True	True
2z8v0R3dq44_20_30	6	7	Speech,Cheering,Clapping	Cheering,Clapping	Cheering,Clapping,Speech	multimodal	True	True
2z8v0R3dq44_20_30	7	10	Cheering,Clapping		Cheering,Clapping	multimodal	False	True
3-BAZ9IRM1s_530_540	0	10	Vacuum_cleaner	Vacuum_cleaner	Vacuum_cleaner	multimodal	True	True
3-Zuj5gO60g_5_15	0	10	Dog	Dog	Dog	multimodal	True	True
3-uc0WWeHtc_70_80	0	10	Singing,Cheering,Acoustic_guitar,Clapping	Acoustic_guitar,Singing,Cheering	Acoustic_guitar,Singing,Clapping,Cheering	multimodal	True	True
30I48iihzy8_30_40	0	10	Chicken_rooster	Chicken_rooster	Chicken_rooster	multimodal	True	True
31ZR-LROPaE_30_40	0	3	Car	Car	Car	multimodal	True	True
31ZR-LROPaE_30_40	3	6	Speech,Car	Car	Car,Speech	multimodal	True	True
31ZR-LROPaE_30_40	6	7	Car	Car	Car	multimodal	True	True
31ZR-LROPaE_30_40	7	8	Speech,Car	Car	Car,Speech	multimodal	True	True
31ZR-LROPaE_30_40	8	10	Car	Car	Car	multimodal	True	True
31iv4K9G_4E_30_40	0	10	Speech,Car	Car	Car,Speech	multimodal	True	True
32HDt9nk9io_22_32	0	2	Car	Car	Car	multimodal	True	True
32HDt9nk9io_22_32	2	4	Speech,Car	Car	Car,Speech	multimodal	True	True
32HDt9nk9io_22_32	4	6	Car	Car	Car	multimodal	True	True
32HDt9nk9io_22_32	6	7	Speech,Car	Car	Car,Speech	multimodal	True	True
32HDt9nk9io_22_32	7	9	Car	Car	Car	multimodal	True	True
33SlPXN3NPk_0_10	0	10	Chainsaw	Chainsaw	Chainsaw	multimodal	True	True
35Id1r22ypE_30_40	0	10	Car	Car	Car	multimodal	True	True
36vbgLgd4t8_80_90	1	3	Cheering	Cheering	Cheering	multimodal	True	True
36vbgLgd4t8_80_90	4	6	Cheering	Cheering	Cheering	multimodal	True	True
36vbgLgd4t8_80_90	7	9	Cheering		Cheering	multimodal	False	True
36vbgLgd4t8_80_90	9	10	Cheering	Cheering	Cheering	multimodal	True	True
37JtYiS-_E4_90_100	0	10	Violin_fiddle,Cello	Violin_fiddle,Cello	Violin_fiddle,Cello	multimodal	True	True
37hqUFpvl6A_30_40	0	3	Baby_laughter	Baby_laughter	Baby_laughter	multimodal	True	True
37hqUFpvl6A_30_40	4	5	Speech		Speech	multimodal	False	True
37hqUFpvl6A_30_40	6	10	Baby_laughter	Baby_laughter	Baby_laughter	multimodal	True	True
37whM1O5Yy4_130_140	2	3	Basketball_bounce		Basketball_bounce	multimodal	False	True
37whM1O5Yy4_130_140	4	5	Basketball_bounce	Basketball_bounce	Basketball_bounce	multimodal	True	True
37whM1O5Yy4_130_140	8	10	Clapping		Clapping	multimodal	False	True
38QzYOWXjM4_21_31	0	1	Speech		Speech	multimodal	False	True
38QzYOWXjM4_21_31	1	2	Speech,Car	Car	Speech	multimodal	True	True
38QzYOWXjM4_21_31	2	3	Speech,Car	Car	Speech	multimodal	True	True
38QzYOWXjM4_21_31	3	4	Speech		Speech	multimodal	False	True
38QzYOWXjM4_21_31	4	9	Speech	Speech	Speech	multimodal	True	True
38_sexPaGyc_30_40	0	4	Singing,Speech,Car	Car	Singing,Car,Speech	multimodal	True	True
38_sexPaGyc_30_40	4	5	Singing,Car	Car	Singing,Car	multimodal	True	True
38_sexPaGyc_30_40	5	10	Singing,Speech,Car	Car	Singing,Car,Speech	multimodal	True	True
38d1p_pi1Bs_190_200	0	7	Speech		Speech	multimodal	False	True
38d1p_pi1Bs_190_200	7	9	Basketball_bounce	Basketball_bounce	Basketball_bounce	multimodal	True	True
38d1p_pi1Bs_190_200	9	10	Speech		Speech	multimodal	False	True
38lBhABkGbA_50_60	0	10	Cheering,Clapping	Clapping,Cheering	Clapping,Cheering	multimodal	True	True
39KgkK23Zmk_0_10	0	3	Speech,Cello,Banjo,Acoustic_guitar	Speech,Cello,Banjo,Acoustic_guitar	Speech,Acoustic_guitar,Speech	multimodal	True	True
39KgkK23Zmk_0_10	3	4	Cello,Banjo,Acoustic_guitar	Cello,Banjo,Acoustic_guitar		multimodal	True	False
39KgkK23Zmk_0_10	4	9	Speech,Cello,Banjo,Acoustic_guitar	Speech,Cello,Banjo,Acoustic_guitar	Speech,Speech	multimodal	True	True
39KgkK23Zmk_0_10	9	10	Cello,Banjo,Acoustic_guitar	Cello,Banjo,Acoustic_guitar	Acoustic_guitar	multimodal	True	True
3AZw1zRDdcE_170_180	0	2	Frying_(food)	Frying_(food)	Frying_(food)	multimodal	True	True
3AZw1zRDdcE_170_180	2	8	Speech,Frying_(food)	Frying_(food)	Frying_(food),Speech	multimodal	True	True
3AZw1zRDdcE_170_180	8	10	Frying_(food)	Frying_(food)	Frying_(food)	multimodal	True	True
3C1EACXWbnM_140_150	0	7	Speech,Chainsaw	Chainsaw	Chainsaw,Speech	multimodal	True	True
3C1EACXWbnM_140_150	7	10	Chainsaw	Chainsaw	Chainsaw	multimodal	True	True
3CBZqO2vioI_150_160	0	1	Singing,Cheering	Cheering	Cheering,Singing	multimodal	True	True
3CBZqO2vioI_150_160	1	3	Singing,Cheering,Clapping	Cheering,Clapping	Cheering,Clapping,Singing	multimodal	True	True
3CBZqO2vioI_150_160	3	4	Singing,Cheering,Clapping	Cheering	Cheering,Clapping,Singing	multimodal	True	True
3CBZqO2vioI_150_160	4	10	Singing,Cheering	Cheering	Cheering,Singing	multimodal	True	True
3D8mfbjSp4w_8_18	0	6	Speech,Car	Car	Car,Speech	multimodal	True	True
3D8mfbjSp4w_8_18	6	9	Car	Car	Car	multimodal	True	True
3D8mfbjSp4w_8_18	9	10	Car	Car		multimodal	True	False
3ERn2kwnfA4_2_12	0	2	Speech,Car	Car	Speech	multimodal	True	True
3ERn2kwnfA4_2_12	2	5	Car	Car		multimodal	True	False
3ERn2kwnfA4_2_12	5	10	Speech,Car	Car	Speech	multimodal	True	True
3F2x54nOz6g_30_40	0	2	Car	Car	Car	multimodal	True	True
3F2x54nOz6g_30_40	2	3	Speech,Car	Car	Car,Speech	multimodal	True	True
3F2x54nOz6g_30_40	3	10	Car	Car	Car	multimodal	True	True
3F3bbl6t2_g_30_40	0	10	Violin_fiddle,Acoustic_guitar	Acoustic_guitar,Violin_fiddle	Acoustic_guitar,Violin_fiddle	multimodal	True	True
3FAtNPDE4ec_190_200	0	8	Vacuum_cleaner,Dog	Vacuum_cleaner,Dog	Vacuum_cleaner	multimodal	True	True
3FAtNPDE4ec_190_200	8	10	Vacuum_cleaner,Speech,Dog	Vacuum_cleaner,Dog	Vacuum_cleaner,Speech	multimodal	True	True
3FRbdOsd4m8_40_50	0	1	Speech,Banjo	Banjo	Banjo,Speech	multimodal	True	True
3FRbdOsd4m8_40_50	1	10	Banjo	Banjo	Banjo	multimodal	True	True
3GzSX64mz9A_120_130	0	1	Speech,Frying_(food)	Frying_(food)	Speech,Frying_(food)	multimodal	True	True
3GzSX64mz9A_120_130	1	2	Frying_(food)	Frying_(food)	Frying_(food)	multimodal	True	True
3GzSX64mz9A_120_130	2	3	Speech,Frying_(food)	Frying_(food)	Speech,Frying_(food)	multimodal	True	True
3GzSX64mz9A_120_130	3	5	Frying_(food)	Frying_(food)	Frying_(food)	multimodal	True	True
3GzSX64mz9A_120_130	5	7	Speech,Frying_(food)	Frying_(food)	Speech,Frying_(food)	multimodal	True	True
3GzSX64mz9A_120_130	7	8	Frying_(food)	Frying_(food)	Frying_(food)	multimodal	True	True
3GzSX64mz9A_120_130	8	10	Speech,Frying_(food)	Frying_(food)	Speech,Frying_(food)	multimodal	True	True
3IVP5Gna8sI_30_40	0	6	Car	Car	Car	multimodal	True	True
3IVP5Gna8sI_30_40	6	10	Speech,Car	Car	Car,Speech	multimodal	True	True
3JYZ7Ge0ETE_27_37	0	6	Car	Car	Car	multimodal	True	True
3K0ud-1Qk9c_60_70	0	10	Violin_fiddle,Banjo	Violin_fiddle,Banjo	Violin_fiddle,Banjo	multimodal	True	True
3KwxaHZD2yU_220_230	0	2	Cheering	Cheering	Cheering	multimodal	True	True
3KwxaHZD2yU_220_230	2	4	Cheering,Clapping	Cheering,Clapping	Cheering,Clapping	multimodal	True	True
3KwxaHZD2yU_220_230	4	10	Cheering,Clapping	Cheering	Cheering,Clapping	multimodal	True	True
3MO-mchYrHA_30_40	0	2	Car	Car	Car	multimodal	True	True
3MO-mchYrHA_30_40	2	5	Car		Car	multimodal	False	True
3MO-mchYrHA_30_40	5	10	Car	Car	Car	multimodal	True	True
3QBBpzE3_Qk_90_100	0	1	Motorcycle,Car	Car	Motorcycle	multimodal	True	True
3QBBpzE3_Qk_90_100	1	2	Speech,Motorcycle,Car	Car,Speech	Speech,Motorcycle	multimodal	True	True
3QBBpzE3_Qk_90_100	2	4	Motorcycle,Car	Car	Motorcycle	multimodal	True	True
3QBBpzE3_Qk_90_100	4	5	Speech,Motorcycle,Car	Car,Speech	Speech,Motorcycle	multimodal	True	True
3QBBpzE3_Qk_90_100	5	9	Motorcycle,Car	Car	Motorcycle	multimodal	True	True
3QBBpzE3_Qk_90_100	9	10	Motorcycle,Car	Car,Motorcycle	Motorcycle	multimodal	True	True
3RIFPfcoHEM_20_30	0	2	Speech		Speech	multimodal	False	True
3RIFPfcoHEM_20_30	4	6	Basketball_bounce	Basketball_bounce	Basketball_bounce	multimodal	True	True
3RIFPfcoHEM_20_30	6	10	Basketball_bounce,Speech	Basketball_bounce	Basketball_bounce,Speech	multimodal	True	True
3TtTUhlMu7I_10_20	0	2	Basketball_bounce,Speech	Basketball_bounce	Speech	multimodal	True	True
3TtTUhlMu7I_10_20	2	3	Basketball_bounce	Basketball_bounce		multimodal	True	False
3TtTUhlMu7I_10_20	3	4	Basketball_bounce,Speech	Basketball_bounce	Speech	multimodal	True	True
3TtTUhlMu7I_10_20	4	7	Speech		Speech	multimodal	False	True
3TtTUhlMu7I_10_20	7	8	Basketball_bounce,Speech	Basketball_bounce	Speech	multimodal	True	True
3TtTUhlMu7I_10_20	8	9	Speech		Speech	multimodal	False	True
3TtTUhlMu7I_10_20	9	10	Basketball_bounce,Speech	Basketball_bounce	Speech	multimodal	True	True
3UKgtbHjTBo_60_70	0	5	Singing,Acoustic_guitar	Acoustic_guitar,Singing	Acoustic_guitar,Singing	multimodal	True	True
3UKgtbHjTBo_60_70	5	7	Acoustic_guitar	Acoustic_guitar	Acoustic_guitar	multimodal	True	True
3UKgtbHjTBo_60_70	7	10	Singing,Acoustic_guitar	Acoustic_guitar,Singing	Acoustic_guitar,Singing	multimodal	True	True
3_MU0ugzqKI_16_26	0	6	Motorcycle	Motorcycle	Motorcycle	multimodal	True	True
3_MU0ugzqKI_16_26	6	9	Motorcycle		Motorcycle	multimodal	False	True
3aHPlaGoyaA_30_40	0	9	Speech	Speech	Speech	multimodal	True	True
3aHPlaGoyaA_30_40	9	10	Speech,Cheering,Clapping	Speech	Speech,Clapping,Cheering	multimodal	True	True
3aO1wVxQhUk_590_600	0	1	Speech	Speech	Speech	multimodal	True	True
3aO1wVxQhUk_590_600	1	4	Speech,Cheering	Speech,Cheering	Speech	multimodal	True	True
3aO1wVxQhUk_590_600	4	8	Clapping	Clapping	Clapping	multimodal	True	True
3aO1wVxQhUk_590_600	8	10	Clapping		Clapping	multimodal	False	True
3c70Lv8GH48_90_100	0	1	Singing,Acoustic_guitar	Acoustic_guitar,Singing	Singing	multimodal	True	True
3c70Lv8GH48_90_100	1	4	Singing,Acoustic_guitar	Acoustic_guitar,Singing	Singing,Acoustic_guitar	multimodal	True	True
3c70Lv8GH48_90_100	4	10	Acoustic_guitar	Acoustic_guitar	Acoustic_guitar	multimodal	True	True
3dKj3OZw7OY_60_70	0	1	Basketball_bounce,Speech,Cheering	Basketball_bounce	Speech,Cheering	multimodal	True	True
3dKj3OZw7OY_60_70	1	2	Basketball_bounce,Speech,Cheering	Basketball_bounce	Basketball_bounce,Speech,Cheering	multimodal	True	True
3dKj3OZw7OY_60_70	2	3	Basketball_bounce,Speech,Cheering	Basketball_bounce	Speech,Cheering	multimodal	True	True
3dKj3OZw7OY_60_70	3	4	Basketball_bounce,Speech,Cheering	Basketball_bounce	Basketball_bounce,Speech,Cheering	multimodal	True	True
3dKj3OZw7OY_60_70	4	6	Basketball_bounce,Speech,Cheering	Basketball_bounce	Speech,Cheering	multimodal	True	True
3dKj3OZw7OY_60_70	6	10	Basketball_bounce,Speech,Cheering	Basketball_bounce	Basketball_bounce,Speech,Cheering	multimodal	True	True
3erZlRYYru8_140_150	0	3	Singing	Singing	Singing	multimodal	True	True
3erZlRYYru8_140_150	3	10	Singing		Singing	multimodal	False	True
3gf7VphLu4A_30_40	0	9	Violin_fiddle,Cheering,Acoustic_guitar,Clapping	Acoustic_guitar,Violin_fiddle	Acoustic_guitar,Violin_fiddle,Clapping,Cheering	multimodal	True	True
3gf7VphLu4A_30_40	9	10	Cheering,Violin_fiddle,Acoustic_guitar,Singing,Clapping	Acoustic_guitar,Violin_fiddle,Singing	Acoustic_guitar,Violin_fiddle,Clapping,Cheering,Singing	multimodal	True	True
3kUHtnaD2-Y_0_10	0	1	Basketball_bounce,Speech	Basketball_bounce	Basketball_bounce,Speech	multimodal	True	True
3kUHtnaD2-Y_0_10	1	10	Speech		Speech	multimodal	False	True
3oZLoVYIHFQ_50_60	0	3	Vacuum_cleaner	Vacuum_cleaner	Vacuum_cleaner	multimodal	True	True
3oZLoVYIHFQ_50_60	3	5	Vacuum_cleaner		Vacuum_cleaner	multimodal	False	True
3oZLoVYIHFQ_50_60	5	7	Vacuum_cleaner	Vacuum_cleaner	Vacuum_cleaner	multimodal	True	True
3oZLoVYIHFQ_50_60	7	9	Vacuum_cleaner		Vacuum_cleaner	multimodal	False	True
3oZLoVYIHFQ_50_60	9	10	Vacuum_cleaner	Vacuum_cleaner	Vacuum_cleaner	multimodal	True	True
3qFOzgoWALk_90_100	0	2	Baby_laughter	Baby_laughter	Baby_laughter	multimodal	True	True
3qFOzgoWALk_90_100	3	9	Baby_laughter	Baby_laughter	Baby_laughter	multimodal	True	True
3r9NflVxUQw_320_330	0	5	Blender	Blender		multimodal	True	False
3r9NflVxUQw_320_330	5	7	Blender	Blender	Blender	multimodal	True	True
3r9NflVxUQw_320_330	7	8	Blender	Blender		multimodal	True	False
3r9NflVxUQw_320_330	8	10	Blender	Blender	Blender	multimodal	True	True
3sZMw6BdA1Y_30_40	0	2	Baby_cry_infant_cry,Speech	Speech	Baby_cry_infant_cry	multimodal	True	True
3sZMw6BdA1Y_30_40	2	3	Baby_cry_infant_cry		Baby_cry_infant_cry	multimodal	False	True
3sZMw6BdA1Y_30_40	3	4	Speech	Speech		multimodal	True	False
3sZMw6BdA1Y_30_40	4	5	Baby_cry_infant_cry		Baby_cry_infant_cry	multimodal	False	True
3sZMw6BdA1Y_30_40	5	6	Baby_cry_infant_cry,Speech	Speech	Baby_cry_infant_cry	multimodal	True	True
3sZMw6BdA1Y_30_40	6	9	Baby_cry_infant_cry		Baby_cry_infant_cry	multimodal	False	True
3sZMw6BdA1Y_30_40	9	10	Baby_cry_infant_cry,Speech	Speech	Baby_cry_infant_cry	multimodal	True	True
3u96MxfeTVU_90_100	0	5	Singing,Cello,Banjo,Acoustic_guitar	Singing,Acoustic_guitar,Banjo,Cello	Singing,Acoustic_guitar,Banjo,Cello	multimodal	True	True
3u96MxfeTVU_90_100	5	10	Cello,Banjo,Acoustic_guitar	Acoustic_guitar,Banjo,Cello	Acoustic_guitar,Banjo,Cello	multimodal	True	True
3v7q1xTR2LQ_30_40	0	10	Baby_cry_infant_cry	Baby_cry_infant_cry	Baby_cry_infant_cry	multimodal	True	True
3xgysBvOy6s_280_290	0	4	Speech,Clapping	Clapping	Speech,Clapping	multimodal	True	True
3xgysBvOy6s_280_290	4	10	Speech		Speech	multimodal	False	True
3zWX4iDWwTE_30_40	0	4	Speech	Speech	Speech,Speech	multimodal	True	True
3zWX4iDWwTE_30_40	4	10	Basketball_bounce,Speech	Speech,Basketball_bounce	Speech,Speech,Basketball_bounce	multimodal	True	True
3zt3Z3qEJvw_110_120	0	3	Speech,Clapping		Speech,Clapping	multimodal	False	True
3zt3Z3qEJvw_110_120	3	4	Speech		Speech	multimodal	False	True
3zt3Z3qEJvw_110_120	4	5	Basketball_bounce,Speech	Basketball_bounce	Speech,Basketball_bounce	multimodal	True	True
3zt3Z3qEJvw_110_120	5	6	Speech		Speech	multimodal	False	True
3zt3Z3qEJvw_110_120	6	10	Speech	Speech	Speech	multimodal	True	True
4-LmoEML4vQ_440_450	0	10	Violin_fiddle,Cello	Violin_fiddle,Cello	Violin_fiddle,Cello	multimodal	True	True
4-b0IdcVTqw_20_30	0	10	Cheering	Cheering	Cheering	multimodal	True	True
403Hzy9-EsY_550_560	0	7	Speech,Cheering		Cheering,Speech	multimodal	False	True
403Hzy9-EsY_550_560	7	10	Speech,Cheering,Clapping	Clapping	Cheering,Speech,Clapping	multimodal	True	True
40PKn0gnPJA_170_180	0	1	Singing	Singing	Singing	multimodal	True	True
40PKn0gnPJA_170_180	1	5	Singing		Singing	multimodal	False	True
40PKn0gnPJA_170_180	5	6	Singing	Singing	Singing	multimodal	True	True
40PKn0gnPJA_170_180	6	8	Singing		Singing	multimodal	False	True
40PKn0gnPJA_170_180	8	9	Singing	Singing	Singing	multimodal	True	True
40PKn0gnPJA_170_180	9	10	Singing		Singing	multimodal	False	True
41TTeZMRpzs_30_40	0	3	Vacuum_cleaner,Dog	Dog,Vacuum_cleaner	Dog,Vacuum_cleaner	multimodal	True	True
41TTeZMRpzs_30_40	3	4	Vacuum_cleaner,Dog	Dog,Vacuum_cleaner	Vacuum_cleaner	multimodal	True	True
41TTeZMRpzs_30_40	4	5	Vacuum_cleaner,Dog	Dog	Vacuum_cleaner	multimodal	True	True
41TTeZMRpzs_30_40	5	8	Vacuum_cleaner,Speech,Dog	Dog	Vacuum_cleaner,Speech	multimodal	True	True
41TTeZMRpzs_30_40	8	10	Vacuum_cleaner,Dog	Dog	Vacuum_cleaner	multimodal	True	True
435H0Ai36E4_40_50	0	10	Vacuum_cleaner,Dog	Dog,Vacuum_cleaner	Vacuum_cleaner	multimodal	True	True
43JvH6ly2rc_240_250	0	4	Acoustic_guitar	Acoustic_guitar	Acoustic_guitar	multimodal	True	True
43JvH6ly2rc_240_250	4	6	Singing,Acoustic_guitar	Acoustic_guitar,Singing	Singing,Acoustic_guitar	multimodal	True	True
43JvH6ly2rc_240_250	6	7	Singing,Acoustic_guitar	Acoustic_guitar,Singing	Singing	multimodal	True	True
43JvH6ly2rc_240_250	7	9	Singing,Acoustic_guitar	Acoustic_guitar,Singing	Singing,Acoustic_guitar	multimodal	True	True
43JvH6ly2rc_240_250	9	10	Singing,Acoustic_guitar	Acoustic_guitar,Singing	Singing	multimodal	True	True
44ieR06LA9s_220_230	2	8	Singing	Singing	Singing	multimodal	True	True
44ieR06LA9s_220_230	8	10	Cheering		Cheering	multimodal	False	True
45wAIX6_eCo_100_110	0	2	Baby_laughter	Baby_laughter	Baby_laughter	multimodal	True	True
45wAIX6_eCo_100_110	3	4	Baby_laughter	Baby_laughter	Baby_laughter	multimodal	True	True
45wAIX6_eCo_100_110	5	8	Baby_laughter	Baby_laughter	Baby_laughter	multimodal	True	True
48iqWuaAkSU_140_150	0	10	Violin_fiddle,Cello	Violin_fiddle	Violin_fiddle,Cello	multimodal	True	True
49zutSfmZ2o_90_100	0	6	Singing,Acoustic_guitar	Acoustic_guitar,Singing	Acoustic_guitar,Singing	multimodal	True	True
49zutSfmZ2o_90_100	6	7	Acoustic_guitar	Acoustic_guitar	Acoustic_guitar	multimodal	True	True
49zutSfmZ2o_90_100	7	10	Singing,Acoustic_guitar	Acoustic_guitar,Singing	Acoustic_guitar,Singing	multimodal	True	True
4ANSBlG1pfs_60_70	0	5	Vacuum_cleaner,Speech	Vacuum_cleaner	Vacuum_cleaner,Speech	multimodal	True	True
4ANSBlG1pfs_60_70	5	6	Vacuum_cleaner,Speech	Vacuum_cleaner	Speech	multimodal	True	True
4ANSBlG1pfs_60_70	6	10	Vacuum_cleaner	Vacuum_cleaner		multimodal	True	False
4F6dZyeUQ7o_0_10	0	1	Chicken_rooster	Chicken_rooster		multimodal	True	False
4F6dZyeUQ7o_0_10	1	3	Chicken_rooster	Chicken_rooster	Chicken_rooster	multimodal	True	True
4F6dZyeUQ7o_0_10	3	5	Chicken_rooster	Chicken_rooster		multimodal	True	False
4F6dZyeUQ7o_0_10	5	10	Chicken_rooster	Chicken_rooster	Chicken_rooster	multimodal	True	True
4GsxyoB4aTc_490_500	1	3	Cheering		Cheering	multimodal	False	True
4GsxyoB4aTc_490_500	3	5	Speech		Speech	multimodal	False	True
4GsxyoB4aTc_490_500	5	6	Speech,Clapping		Speech,Clapping	multimodal	False	True
4GsxyoB4aTc_490_500	6	10	Speech,Clapping	Clapping	Speech,Clapping	multimodal	True	True
4HBpU0TRpYg_30_40	0	10	Motorcycle	Motorcycle	Motorcycle	multimodal	True	True
4HYZPiffsng_130_140	0	6	Singing	Singing	Singing	multimodal	True	True
4HYZPiffsng_130_140	6	9	Singing,Cheering	Singing	Singing,Cheering	multimodal	True	True
4HYZPiffsng_130_140	9	10	Singing	Singing	Singing	multimodal	True	True
4I7lDHX-3yw_30_40	0	10	Violin_fiddle,Cello	Violin_fiddle,Cello	Violin_fiddle,Cello	multimodal	True	True
4IVeDG3meqY_140_150	0	6	Lawn_mower	Lawn_mower	Lawn_mower	multimodal	True	True
4IVeDG3meqY_140_150	6	7	Lawn_mower	Lawn_mower		multimodal	True	False
4IVeDG3meqY_140_150	7	10	Speech,Lawn_mower	Lawn_mower	Speech	multimodal	True	True
4IXRJOyWD1c_190_200	0	2	Cello	Cello	Cello	multimodal	True	True
4IXRJOyWD1c_190_200	2	9	Singing,Cello	Singing,Cello	Singing,Cello	multimodal	True	True
4IXRJOyWD1c_190_200	9	10	Cello	Cello	Cello	multimodal	True	True
4LrIrsf0-RQ_60_70	0	3	Cheering		Cheering	multimodal	False	True
4LrIrsf0-RQ_60_70	3	5	Basketball_bounce	Basketball_bounce		multimodal	True	False
4LrIrsf0-RQ_60_70	5	6	Clapping		Clapping	multimodal	False	True
4LrIrsf0-RQ_60_70	6	8	Speech,Clapping		Clapping,Speech	multimodal	False	True
4LrIrsf0-RQ_60_70	8	9	Speech		Speech	multimodal	False	True
4LrIrsf0-RQ_60_70	9	10	Speech,Cheering		Speech,Cheering	multimodal	False	True
4O9rI-FpqLg_10_20	0	10	Speech,Cheering,Clapping	Cheering	Clapping,Speech	multimodal	True	True
4Q37R8tiQUo_370_380	0	2	Speech,Blender	Blender	Speech	multimodal	True	True
4Q37R8tiQUo_370_380	2	3	Speech,Blender	Blender	Speech,Blender	multimodal	True	True
4Q37R8tiQUo_370_380	3	6	Blender	Blender	Blender	multimodal	True	True
4Q37R8tiQUo_370_380	6	8	Blender	Blender		multimodal	True	False
4Q37R8tiQUo_370_380	8	10	Blender	Blender	Blender	multimodal	True	True
4YdbENYcIyE_23_33	0	4	Baby_cry_infant_cry	Baby_cry_infant_cry	Baby_cry_infant_cry	multimodal	True	True
4YdbENYcIyE_23_33	4	10	Baby_cry_infant_cry	Baby_cry_infant_cry		multimodal	True	False
4YevHVmj_Pw_20_30	0	1	Basketball_bounce,Speech	Basketball_bounce	Speech	multimodal	True	True
4YevHVmj_Pw_20_30	1	2	Basketball_bounce	Basketball_bounce		multimodal	True	False
4YevHVmj_Pw_20_30	2	8	Basketball_bounce,Speech	Basketball_bounce	Speech	multimodal	True	True
4YevHVmj_Pw_20_30	8	10	Speech,Cheering,Clapping	Cheering,Clapping	Speech,Cheering,Clapping	multimodal	True	True
4Z9beOADIII_160_170	0	2	Speech		Speech	multimodal	False	True
4Z9beOADIII_160_170	2	3	Basketball_bounce,Speech	Basketball_bounce	Speech	multimodal	True	True
4Z9beOADIII_160_170	7	8	Cheering,Clapping	Clapping	Cheering	multimodal	True	True
4Z9beOADIII_160_170	8	9	Speech,Clapping	Clapping	Speech	multimodal	True	True
4Z9beOADIII_160_170	9	10	Speech		Speech	multimodal	False	True
4bSKwakkWIE_0_10	0	1	Chicken_rooster	Chicken_rooster		multimodal	True	False
4bSKwakkWIE_0_10	1	10	Chicken_rooster	Chicken_rooster	Chicken_rooster	multimodal	True	True
4c4B-5YpkVc_370_380	0	10	Helicopter	Helicopter	Helicopter	multimodal	True	True
4dG9F_XdFR4_200_210	0	4	Telephone_bell_ringing	Telephone_bell_ringing	Telephone_bell_ringing	multimodal	True	True
4dG9F_XdFR4_200_210	4	8	Speech,Telephone_bell_ringing	Telephone_bell_ringing	Speech,Telephone_bell_ringing	multimodal	True	True
4dG9F_XdFR4_200_210	8	10	Speech,Telephone_bell_ringing	Telephone_bell_ringing	Speech	multimodal	True	True
4ejLeuJcmoQ_25_35	0	10	Helicopter	Helicopter	Helicopter	multimodal	True	True
4gZQO_9-HPI_330_340	0	5	Speech,Frying_(food)	Frying_(food)	Frying_(food),Speech	multimodal	True	True
4gZQO_9-HPI_330_340	5	8	Frying_(food)	Frying_(food)	Frying_(food)	multimodal	True	True
4gZQO_9-HPI_330_340	8	9	Speech,Frying_(food)	Frying_(food)	Frying_(food),Speech	multimodal	True	True
4gZQO_9-HPI_330_340	9	10	Frying_(food)	Frying_(food)	Frying_(food)	multimodal	True	True
4hrI2M7j8WA_30_40	0	9	Baby_cry_infant_cry	Baby_cry_infant_cry	Baby_cry_infant_cry	multimodal	True	True
4hrI2M7j8WA_30_40	9	10	Baby_cry_infant_cry	Baby_cry_infant_cry		multimodal	True	False
4iJQqql5fNo_30_40	0	10	Violin_fiddle	Violin_fiddle	Violin_fiddle	multimodal	True	True
4ji654VwS1Y_30_40	0	1	Basketball_bounce	Basketball_bounce	Basketball_bounce	multimodal	True	True
4ji654VwS1Y_30_40	3	4	Speech,Dog	Dog	Speech	multimodal	True	True
4ji654VwS1Y_30_40	4	5	Basketball_bounce,Dog	Basketball_bounce,Dog	Basketball_bounce,Dog	multimodal	True	True
4ji654VwS1Y_30_40	5	8	Basketball_bounce,Dog	Basketball_bounce	Basketball_bounce,Dog	multimodal	True	True
4ji654VwS1Y_30_40	8	9	Dog		Dog	multimodal	False	True
4jmv1XpnR90_50_60	1	2	Baby_laughter	Baby_laughter		multimodal	True	False
4jmv1XpnR90_50_60	2	3	Baby_laughter	Baby_laughter	Baby_laughter	multimodal	True	True
4jmv1XpnR90_50_60	4	10	Baby_laughter	Baby_laughter	Baby_laughter	multimodal	True	True
4m4aH1ZE9gI_370_380	0	5	Speech,Banjo	Banjo,Speech	Speech	multimodal	True	True
4m4aH1ZE9gI_370_380	5	7	Speech,Banjo	Banjo,Speech	Speech,Banjo	multimodal	True	True
4m4aH1ZE9gI_370_380	7	10	Speech,Banjo	Banjo,Speech	Speech	multimodal	True	True
4qcrawQOVTM_260_270	0	2	Speech,Blender	Blender	Blender,Speech	multimodal	True	True
4qcrawQOVTM_260_270	2	3	Speech,Blender	Blender	Speech	multimodal	True	True
4qcrawQOVTM_260_270	3	9	Speech		Speech	multimodal	False	True
4sXCFq_FrPo_100_110	0	10	Speech,Banjo	Speech	Speech,Banjo	multimodal	True	True
4si49U1zha4_30_40	0	3	Clapping	Clapping	Clapping	multimodal	True	True
4si49U1zha4_30_40	3	8	Singing,Clapping	Clapping	Clapping,Singing	multimodal	True	True
4si49U1zha4_30_40	8	10	Singing,Clapping	Singing,Clapping	Clapping,Singing	multimodal	True	True
4tnW9atZKo0_30_40	0	6	Violin_fiddle,Cello	Cello,Violin_fiddle	Cello,Violin_fiddle	multimodal	True	True
4tnW9atZKo0_30_40	6	10	Violin_fiddle,Cello	Violin_fiddle	Cello,Violin_fiddle	multimodal	True	True
4zPHNzZiZlU_280_290	0	10	Singing,Acoustic_guitar	Singing,Acoustic_guitar	Singing,Acoustic_guitar	multimodal	True	True
5-2Tt3g6A8c_310_320	0	10	Helicopter	Helicopter	Helicopter	multimodal	True	True
530yiQ7x99E_570_580	0	1	Blender	Blender		multimodal	True	False
530yiQ7x99E_570_580	1	4	Speech,Blender	Blender	Speech	multimodal	True	True
530yiQ7x99E_570_580	4	5	Speech,Blender	Blender	Speech,Blender	multimodal	True	True
530yiQ7x99E_570_580	5	10	Blender	Blender	Blender	multimodal	True	True
53ZLWPGoQ8o_40_50	0	7	Acoustic_guitar,Clapping	Clapping,Acoustic_guitar	Clapping	multimodal	True	True
53ZLWPGoQ8o_40_50	7	8	Speech,Acoustic_guitar,Clapping	Clapping,Acoustic_guitar	Clapping,Speech	multimodal	True	True
53ZLWPGoQ8o_40_50	8	9	Speech,Acoustic_guitar,Clapping	Acoustic_guitar	Clapping,Speech	multimodal	True	True
53ZLWPGoQ8o_40_50	9	10	Acoustic_guitar,Clapping	Acoustic_guitar	Clapping	multimodal	True	True
54Ool76D12Q_70_80	0	3	Vacuum_cleaner,Speech	Vacuum_cleaner	Vacuum_cleaner,Speech	multimodal	True	True
54Ool76D12Q_70_80	3	4	Vacuum_cleaner	Vacuum_cleaner	Vacuum_cleaner	multimodal	True	True
54Ool76D12Q_70_80	4	5	Vacuum_cleaner,Speech	Vacuum_cleaner	Vacuum_cleaner,Speech	multimodal	True	True
54Ool76D12Q_70_80	5	7	Vacuum_cleaner	Vacuum_cleaner	Vacuum_cleaner	multimodal	True	True
54Ool76D12Q_70_80	7	9	Vacuum_cleaner		Vacuum_cleaner	multimodal	False	True
54Ool76D12Q_70_80	9	10	Vacuum_cleaner	Vacuum_cleaner	Vacuum_cleaner	multimodal	True	True
55GEs-yyOXc_80_90	0	6	Basketball_bounce	Basketball_bounce	Basketball_bounce	multimodal	True	True
55GEs-yyOXc_80_90	6	10	Basketball_bounce,Speech	Basketball_bounce	Basketball_bounce,Speech	multimodal	True	True
585sVgKWYHg_130_140	0	10	Blender	Blender	Blender	multimodal	True	True
5Ewue2D1aeo_80_90	0	10	Violin_fiddle,Cello	Cello,Violin_fiddle	Cello	multimodal	True	True
5FmalezMAls_13_23	0	10	Speech,Cheering	Cheering	Cheering,Speech	multimodal	True	True
5G6b_QWL3nY_60_70	0	1	Speech,Frying_(food)		Frying_(food),Speech	multimodal	False	True
5G6b_QWL3nY_60_70	1	10	Speech,Frying_(food)	Frying_(food)	Frying_(food),Speech	multimodal	True	True
5GFWog3rkOo_190_200	1	6	Fire_alarm	Fire_alarm		multimodal	True	False
5GFWog3rkOo_190_200	6	10	Fire_alarm	Fire_alarm	Fire_alarm	multimodal	True	True
5IDCyA2GDgs_30_40	0	10	Blender	Blender	Blender	multimodal	True	True
5JBkO-Dyuis_0_10	0	3	Basketball_bounce	Basketball_bounce	Basketball_bounce	multimodal	True	True
5JBkO-Dyuis_0_10	5	6	Speech		Speech	multimodal	False	True
5JBkO-Dyuis_0_10	6	7	Speech,Basketball_bounce,Cheering,Clapping	Basketball_bounce,Cheering,Clapping	Speech,Cheering,Clapping	multimodal	True	True
5JBkO-Dyuis_0_10	7	8	Basketball_bounce,Cheering,Clapping	Basketball_bounce,Cheering,Clapping	Cheering,Clapping	multimodal	True	True
5JBkO-Dyuis_0_10	8	9	Speech,Basketball_bounce,Cheering,Clapping	Basketball_bounce,Cheering,Clapping	Speech,Cheering,Clapping	multimodal	True	True
5JBkO-Dyuis_0_10	9	10	Basketball_bounce,Speech,Cheering,Clapping	Basketball_bounce	Speech,Cheering,Clapping	multimodal	True	True
5JFecNRvbog_150_160	0	10	Speech,Lawn_mower	Lawn_mower	Lawn_mower,Speech	multimodal	True	True
5KPr4Na_STc_30_40	0	10	Lawn_mower	Lawn_mower	Lawn_mower	multimodal	True	True
5M-KlyJmQPE_310_320	0	10	Speech,Lawn_mower	Lawn_mower	Speech	multimodal	True	True
5M8JlZNtw0w_20_30	0	10	Vacuum_cleaner	Vacuum_cleaner	Vacuum_cleaner	multimodal	True	True
5OEgBmdTyJE_40_50	0	1	Chicken_rooster	Chicken_rooster	Chicken_rooster	multimodal	True	True
5OEgBmdTyJE_40_50	1	3	Chicken_rooster	Chicken_rooster		multimodal	True	False
5OEgBmdTyJE_40_50	3	10	Chicken_rooster	Chicken_rooster	Chicken_rooster	multimodal	True	True
5PRDmll4w5g_60_70	0	1	Frying_(food)	Frying_(food)	Frying_(food)	multimodal	True	True
5PRDmll4w5g_60_70	1	2	Speech,Frying_(food)	Frying_(food)	Frying_(food),Speech	multimodal	True	True
5PRDmll4w5g_60_70	2	5	Frying_(food)	Frying_(food)	Frying_(food)	multimodal	True	True
5PRDmll4w5g_60_70	5	10	Speech,Frying_(food)	Frying_(food)	Frying_(food),Speech	multimodal	True	True
5PXHXL89Kac_0_10	0	1	Vacuum_cleaner	Vacuum_cleaner		multimodal	True	False
5PXHXL89Kac_0_10	1	10	Vacuum_cleaner	Vacuum_cleaner	Vacuum_cleaner	multimodal	True	True
5Q2UcVku9-E_150_160	0	4	Vacuum_cleaner	Vacuum_cleaner	Vacuum_cleaner	multimodal	True	True
5Q2UcVku9-E_150_160	4	5	Vacuum_cleaner,Speech	Vacuum_cleaner	Speech,Vacuum_cleaner	multimodal	True	True
5Q2UcVku9-E_150_160	5	6	Vacuum_cleaner	Vacuum_cleaner	Vacuum_cleaner	multimodal	True	True
5Q2UcVku9-E_150_160	6	7	Vacuum_cleaner,Speech	Vacuum_cleaner	Speech,Vacuum_cleaner	multimodal	True	True
5Q2UcVku9-E_150_160	7	9	Vacuum_cleaner	Vacuum_cleaner	Vacuum_cleaner	multimodal	True	True
5Q2UcVku9-E_150_160	9	10	Vacuum_cleaner,Speech	Vacuum_cleaner	Speech,Vacuum_cleaner	multimodal	True	True
5TpfTyEWr3k_70_80	0	10	Accordion	Accordion	Accordion	multimodal	True	True
5Ut2Ji8FdMw_30_40	0	10	Speech,Cheering	Cheering	Cheering,Speech	multimodal	True	True
5WTVL8fEUY0_110_120	0	2	Cheering	Cheering		multimodal	True	False
5WTVL8fEUY0_110_120	2	10	Cheering	Cheering	Cheering	multimodal	True	True
5WzC9x-CSdI_350_360	0	8	Fire_alarm	Fire_alarm	Fire_alarm	multimodal	True	True
5WzC9x-CSdI_350_360	8	10	Fire_alarm	Fire_alarm		multimodal	True	False
5XPkYYaXgLc_230_240	0	2	Speech,Cheering		Speech,Cheering	multimodal	False	True
5XPkYYaXgLc_230_240	2	3	Basketball_bounce,Cheering	Basketball_bounce	Basketball_bounce,Cheering	multimodal	True	True
5XPkYYaXgLc_230_240	3	4	Basketball_bounce,Speech,Cheering	Basketball_bounce	Basketball_bounce,Speech,Cheering	multimodal	True	True
5XPkYYaXgLc_230_240	4	5	Speech,Cheering		Speech,Cheering	multimodal	False	True
5XPkYYaXgLc_230_240	5	6	Basketball_bounce,Speech,Cheering	Basketball_bounce	Basketball_bounce,Speech,Cheering	multimodal	True	True
5XPkYYaXgLc_230_240	6	10	Speech,Cheering		Speech,Cheering	multimodal	False	True
5YUfq2YeYdI_30_40	0	4	Chainsaw	Chainsaw	Chainsaw	multimodal	True	True
5YUfq2YeYdI_30_40	4	5	Chainsaw		Chainsaw	multimodal	False	True
5YUfq2YeYdI_30_40	5	8	Speech,Chainsaw		Chainsaw,Speech	multimodal	False	True
5YUfq2YeYdI_30_40	8	10	Chainsaw		Chainsaw	multimodal	False	True
5ZYL9aj-iSE_16_26	0	5	Singing,Chicken_rooster	Chicken_rooster	Singing	multimodal	True	True
5ZYL9aj-iSE_16_26	5	10	Chicken_rooster	Chicken_rooster	Chicken_rooster	multimodal	True	True
5auTv92pFHw_50_60	0	4	Vacuum_cleaner,Speech	Speech	Vacuum_cleaner,Speech	multimodal	True	True
5auTv92pFHw_50_60	4	6	Vacuum_cleaner		Vacuum_cleaner	multimodal	False	True
5auTv92pFHw_50_60	6	10	Vacuum_cleaner,Speech	Speech	Vacuum_cleaner,Speech	multimodal	True	True
5bS6ZvqET4U_210_220	0	1	Singing,Acoustic_guitar	Singing,Acoustic_guitar	Acoustic_guitar,Singing	multimodal	True	True
5bS6ZvqET4U_210_220	1	2	Singing,Acoustic_guitar	Singing,Acoustic_guitar	Singing	multimodal	True	True
5bS6ZvqET4U_210_220	2	10	Singing,Acoustic_guitar	Singing,Acoustic_guitar	Acoustic_guitar,Singing	multimodal	True	True
5cHQC4DrdtE_10_20	5	8	Basketball_bounce,Speech	Basketball_bounce	Basketball_bounce,Speech	multimodal	True	True
5cHQC4DrdtE_10_20	8	10	Speech		Speech	multimodal	False	True
5eAw9Pp6dHk_260_270	0	10	Violin_fiddle,Cello	Violin_fiddle	Violin_fiddle,Cello	multimodal	True	True
5er9MoTAogc_10_20	0	10	Baby_cry_infant_cry	Baby_cry_infant_cry	Baby_cry_infant_cry	multimodal	True	True
5hExI3Kf6bw_30_40	0	10	Accordion	Accordion	Accordion	multimodal	True	True
5iF6LJ7_N2Q_400_410	0	7	Violin_fiddle,Cello	Violin_fiddle,Cello	Cello,Violin_fiddle	multimodal	True	True
5iF6LJ7_N2Q_400_410	7	10	Violin_fiddle,Cello,Clapping	Violin_fiddle,Cello,Clapping	Clapping	multimodal	True	True
5iGJ3W1QPKw_190_200	0	7	Chainsaw	Chainsaw		multimodal	True	False
5iGJ3W1QPKw_190_200	7	10	Chainsaw	Chainsaw	Chainsaw	multimodal	True	True
5iHTULmNp9E_210_220	0	10	Singing,Cheering	Singing,Cheering	Singing,Cheering	multimodal	True	True
5jKH6UTb7sw_30_40	0	1	Speech,Banjo,Acoustic_guitar,Clapping	Speech,Acoustic_guitar,Banjo	Clapping,Speech	multimodal	True	True
5jKH6UTb7sw_30_40	1	4	Speech,Banjo,Acoustic_guitar	Speech,Acoustic_guitar,Banjo	Speech	multimodal	True	True
5jKH6UTb7sw_30_40	4	10	Speech,Banjo,Acoustic_guitar	Speech,Acoustic_guitar,Banjo	Speech,Banjo	multimodal	True	True
5sXb7q-ek7I_60_70	0	10	Clapping	Clapping	Clapping	multimodal	True	True
5u9QqiB08Fg_10_20	0	10	Accordion	Accordion	Accordion	multimodal	True	True
5xWHm9t_yAo_30_40	0	10	Violin_fiddle	Violin_fiddle	Violin_fiddle	multimodal	True	True
5zLQNFQ2cFI_220_230	0	3	Singing,Cello,Banjo,Acoustic_guitar	Singing,Banjo,Cello,Acoustic_guitar	Singing,Banjo,Cello,Acoustic_guitar	multimodal	True	True
5zLQNFQ2cFI_220_230	3	4	Cello,Banjo,Acoustic_guitar	Banjo,Cello,Acoustic_guitar	Banjo,Cello,Acoustic_guitar	multimodal	True	True
5zLQNFQ2cFI_220_230	4	7	Singing,Cello,Banjo,Acoustic_guitar	Singing,Banjo,Cello,Acoustic_guitar	Singing,Banjo,Cello,Acoustic_guitar	multimodal	True	True
5zLQNFQ2cFI_220_230	7	8	Cello,Banjo,Acoustic_guitar	Banjo,Cello,Acoustic_guitar	Banjo,Cello,Acoustic_guitar	multimodal	True	True
5zLQNFQ2cFI_220_230	8	10	Singing,Cello,Banjo,Acoustic_guitar	Singing,Banjo,Cello,Acoustic_guitar	Singing,Banjo,Cello,Acoustic_guitar	multimodal	True	True
5zLblkp2yOQ_50_60	1	2	Basketball_bounce		Basketball_bounce	multimodal	False	True
5zLblkp2yOQ_50_60	2	3	Basketball_bounce	Basketball_bounce	Basketball_bounce	multimodal	True	True
5zLblkp2yOQ_50_60	4	7	Basketball_bounce	Basketball_bounce	Basketball_bounce	multimodal	True	True
6-2SCYUDBZw_30_40	0	10	Vacuum_cleaner	Vacuum_cleaner	Vacuum_cleaner	multimodal	True	True
63heHZVYvc0_240_250	2	6	Basketball_bounce	Basketball_bounce	Basketball_bounce	multimodal	True	True
63heHZVYvc0_240_250	6	7	Cheering		Cheering	multimodal	False	True
63heHZVYvc0_240_250	7	8	Basketball_bounce,Cheering	Basketball_bounce	Cheering	multimodal	True	True
63heHZVYvc0_240_250	8	10	Cheering		Cheering	multimodal	False	True
66s_MyBd47s_360_370	1	2	Speech		Speech	multimodal	False	True
66s_MyBd47s_360_370	3	5	Speech,Frying_(food)	Frying_(food)	Speech	multimodal	True	True
66s_MyBd47s_360_370	7	10	Frying_(food)		Frying_(food)	multimodal	False	True
69wXDaayFKM_316_326	0	10	Clapping	Clapping	Clapping	multimodal	True	True
6BwASiY-tzU_21_31	0	10	Baby_cry_infant_cry	Baby_cry_infant_cry	Baby_cry_infant_cry	multimodal	True	True
6D-xUCN0iHA_40_50	0	10	Cheering,Clapping	Clapping,Cheering	Clapping,Cheering	multimodal	True	True
6EEk_o64UYA_90_100	0	9	Violin_fiddle,Cello,Acoustic_guitar	Cello,Violin_fiddle,Acoustic_guitar	Cello,Violin_fiddle,Acoustic_guitar	multimodal	True	True
6EEk_o64UYA_90_100	9	10	Violin_fiddle,Cello,Acoustic_guitar	Cello,Violin_fiddle,Acoustic_guitar		multimodal	True	False
6EeyngaELKA_0_10	6	7	Blender	Blender		multimodal	True	False
6EeyngaELKA_0_10	7	10	Blender	Blender	Blender	multimodal	True	True
6FviyjRjgnc_60_70	0	4	Lawn_mower		Lawn_mower	multimodal	False	True
6FviyjRjgnc_60_70	5	8	Lawn_mower		Lawn_mower	multimodal	False	True
6FviyjRjgnc_60_70	8	10	Speech	Speech	Speech	multimodal	True	True
6GGL8uDytH8_70_80	6	10	Basketball_bounce	Basketball_bounce	Basketball_bounce	multimodal	True	True
6GfKGwRSRIw_30_40	0	10	Vacuum_cleaner	Vacuum_cleaner	Vacuum_cleaner	multimodal	True	True
6Gyp_pZ2LCU_10_20	0	1	Speech		Speech	multimodal	False	True
6Gyp_pZ2LCU_10_20	2	3	Clapping	Clapping	Clapping	multimodal	True	True
6Gyp_pZ2LCU_10_20	3	4	Singing,Clapping	Clapping	Clapping,Singing	multimodal	True	True
6Gyp_pZ2LCU_10_20	4	10	Singing		Singing	multimodal	False	True
6Ix6axuXbnA_470_480	0	10	Vacuum_cleaner	Vacuum_cleaner	Vacuum_cleaner	multimodal	True	True
6KfCKGRBxRc_30_40	0	4	Singing,Cheering	Singing	Cheering,Singing	multimodal	True	True
6KfCKGRBxRc_30_40	4	6	Cheering		Cheering	multimodal	False	True
6KfCKGRBxRc_30_40	6	9	Singing,Cheering	Singing	Cheering,Singing	multimodal	True	True
6KfCKGRBxRc_30_40	9	10	Cheering		Cheering	multimodal	False	True
6KgVhi8eYjc_30_40	0	5	Chicken_rooster	Chicken_rooster	Chicken_rooster,Chicken_rooster	multimodal	True	True
6KgVhi8eYjc_30_40	5	6	Chicken_rooster	Chicken_rooster	Chicken_rooster	multimodal	True	True
6KgVhi8eYjc_30_40	6	10	Chicken_rooster	Chicken_rooster	Chicken_rooster,Chicken_rooster	multimodal	True	True
6Kj5byQcQ10_40_50	0	1	Speech		Speech	multimodal	False	True
6Kj5byQcQ10_40_50	1	4	Speech	Speech	Speech	multimodal	True	True
6Kj5byQcQ10_40_50	4	5	Speech		Speech	multimodal	False	True
6Kj5byQcQ10_40_50	5	7	Speech	Speech	Speech	multimodal	True	True
6Kj5byQcQ10_40_50	7	8	Speech		Speech	multimodal	False	True
6Kj5byQcQ10_40_50	8	9	Cheering		Cheering	multimodal	False	True
6Kj5byQcQ10_40_50	9	10	Speech,Cheering		Cheering,Speech	multimodal	False	True
6MsXK02jZKE_40_50	0	4	Helicopter	Helicopter	Helicopter	multimodal	True	True
6MsXK02jZKE_40_50	4	6	Helicopter		Helicopter	multimodal	False	True
6MsXK02jZKE_40_50	6	8	Helicopter	Helicopter	Helicopter	multimodal	True	True
6MsXK02jZKE_40_50	8	10	Helicopter		Helicopter	multimodal	False	True
6PKKgaQgm1g_90_100	0	2	Chicken_rooster	Chicken_rooster		multimodal	True	False
6PKKgaQgm1g_90_100	2	6	Chicken_rooster	Chicken_rooster	Chicken_rooster	multimodal	True	True
6PKKgaQgm1g_90_100	6	10	Chicken_rooster	Chicken_rooster		multimodal	True	False
6Q9a3JnuDaA_220_230	0	5	Fire_alarm,Speech		Fire_alarm,Speech	multimodal	False	True
6Q9a3JnuDaA_220_230	5	10	Fire_alarm,Speech	Fire_alarm	Fire_alarm,Speech	multimodal	True	True
6SgzzYG-B1Q_30_40	0	5	Chicken_rooster	Chicken_rooster	Chicken_rooster	multimodal	True	True
6SgzzYG-B1Q_30_40	5	6	Chicken_rooster	Chicken_rooster		multimodal	True	False
6SgzzYG-B1Q_30_40	6	7	Chicken_rooster	Chicken_rooster	Chicken_rooster	multimodal	True	True
6SgzzYG-B1Q_30_40	7	10	Chicken_rooster	Chicken_rooster		multimodal	True	False
6TRJu1kHIJY_10_20	0	10	Helicopter	Helicopter	Helicopter	multimodal	True	True
6TX5z51nhvQ_30_40	0	7	Accordion	Accordion	Accordion	multimodal	True	True
6TX5z51nhvQ_30_40	7	9	Speech,Accordion	Accordion	Accordion,Speech	multimodal	True	True
6TX5z51nhvQ_30_40	9	10	Accordion	Accordion	Accordion	multimodal	True	True
6TweVTyp6a4_30_40	1	2	Cheering	Cheering	Cheering	multimodal	True	True
6TweVTyp6a4_30_40	2	4	Speech,Cheering	Cheering	Cheering,Speech	multimodal	True	True
6TweVTyp6a4_30_40	4	6	Speech	Speech	Speech	multimodal	True	True
6TweVTyp6a4_30_40	6	7	Speech,Cheering	Cheering	Cheering,Speech	multimodal	True	True
6TweVTyp6a4_30_40	7	9	Cheering,Clapping	Cheering,Clapping	Cheering,Clapping	multimodal	True	True
6TweVTyp6a4_30_40	9	10	Cheering	Cheering	Cheering	multimodal	True	True
6YuCa3NAINw_130_140	0	2	Frying_(food)	Frying_(food)	Frying_(food)	multimodal	True	True
6YuCa3NAINw_130_140	2	4	Singing,Frying_(food)	Frying_(food)	Frying_(food),Singing	multimodal	True	True
6YuCa3NAINw_130_140	4	6	Frying_(food)	Frying_(food)	Frying_(food)	multimodal	True	True
6YuCa3NAINw_130_140	6	8	Singing,Frying_(food)	Frying_(food)	Frying_(food),Singing	multimodal	True	True
6YuCa3NAINw_130_140	8	9	Frying_(food)	Frying_(food)	Frying_(food)	multimodal	True	True
6YuCa3NAINw_130_140	9	10	Speech,Frying_(food)	Frying_(food)	Frying_(food),Speech	multimodal	True	True
6_ADEY85YME_110_120	0	10	Blender	Blender	Blender	multimodal	True	True
6aV6c8mY0lg_30_40	0	1	Chainsaw	Chainsaw	Chainsaw	multimodal	True	True
6aV6c8mY0lg_30_40	1	3	Chainsaw		Chainsaw	multimodal	False	True
6aV6c8mY0lg_30_40	3	6	Chainsaw	Chainsaw	Chainsaw	multimodal	True	True
6aV6c8mY0lg_30_40	6	9	Chainsaw		Chainsaw	multimodal	False	True
6aV6c8mY0lg_30_40	9	10	Chainsaw	Chainsaw	Chainsaw	multimodal	True	True
6agI5a-5TGY_270_280	0	10	Vacuum_cleaner	Vacuum_cleaner	Vacuum_cleaner	multimodal	True	True
6bmJLRXrH-g_11_21	0	7	Speech,Telephone_bell_ringing	Telephone_bell_ringing	Speech,Telephone_bell_ringing	multimodal	True	True
6bmJLRXrH-g_11_21	7	8	Telephone_bell_ringing,Speech		Speech,Telephone_bell_ringing	multimodal	False	True
6bmJLRXrH-g_11_21	8	9	Speech		Speech	multimodal	False	True
6dvq5W-9D04_30_40	0	10	Chicken_rooster	Chicken_rooster	Chicken_rooster	multimodal	True	True
6e3aERe95fI_30_40	0	1	Cat	Cat	Cat	multimodal	True	True
6e3aERe95fI_30_40	1	2	Cat	Cat		multimodal	True	False
6e3aERe95fI_30_40	2	3	Cat	Cat	Cat	multimodal	True	True
6e3aERe95fI_30_40	3	4	Cat	Cat		multimodal	True	False
6e3aERe95fI_30_40	4	6	Cat	Cat	Cat	multimodal	True	True
6e3aERe95fI_30_40	6	9	Cat	Cat		multimodal	True	False
6e3aERe95fI_30_40	9	10	Cat	Cat	Cat	multimodal	True	True
6eT3o01nEmo_30_40	0	10	Violin_fiddle,Cello	Cello,Violin_fiddle	Cello,Violin_fiddle	multimodal	True	True
6gSLA-BG7Lw_70_80	0	2	Basketball_bounce,Speech	Basketball_bounce	Basketball_bounce,Speech	multimodal	True	True
6gSLA-BG7Lw_70_80	2	5	Basketball_bounce	Basketball_bounce		multimodal	True	False
6gSLA-BG7Lw_70_80	7	8	Basketball_bounce	Basketball_bounce		multimodal	True	False
6gSLA-BG7Lw_70_80	8	9	Basketball_bounce,Cheering	Basketball_bounce	Cheering	multimodal	True	True
6gSLA-BG7Lw_70_80	9	10	Cheering		Cheering	multimodal	False	True
6gW-ALg2Tio_290_300	0	10	Lawn_mower	Lawn_mower	Lawn_mower	multimodal	True	True
6kKs7UKCUBA_70_80	0	10	Frying_(food)	Frying_(food)	Frying_(food)	multimodal	True	True
6m9RSmLeC6M_40_50	0	10	Fire_alarm	Fire_alarm	Fire_alarm	multimodal	True	True
6m9tybo1Lvo_380_390	0	3	Accordion	Accordion	Accordion	multimodal	True	True
6m9tybo1Lvo_380_390	3	6	Accordion		Accordion	multimodal	False	True
6m9tybo1Lvo_380_390	6	8	Speech,Accordion		Accordion,Speech	multimodal	False	True
6m9tybo1Lvo_380_390	9	10	Accordion		Accordion	multimodal	False	True
6mBfajqi1pg_560_570	0	10	Vacuum_cleaner	Vacuum_cleaner	Vacuum_cleaner	multimodal	True	True
6mWz9fxXO7s_490_500	0	3	Speech,Chainsaw	Chainsaw	Chainsaw,Speech	multimodal	True	True
6mWz9fxXO7s_490_500	3	5	Chainsaw	Chainsaw	Chainsaw	multimodal	True	True
6mWz9fxXO7s_490_500	5	6	Speech,Chainsaw	Chainsaw	Chainsaw,Speech	multimodal	True	True
6mWz9fxXO7s_490_500	6	9	Chainsaw	Chainsaw	Chainsaw	multimodal	True	True
6mWz9fxXO7s_490_500	9	10	Speech,Chainsaw	Chainsaw	Chainsaw,Speech	multimodal	True	True
6oJeeOZFzyY_20_30	0	10	Helicopter	Helicopter	Helicopter	multimodal	True	True
6ocUrRBIuls_340_350	0	2	Vacuum_cleaner,Speech	Vacuum_cleaner	Vacuum_cleaner,Speech	multimodal	True	True
6ocUrRBIuls_340_350	2	3	Vacuum_cleaner	Vacuum_cleaner	Vacuum_cleaner	multimodal	True	True
6ocUrRBIuls_340_350	3	4	Vacuum_cleaner,Speech	Vacuum_cleaner	Vacuum_cleaner,Speech	multimodal	True	True
6ocUrRBIuls_340_350	4	5	Vacuum_cleaner	Vacuum_cleaner	Vacuum_cleaner	multimodal	True	True
6ocUrRBIuls_340_350	5	6	Vacuum_cleaner,Speech	Vacuum_cleaner	Vacuum_cleaner,Speech	multimodal	True	True
6ocUrRBIuls_340_350	6	9	Vacuum_cleaner	Vacuum_cleaner	Vacuum_cleaner	multimodal	True	True
6ocUrRBIuls_340_350	9	10	Vacuum_cleaner,Speech	Vacuum_cleaner	Vacuum_cleaner,Speech	multimodal	True	True
6pHtlOXBxTI_30_40	0	10	Speech,Cheering	Cheering	Cheering,Speech	multimodal	True	True
6puZFsJvC64_70_80	0	10	Banjo,Clapping	Banjo,Clapping	Banjo,Clapping	multimodal	True	True
6pw5sDsjCio_100_110	0	6	Vacuum_cleaner	Vacuum_cleaner	Vacuum_cleaner	multimodal	True	True
6pw5sDsjCio_100_110	6	10	Vacuum_cleaner		Vacuum_cleaner	multimodal	False	True
6tCRm2ZbFWI_0_10	0	8	Speech,Frying_(food)	Frying_(food)	Speech,Frying_(food)	multimodal	True	True
6tCRm2ZbFWI_0_10	8	10	Frying_(food)	Frying_(food)	Frying_(food)	multimodal	True	True
6uQyki-4Q_c_0_10	0	1	Acoustic_guitar	Acoustic_guitar		multimodal	True	False
6uQyki-4Q_c_0_10	1	5	Acoustic_guitar	Acoustic_guitar	Acoustic_guitar	multimodal	True	True
6uQyki-4Q_c_0_10	5	10	Singing,Acoustic_guitar	Acoustic_guitar,Singing	Singing,Acoustic_guitar	multimodal	True	True
6x5UQq781zQ_0_10	0	2	Accordion	Accordion		multimodal	True	False
6x5UQq781zQ_0_10	2	10	Accordion	Accordion	Accordion	multimodal	True	True
6zGSFN2LhRQ_30_40	0	10	Accordion	Accordion	Accordion	multimodal	True	True
71MwJKnUfUI_190_200	0	7	Singing,Acoustic_guitar		Acoustic_guitar,Singing	multimodal	False	True
71MwJKnUfUI_190_200	7	10	Singing,Acoustic_guitar	Acoustic_guitar,Singing	Acoustic_guitar,Singing	multimodal	True	True
74rZ_mljj18_90_100	0	6	Speech		Speech	multimodal	False	True
74rZ_mljj18_90_100	6	9	Basketball_bounce,Speech	Basketball_bounce	Speech,Basketball_bounce	multimodal	True	True
74rZ_mljj18_90_100	9	10	Speech		Speech	multimodal	False	True
77Hsf1HCiyU_210_220	0	1	Violin_fiddle,Cello	Cello,Violin_fiddle		multimodal	True	False
77Hsf1HCiyU_210_220	1	10	Violin_fiddle,Cello	Cello,Violin_fiddle	Cello,Violin_fiddle	multimodal	True	True
78yrwc9y1ik_10_20	0	3	Baby_cry_infant_cry	Baby_cry_infant_cry	Baby_cry_infant_cry	multimodal	True	True
78yrwc9y1ik_10_20	8	10	Baby_cry_infant_cry	Baby_cry_infant_cry	Baby_cry_infant_cry	multimodal	True	True
7CMYwP1EvKM_60_70	0	10	Motorcycle	Motorcycle	Motorcycle	multimodal	True	True
7CcA8xdUah4_120_130	4	5	Dog	Dog		multimodal	True	False
7CcA8xdUah4_120_130	5	6	Dog	Dog	Dog	multimodal	True	True
7CcA8xdUah4_120_130	6	10	Dog	Dog		multimodal	True	False
7ECzsh5EkP8_30_40	0	10	Chicken_rooster	Chicken_rooster	Chicken_rooster	multimodal	True	True
7Iwu2gczI1g_540_550	0	10	Helicopter	Helicopter	Helicopter	multimodal	True	True
7JD8chF_SJY_0_10	0	1	Basketball_bounce,Speech		Basketball_bounce,Speech	multimodal	False	True
7JD8chF_SJY_0_10	1	3	Basketball_bounce		Basketball_bounce	multimodal	False	True
7JD8chF_SJY_0_10	3	8	Basketball_bounce	Basketball_bounce	Basketball_bounce	multimodal	True	True
7JD8chF_SJY_0_10	8	9	Basketball_bounce,Speech	Basketball_bounce	Basketball_bounce,Speech	multimodal	True	True
7JD8chF_SJY_0_10	9	10	Speech		Speech	multimodal	False	True
7LViMtUpw8Q_40_50	0	10	Helicopter	Helicopter	Helicopter	multimodal	True	True
7LVqHbJ6N1E_90_100	0	7	Car,Helicopter	Helicopter,Car	Helicopter	multimodal	True	True
7LVqHbJ6N1E_90_100	7	8	Car,Helicopter	Car	Helicopter	multimodal	True	True
7LVqHbJ6N1E_90_100	8	10	Helicopter	Helicopter	Helicopter	multimodal	True	True
7MXZvu6cjuU_90_100	0	1	Basketball_bounce,Speech	Speech,Basketball_bounce	Speech,Basketball_bounce	multimodal	True	True
7MXZvu6cjuU_90_100	1	3	Speech		Speech	multimodal	False	True
7MXZvu6cjuU_90_100	3	4	Basketball_bounce,Cheering	Basketball_bounce	Cheering	multimodal	True	True
7MXZvu6cjuU_90_100	4	5	Speech,Basketball_bounce,Cheering	Basketball_bounce	Cheering,Speech	multimodal	True	True
7MXZvu6cjuU_90_100	5	8	Speech	Speech	Speech	multimodal	True	True
7MXZvu6cjuU_90_100	9	10	Speech	Speech	Speech	multimodal	True	True
7NLT62MMjHM_30_40	4	5	Clapping		Clapping	multimodal	False	True
7NLT62MMjHM_30_40	5	8	Violin_fiddle,Cello,Clapping	Cello,Violin_fiddle	Clapping	multimodal	True	True
7NLT62MMjHM_30_40	8	9	Violin_fiddle,Clapping	Violin_fiddle	Clapping	multimodal	True	True
7NLT62MMjHM_30_40	9	10	Clapping		Clapping	multimodal	False	True
7OhK3f4X1VQ_7_17	0	5	Car	Car	Car	multimodal	True	True
7OhK3f4X1VQ_7_17	5	10	Car		Car	multimodal	False	True
7OxK7UvZ5S8_150_160	0	1	Accordion,Clapping	Accordion	Clapping	multimodal	True	True
7OxK7UvZ5S8_150_160	1	2	Accordion,Clapping	Accordion	Clapping,Accordion	multimodal	True	True
7OxK7UvZ5S8_150_160	2	10	Accordion		Accordion	multimodal	False	True
7SChBv97cmg_10_20	0	10	Chainsaw	Chainsaw	Chainsaw	multimodal	True	True
7TZDBbCYZN0_70_80	3	4	Speech		Speech	multimodal	False	True
7TZDBbCYZN0_70_80	4	5	Baby_laughter,Speech	Baby_laughter	Baby_laughter,Speech	multimodal	True	True
7TZDBbCYZN0_70_80	6	7	Speech		Speech	multimodal	False	True
7TZDBbCYZN0_70_80	7	9	Baby_laughter,Speech	Baby_laughter	Baby_laughter,Speech	multimodal	True	True
7TZDBbCYZN0_70_80	9	10	Baby_laughter	Baby_laughter	Baby_laughter	multimodal	True	True
7USy-jxSsUg_30_40	0	8	Baby_cry_infant_cry	Baby_cry_infant_cry	Baby_cry_infant_cry	multimodal	True	True
7USy-jxSsUg_30_40	8	9	Baby_cry_infant_cry	Baby_cry_infant_cry		multimodal	True	False
7Vfb0lpJkpU_50_60	0	2	Vacuum_cleaner	Vacuum_cleaner	Vacuum_cleaner	multimodal	True	True
7Vfb0lpJkpU_50_60	2	3	Vacuum_cleaner,Speech	Vacuum_cleaner	Speech,Vacuum_cleaner	multimodal	True	True
7Vfb0lpJkpU_50_60	3	5	Vacuum_cleaner	Vacuum_cleaner	Vacuum_cleaner	multimodal	True	True
7Vfb0lpJkpU_50_60	5	6	Vacuum_cleaner		Vacuum_cleaner	multimodal	False	True
7Vfb0lpJkpU_50_60	6	10	Vacuum_cleaner,Speech	Vacuum_cleaner	Speech	multimodal	True	True
7X1_j3XrgnA_30_40	0	10	Telephone_bell_ringing	Telephone_bell_ringing	Telephone_bell_ringing	multimodal	True	True
7XM4DfCbONg_210_220	0	6	Violin_fiddle,Cello,Banjo,Acoustic_guitar	Banjo,Violin_fiddle,Cello,Acoustic_guitar	Banjo,Violin_fiddle,Cello,Acoustic_guitar	multimodal	True	True
7XM4DfCbONg_210_220	6	7	Cheering,Violin_fiddle,Cello,Banjo,Acoustic_guitar,Clapping	Banjo,Violin_fiddle,Cello,Acoustic_guitar	Banjo,Violin_fiddle,Cello,Acoustic_guitar,Cheering,Clapping	multimodal	True	True
7XM4DfCbONg_210_220	7	9	Cheering,Violin_fiddle,Cello,Banjo,Acoustic_guitar,Clapping	Banjo,Violin_fiddle,Cello,Acoustic_guitar	Cheering,Clapping	multimodal	True	True
7XM4DfCbONg_210_220	9	10	Cheering,Violin_fiddle,Cello,Speech,Banjo,Acoustic_guitar,Clapping	Banjo,Violin_fiddle,Cello,Acoustic_guitar	Cheering,Clapping,Speech	multimodal	True	True
7Y0xgnuuFW4_21_31	0	1	Speech		Speech	multimodal	False	True
7Y0xgnuuFW4_21_31	1	2	Speech,Clapping	Clapping	Speech	multimodal	True	True
7Y0xgnuuFW4_21_31	2	8	Speech		Speech	multimodal	False	True
7Z9KzMO4hbM_180_190	1	4	Telephone_bell_ringing	Telephone_bell_ringing	Telephone_bell_ringing	multimodal	True	True
7Z9KzMO4hbM_180_190	4	5	Speech,Telephone_bell_ringing	Telephone_bell_ringing	Speech	multimodal	True	True
7Z9KzMO4hbM_180_190	6	7	Speech		Speech	multimodal	False	True
7_MjnPGZb3g_30_40	0	3	Fire_alarm,Speech	Fire_alarm	Speech	multimodal	True	True
7_MjnPGZb3g_30_40	3	4	Fire_alarm	Fire_alarm		multimodal	True	False
7_MjnPGZb3g_30_40	4	6	Fire_alarm	Fire_alarm	Fire_alarm	multimodal	True	True
7_MjnPGZb3g_30_40	6	9	Fire_alarm,Speech	Fire_alarm	Speech	multimodal	True	True
7_MjnPGZb3g_30_40	9	10	Fire_alarm	Fire_alarm		multimodal	True	False
7bPt8dhIAiU_120_130	0	10	Vacuum_cleaner	Vacuum_cleaner	Vacuum_cleaner	multimodal	True	True
7eO9zH2KCC4_30_40	0	10	Violin_fiddle,Acoustic_guitar	Acoustic_guitar,Violin_fiddle	Acoustic_guitar,Violin_fiddle	multimodal	True	True
7g3idUTE1KM_30_40	0	7	Speech	Speech	Speech	multimodal	True	True
7g3idUTE1KM_30_40	7	8	Speech,Clapping	Speech,Clapping	Speech,Clapping	multimodal	True	True
7g3idUTE1KM_30_40	8	10	Speech	Speech	Speech	multimodal	True	True
7hspZOznOIM_0_10	2	4	Speech		Speech	multimodal	False	True
7hspZOznOIM_0_10	4	7	Telephone_bell_ringing	Telephone_bell_ringing	Telephone_bell_ringing	multimodal	True	True
7hspZOznOIM_0_10	7	9	Telephone_bell_ringing	Telephone_bell_ringing		multimodal	True	False
7hspZOznOIM_0_10	9	10	Telephone_bell_ringing	Telephone_bell_ringing	Telephone_bell_ringing	multimodal	True	True
7iSCziLZgow_60_70	0	1	Banjo		Banjo	multimodal	False	True
7iSCziLZgow_60_70	1	4	Speech,Banjo	Speech	Banjo,Speech	multimodal	True	True
7iSCziLZgow_60_70	4	5	Banjo		Banjo	multimodal	False	True
7iSCziLZgow_60_70	5	9	Speech,Banjo	Speech	Banjo,Speech	multimodal	True	True
7iSCziLZgow_60_70	9	10	Speech	Speech	Speech	multimodal	True	True
7mg1TKMPh-c_20_30	0	10	Cello	Cello	Cello	multimodal	True	True
7mrVq35XPrk_330_340	0	1	Vacuum_cleaner	Vacuum_cleaner	Vacuum_cleaner	multimodal	True	True
7mrVq35XPrk_330_340	1	8	Vacuum_cleaner,Speech	Vacuum_cleaner	Vacuum_cleaner,Speech	multimodal	True	True
7mrVq35XPrk_330_340	8	10	Vacuum_cleaner	Vacuum_cleaner	Vacuum_cleaner	multimodal	True	True
7oPED09nVAk_100_110	0	3	Singing,Acoustic_guitar	Acoustic_guitar,Singing	Acoustic_guitar,Singing	multimodal	True	True
7oPED09nVAk_100_110	3	7	Acoustic_guitar		Acoustic_guitar	multimodal	False	True
7oPED09nVAk_100_110	7	10	Singing,Acoustic_guitar	Singing	Acoustic_guitar,Singing	multimodal	True	True
7rYjAdnb3CA_20_30	0	2	Car	Car	Car	multimodal	True	True
7rYjAdnb3CA_20_30	2	5	Speech,Car	Speech,Car	Speech,Car	multimodal	True	True
7rYjAdnb3CA_20_30	5	10	Car	Car	Car	multimodal	True	True
7tgqtRO7RXA_170_180	1	6	Singing	Singing	Singing	multimodal	True	True
7tgqtRO7RXA_170_180	6	8	Singing,Clapping	Singing,Clapping	Singing,Clapping	multimodal	True	True
7tgqtRO7RXA_170_180	8	10	Singing	Singing	Singing	multimodal	True	True
7uKI2_0A2ik_30_40	0	9	Violin_fiddle	Violin_fiddle	Violin_fiddle	multimodal	True	True
7uKI2_0A2ik_30_40	9	10	Violin_fiddle	Violin_fiddle		multimodal	True	False
7uXeXKxHQ6A_300_310	0	8	Lawn_mower	Lawn_mower	Lawn_mower	multimodal	True	True
7uXeXKxHQ6A_300_310	8	10	Lawn_mower		Lawn_mower	multimodal	False	True
7ukkbeEdBd4_20_30	0	1	Basketball_bounce	Basketball_bounce		multimodal	True	False
7ukkbeEdBd4_20_30	1	3	Speech		Speech	multimodal	False	True
7ukkbeEdBd4_20_30	3	4	Basketball_bounce,Speech	Basketball_bounce	Speech	multimodal	True	True
7ukkbeEdBd4_20_30	4	7	Speech		Speech	multimodal	False	True
7ukkbeEdBd4_20_30	7	8	Basketball_bounce,Speech	Basketball_bounce	Speech	multimodal	True	True
7ukkbeEdBd4_20_30	8	9	Speech		Speech	multimodal	False	True
7ukkbeEdBd4_20_30	9	10	Basketball_bounce,Speech	Basketball_bounce	Speech	multimodal	True	True
7wQzfyAWIFc_60_70	0	10	Violin_fiddle,Cello,Banjo	Banjo,Violin_fiddle,Cello	Banjo,Violin_fiddle,Cello	multimodal	True	True
7y0E-IeaZBE_30_40	0	10	Chicken_rooster	Chicken_rooster	Chicken_rooster	multimodal	True	True
7yMXFUS0Vuo_6_16	0	4	Vacuum_cleaner,Speech	Vacuum_cleaner	Speech,Vacuum_cleaner	multimodal	True	True
7yMXFUS0Vuo_6_16	4	10	Vacuum_cleaner,Speech	Vacuum_cleaner	Speech	multimodal	True	True
7yeWLEus7OI_80_90	0	10	Blender	Blender	Blender	multimodal	True	True
7zAZVwxH9PM_550_560	0	1	Speech		Speech	multimodal	False	True
7zAZVwxH9PM_550_560	1	4	Basketball_bounce,Speech	Basketball_bounce	Basketball_bounce,Speech	multimodal	True	True
7zAZVwxH9PM_550_560	4	8	Speech		Speech	multimodal	False	True
7zAZVwxH9PM_550_560	8	10	Basketball_bounce,Speech	Basketball_bounce	Basketball_bounce,Speech	multimodal	True	True
81WXDWpgzPA_0_10	0	10	Lawn_mower	Lawn_mower	Lawn_mower	multimodal	True	True
82T_W4uINdQ_130_140	0	10	Violin_fiddle,Cello	Cello	Cello,Violin_fiddle	multimodal	True	True
83Txe5EAijU_260_270	0	6	Speech,Blender	Speech,Blender	Speech	multimodal	True	True
83Txe5EAijU_260_270	6	10	Blender	Blender	Blender	multimodal	True	True
84OQA_JJHPY_390_400	0	10	Singing,Accordion	Accordion	Accordion,Singing	multimodal	True	True
84r8zNfMIbs_0_10	0	1	Lawn_mower	Lawn_mower	Lawn_mower	multimodal	True	True
84r8zNfMIbs_0_10	1	3	Lawn_mower	Lawn_mower		multimodal	True	False
84r8zNfMIbs_0_10	3	4	Lawn_mower	Lawn_mower	Lawn_mower	multimodal	True	True
84r8zNfMIbs_0_10	4	6	Lawn_mower	Lawn_mower		multimodal	True	False
84r8zNfMIbs_0_10	6	10	Lawn_mower	Lawn_mower	Lawn_mower	multimodal	True	True
84vFdTtO2Vk_10_20	0	1	Dog	Dog		multimodal	True	False
84vFdTtO2Vk_10_20	1	2	Speech,Dog	Dog,Speech	Speech	multimodal	True	True
84vFdTtO2Vk_10_20	2	4	Baby_laughter,Dog	Dog	Baby_laughter	multimodal	True	True
84vFdTtO2Vk_10_20	4	5	Dog	Dog	Dog	multimodal	True	True
84vFdTtO2Vk_10_20	5	6	Dog	Dog		multimodal	True	False
84vFdTtO2Vk_10_20	6	8	Baby_laughter,Dog	Dog	Baby_laughter	multimodal	True	True
84vFdTtO2Vk_10_20	8	9	Dog	Dog		multimodal	True	False
84vFdTtO2Vk_10_20	9	10	Speech,Dog	Dog,Speech	Speech	multimodal	True	True
86eQxmsjwM4_310_320	0	10	Vacuum_cleaner	Vacuum_cleaner	Vacuum_cleaner	multimodal	True	True
8DF2PxdT5tE_390_400	0	2	Speech		Speech	multimodal	False	True
8DF2PxdT5tE_390_400	2	7	Basketball_bounce	Basketball_bounce	Basketball_bounce	multimodal	True	True
8DF2PxdT5tE_390_400	7	8	Basketball_bounce,Speech	Basketball_bounce,Speech	Basketball_bounce,Speech	multimodal	True	True
8DF2PxdT5tE_390_400	8	9	Speech		Speech	multimodal	False	True
8DF2PxdT5tE_390_400	9	10	Speech	Speech	Speech	multimodal	True	True
8DIUi5fzTSI_50_60	0	10	Violin_fiddle,Acoustic_guitar,Accordion	Acoustic_guitar,Violin_fiddle,Accordion	Acoustic_guitar,Violin_fiddle,Accordion	multimodal	True	True
8H9V40ek4q8_30_40	0	10	Violin_fiddle	Violin_fiddle	Violin_fiddle	multimodal	True	True
8HqOjWyahzI_20_30	0	9	Fire_alarm	Fire_alarm	Fire_alarm	multimodal	True	True
8HqOjWyahzI_20_30	9	10	Fire_alarm	Fire_alarm		multimodal	True	False
8JP7ReHkkus_100_110	0	10	Vacuum_cleaner	Vacuum_cleaner	Vacuum_cleaner	multimodal	True	True
8L6AX8xepUI_19_29	0	5	Baby_cry_infant_cry	Baby_cry_infant_cry		multimodal	True	False
8L6AX8xepUI_19_29	5	8	Baby_cry_infant_cry	Baby_cry_infant_cry	Baby_cry_infant_cry	multimodal	True	True
8L6AX8xepUI_19_29	8	9	Baby_cry_infant_cry,Speech		Baby_cry_infant_cry,Speech	multimodal	False	True
8L6AX8xepUI_19_29	9	10	Baby_cry_infant_cry,Speech	Baby_cry_infant_cry	Baby_cry_infant_cry,Speech	multimodal	True	True
8MMDd9rzl8o_20_30	0	10	Car,Helicopter	Helicopter,Car	Helicopter	multimodal	True	True
8MqTPaJRLXU_30_40	0	1	Singing	Singing	Singing	multimodal	True	True
8MqTPaJRLXU_30_40	1	2	Singing,Clapping	Singing,Clapping	Singing,Clapping	multimodal	True	True
8MqTPaJRLXU_30_40	2	10	Singing	Singing	Singing	multimodal	True	True
8OHjU9PCt7Y_0_10	0	4	Basketball_bounce,Speech	Basketball_bounce	Basketball_bounce,Speech	multimodal	True	True
8OHjU9PCt7Y_0_10	4	10	Speech		Speech	multimodal	False	True
8WLIDa9U9Ug_340_350	0	9	Violin_fiddle	Violin_fiddle	Violin_fiddle	multimodal	True	True
8WLIDa9U9Ug_340_350	9	10	Cello	Cello	Cello	multimodal	True	True
8ZkzbgrJHTE_20_30	0	10	Vacuum_cleaner	Vacuum_cleaner	Vacuum_cleaner	multimodal	True	True
8a4Zec3h3LM_30_40	0	10	Vacuum_cleaner	Vacuum_cleaner	Vacuum_cleaner	multimodal	True	True
8e6ha9wOsl0_30_40	0	10	Vacuum_cleaner	Vacuum_cleaner	Vacuum_cleaner	multimodal	True	True
8eR5kuvbjKA_30_40	0	10	Singing	Singing	Singing	multimodal	True	True
8h3tlcPyqwc_40_50	0	2	Basketball_bounce,Speech	Basketball_bounce	Speech	multimodal	True	True
8h3tlcPyqwc_40_50	2	3	Basketball_bounce	Basketball_bounce		multimodal	True	False
8h3tlcPyqwc_40_50	3	5	Basketball_bounce,Cheering	Basketball_bounce,Cheering	Cheering	multimodal	True	True
8h3tlcPyqwc_40_50	5	6	Cheering	Cheering	Cheering	multimodal	True	True
8h3tlcPyqwc_40_50	6	10	Clapping		Clapping	multimodal	False	True
8hcEJYEwAME_0_10	0	10	Chicken_rooster	Chicken_rooster	Chicken_rooster	multimodal	True	True
8hkevfLlY6U_70_80	0	10	Accordion	Accordion	Accordion	multimodal	True	True
8jSXancacwQ_30_40	0	10	Lawn_mower	Lawn_mower	Lawn_mower	multimodal	True	True
8k_E2GRTQXU_160_170	0	10	Violin_fiddle,Cello	Cello,Violin_fiddle	Cello,Violin_fiddle	multimodal	True	True
8ncJ1dIf33I_90_100	0	7	Motorcycle	Motorcycle	Motorcycle	multimodal	True	True
8ncJ1dIf33I_90_100	7	10	Car,Motorcycle	Motorcycle,Car	Motorcycle	multimodal	True	True
8nfl_0VXMZs_30_40	0	10	Violin_fiddle,Acoustic_guitar	Violin_fiddle	Violin_fiddle,Acoustic_guitar	multimodal	True	True
8oHpRkN839s_30_40	0	3	Speech	Speech	Speech	multimodal	True	True
8oHpRkN839s_30_40	4	6	Speech	Speech	Speech	multimodal	True	True
8oHpRkN839s_30_40	7	9	Speech	Speech	Speech	multimodal	True	True
8pEbXu9BIvw_460_470	0	10	Helicopter	Helicopter	Helicopter	multimodal	True	True
8rhDoGEvAtI_0_10	1	3	Cello,Banjo	Banjo,Cello		multimodal	True	False
8rhDoGEvAtI_0_10	3	10	Singing,Cello,Banjo	Banjo,Cello,Singing	Singing,Banjo	multimodal	True	True
8sfcMZ8A3OQ_180_190	0	4	Speech,Frying_(food)	Frying_(food)	Frying_(food),Speech	multimodal	True	True
8sfcMZ8A3OQ_180_190	4	8	Frying_(food)	Frying_(food)	Frying_(food)	multimodal	True	True
8sfcMZ8A3OQ_180_190	8	9	Speech,Frying_(food)	Frying_(food)	Frying_(food),Speech	multimodal	True	True
8sfcMZ8A3OQ_180_190	9	10	Frying_(food)	Frying_(food)	Frying_(food)	multimodal	True	True
8tA8F83juw0_120_130	0	1	Speech		Speech	multimodal	False	True
8tA8F83juw0_120_130	1	2	Singing,Speech		Speech,Singing	multimodal	False	True
8tA8F83juw0_120_130	2	3	Singing		Singing	multimodal	False	True
8tA8F83juw0_120_130	4	6	Singing		Singing	multimodal	False	True
8tA8F83juw0_120_130	6	7	Clapping	Clapping	Clapping	multimodal	True	True
8tA8F83juw0_120_130	7	9	Speech		Speech	multimodal	False	True
8w6sRjVYkow_30_40	0	10	Violin_fiddle	Violin_fiddle	Violin_fiddle	multimodal	True	True
8yZnLF45mgs_100_110	0	3	Speech		Speech	multimodal	False	True
8yZnLF45mgs_100_110	3	10	Singing,Speech	Singing	Singing,Speech	multimodal	True	True
94WKpc0i-hE_80_90	0	7	Helicopter	Helicopter	Helicopter	multimodal	True	True
94WKpc0i-hE_80_90	7	8	Speech,Helicopter	Helicopter	Helicopter,Speech	multimodal	True	True
94WKpc0i-hE_80_90	8	10	Helicopter	Helicopter	Helicopter	multimodal	True	True
96iNxFTbHVY_30_40	0	1	Speech,Accordion	Accordion,Speech	Speech	multimodal	True	True
96iNxFTbHVY_30_40	1	2	Accordion	Accordion		multimodal	True	False
96iNxFTbHVY_30_40	2	10	Accordion	Accordion	Accordion	multimodal	True	True
99WdRkgJC1Y_140_150	0	10	Chicken_rooster	Chicken_rooster	Chicken_rooster	multimodal	True	True
99oZQTz-dms_80_90	0	2	Banjo,Acoustic_guitar	Banjo,Acoustic_guitar	Banjo,Acoustic_guitar	multimodal	True	True
99oZQTz-dms_80_90	2	7	Singing,Banjo,Acoustic_guitar	Banjo,Acoustic_guitar,Singing	Singing,Banjo,Acoustic_guitar	multimodal	True	True
99oZQTz-dms_80_90	7	10	Singing,Banjo,Acoustic_guitar	Singing	Singing,Banjo,Acoustic_guitar	multimodal	True	True
9CEVf9vuRMg_90_100	0	10	Accordion	Accordion	Accordion	multimodal	True	True
9D5aLKo92Sw_160_170	0	2	Chicken_rooster	Chicken_rooster		multimodal	True	False
9D5aLKo92Sw_160_170	2	4	Chicken_rooster	Chicken_rooster	Chicken_rooster	multimodal	True	True
9D5aLKo92Sw_160_170	4	8	Chicken_rooster	Chicken_rooster		multimodal	True	False
9D5aLKo92Sw_160_170	8	10	Chicken_rooster	Chicken_rooster	Chicken_rooster	multimodal	True	True
9DfDmEBAcK0_20_30	0	10	Vacuum_cleaner	Vacuum_cleaner	Vacuum_cleaner	multimodal	True	True
9H1fa9-f3q0_420_430	0	10	Frying_(food)	Frying_(food)	Frying_(food)	multimodal	True	True
9HWG4g7a9xw_130_140	0	3	Singing,Banjo	Singing,Banjo	Singing,Banjo	multimodal	True	True
9HWG4g7a9xw_130_140	3	6	Singing,Banjo	Banjo	Singing,Banjo	multimodal	True	True
9HWG4g7a9xw_130_140	6	10	Singing,Banjo	Singing,Banjo	Singing,Banjo	multimodal	True	True
9IfN8dUgGaQ_30_40	0	3	Chicken_rooster,Dog	Dog	Chicken_rooster	multimodal	True	True
9IfN8dUgGaQ_30_40	3	4	Chicken_rooster,Dog	Chicken_rooster,Dog	Chicken_rooster	multimodal	True	True
9IfN8dUgGaQ_30_40	4	10	Cat,Chicken_rooster,Dog	Chicken_rooster,Cat,Dog	Chicken_rooster	multimodal	True	True
9LNuWqOQP5Q_110_120	0	3	Basketball_bounce	Basketball_bounce	Basketball_bounce	multimodal	True	True
9LNuWqOQP5Q_110_120	4	6	Basketball_bounce	Basketball_bounce	Basketball_bounce	multimodal	True	True
9LNuWqOQP5Q_110_120	6	7	Basketball_bounce,Speech	Basketball_bounce	Basketball_bounce,Speech	multimodal	True	True
9LNuWqOQP5Q_110_120	7	9	Basketball_bounce	Basketball_bounce	Basketball_bounce	multimodal	True	True
9LloUO5C7do_50_60	0	10	Accordion	Accordion	Accordion	multimodal	True	True
9NolcbOJZQo_30_40	0	1	Basketball_bounce	Basketball_bounce		multimodal	True	False
9NolcbOJZQo_30_40	1	4	Basketball_bounce,Speech	Basketball_bounce	Speech	multimodal	True	True
9NolcbOJZQo_30_40	4	9	Speech,Cheering,Clapping		Cheering,Speech,Clapping	multimodal	False	True
9NolcbOJZQo_30_40	9	10	Speech		Speech	multimodal	False	True
9QO5IkIA9kI_30_40	0	10	Car	Car	Car	multimodal	True	True
9TZBF1tZ1RU_90_100	0	4	Chicken_rooster	Chicken_rooster	Chicken_rooster	multimodal	True	True
9TZBF1tZ1RU_90_100	4	6	Chicken_rooster	Chicken_rooster		multimodal	True	False
9TZBF1tZ1RU_90_100	6	10	Chicken_rooster	Chicken_rooster	Chicken_rooster	multimodal	True	True
9VhN9GMfdws_10_20	0	9	Chicken_rooster,Cat	Cat	Chicken_rooster	multimodal	True	True
9VhN9GMfdws_10_20	9	10	Chicken_rooster,Speech,Cat	Cat	Chicken_rooster,Speech	multimodal	True	True
9WzF78LNQYQ_180_190	0	1	Telephone_bell_ringing		Telephone_bell_ringing	multimodal	False	True
9WzF78LNQYQ_180_190	1	4	Telephone_bell_ringing	Telephone_bell_ringing	Telephone_bell_ringing	multimodal	True	True
9WzF78LNQYQ_180_190	4	5	Speech,Telephone_bell_ringing	Telephone_bell_ringing,Speech	Speech	multimodal	True	True
9WzF78LNQYQ_180_190	5	6	Speech,Telephone_bell_ringing	Telephone_bell_ringing	Speech	multimodal	True	True
9WzF78LNQYQ_180_190	6	9	Speech		Speech	multimodal	False	True
9WzF78LNQYQ_180_190	9	10	Speech,Telephone_bell_ringing	Telephone_bell_ringing	Speech	multimodal	True	True
9XizawW_2-k_0_10	0	2	Clapping	Clapping	Clapping,Clapping	multimodal	True	True
9XizawW_2-k_0_10	2	5	Speech,Clapping	Clapping	Clapping,Clapping,Speech	multimodal	True	True
9XizawW_2-k_0_10	5	6	Speech,Clapping		Clapping,Speech	multimodal	False	True
9XizawW_2-k_0_10	6	9	Speech		Speech	multimodal	False	True
9XizawW_2-k_0_10	9	10	Speech,Clapping	Clapping	Clapping,Speech	multimodal	True	True
9XmmpxuOnBY_30_40	0	10	Accordion	Accordion	Accordion	multimodal	True	True
9YWr88Wvw28_60_70	0	10	Vacuum_cleaner	Vacuum_cleaner	Vacuum_cleaner	multimodal	True	True
9_CJeverblQ_0_10	0	7	Speech,Dog	Dog	Speech	multimodal	True	True
9_CJeverblQ_0_10	7	9	Speech,Dog	Dog	Speech,Dog	multimodal	True	True
9_CJeverblQ_0_10	9	10	Dog	Dog	Dog	multimodal	True	True
9_Pe-wbbehQ_10_20	0	10	Fire_alarm	Fire_alarm	Fire_alarm	multimodal	True	True
9_jO5lSk-og_30_40	0	10	Violin_fiddle,Dog	Violin_fiddle,Dog	Violin_fiddle,Dog	multimodal	True	True
9aNXDP2rv7o_220_230	0	1	Speech,Blender	Blender	Speech	multimodal	True	True
9aNXDP2rv7o_220_230	1	2	Blender	Blender		multimodal	True	False
9aNXDP2rv7o_220_230	2	6	Speech,Blender	Blender	Speech	multimodal	True	True
9aNXDP2rv7o_220_230	6	7	Speech,Blender	Blender	Speech,Blender	multimodal	True	True
9aNXDP2rv7o_220_230	7	8	Blender	Blender	Blender	multimodal	True	True
9aNXDP2rv7o_220_230	8	10	Speech,Blender	Blender	Speech,Blender	multimodal	True	True
9aWNjRqjmDo_160_170	0	2	Speech,Blender	Blender	Speech	multimodal	True	True
9aWNjRqjmDo_160_170	2	3	Blender	Blender	Blender	multimodal	True	True
9aWNjRqjmDo_160_170	3	5	Blender		Blender	multimodal	False	True
9aWNjRqjmDo_160_170	5	6	Blender	Blender	Blender	multimodal	True	True
9aWNjRqjmDo_160_170	6	7	Speech	Speech	Speech	multimodal	True	True
9aWNjRqjmDo_160_170	8	10	Speech	Speech	Speech	multimodal	True	True
9agE8s-KegQ_60_70	2	3	Speech	Speech	Speech	multimodal	True	True
9agE8s-KegQ_60_70	3	4	Speech,Dog	Speech,Dog	Speech	multimodal	True	True
9agE8s-KegQ_60_70	4	6	Speech,Dog	Dog	Speech	multimodal	True	True
9agE8s-KegQ_60_70	6	7	Speech	Speech	Speech	multimodal	True	True
9agE8s-KegQ_60_70	7	8	Dog	Dog		multimodal	True	False
9agE8s-KegQ_60_70	8	10	Speech,Dog	Dog	Speech,Dog	multimodal	True	True
9bZhKjPrYDQ_20_30	0	5	Baby_laughter	Baby_laughter	Baby_laughter	multimodal	True	True
9bZhKjPrYDQ_20_30	5	9	Baby_laughter,Speech	Baby_laughter	Baby_laughter,Speech	multimodal	True	True
9bZhKjPrYDQ_20_30	9	10	Baby_laughter	Baby_laughter	Baby_laughter	multimodal	True	True
9bohQsESuaU_20_30	0	1	Speech,Chicken_rooster	Chicken_rooster	Speech	multimodal	True	True
9bohQsESuaU_20_30	1	7	Chicken_rooster	Chicken_rooster	Chicken_rooster	multimodal	True	True
9bohQsESuaU_20_30	7	10	Speech,Chicken_rooster	Chicken_rooster	Chicken_rooster,Speech	multimodal	True	True
9bxrcu7lY1s_22_32	0	10	Fire_alarm	Fire_alarm	Fire_alarm	multimodal	True	True
9cwBZS6IoQE_29_39	0	6	Chicken_rooster,Dog	Chicken_rooster	Dog	multimodal	True	True
9cwBZS6IoQE_29_39	6	10	Chicken_rooster	Chicken_rooster		multimodal	True	False
9dFgCv-R7i0_0_10	0	1	Dog	Dog		multimodal	True	False
9dFgCv-R7i0_0_10	1	3	Speech,Dog	Dog	Speech	multimodal	True	True
9dFgCv-R7i0_0_10	3	4	Speech,Dog	Dog	Speech,Dog	multimodal	True	True
9dFgCv-R7i0_0_10	4	5	Speech,Dog	Dog	Speech	multimodal	True	True
9dFgCv-R7i0_0_10	5	9	Speech,Dog	Dog	Speech,Dog	multimodal	True	True
9dFgCv-R7i0_0_10	9	10	Speech,Dog	Dog	Speech	multimodal	True	True
9dhQzk0Nrcc_30_40	0	10	Speech,Violin_fiddle	Speech	Speech,Violin_fiddle	multimodal	True	True
9esovZc8MlY_10_20	0	1	Speech,Motorcycle	Motorcycle	Motorcycle,Speech	multimodal	True	True
9esovZc8MlY_10_20	1	10	Motorcycle	Motorcycle	Motorcycle	multimodal	True	True
9fcxPwWzDM0_30_40	0	10	Accordion	Accordion	Accordion	multimodal	True	True
9fp-9qML6j0_0_10	0	2	Blender	Blender		multimodal	True	False
9fp-9qML6j0_0_10	2	8	Blender	Blender	Blender	multimodal	True	True
9fp-9qML6j0_0_10	8	10	Blender	Blender		multimodal	True	False
9ggKWjpQPeQ_0_10	0	2	Dog	Dog		multimodal	True	False
9ggKWjpQPeQ_0_10	2	3	Dog	Dog	Dog	multimodal	True	True
9ggKWjpQPeQ_0_10	3	4	Speech,Dog	Dog	Dog,Speech	multimodal	True	True
9ggKWjpQPeQ_0_10	4	5	Dog	Dog		multimodal	True	False
9ggKWjpQPeQ_0_10	5	10	Dog	Dog	Dog	multimodal	True	True
9hlb-6VC2zg_30_40	0	10	Car	Car	Car	multimodal	True	True
9j9AUuseA2w_20_30	0	3	Dog	Dog	Dog	multimodal	True	True
9j9AUuseA2w_20_30	3	10	Dog	Dog		multimodal	True	False
9jS1INXlQ1w_160_170	0	4	Singing,Acoustic_guitar	Singing,Acoustic_guitar	Singing,Acoustic_guitar	multimodal	True	True
9jS1INXlQ1w_160_170	4	5	Acoustic_guitar	Acoustic_guitar	Acoustic_guitar	multimodal	True	True
9jS1INXlQ1w_160_170	5	7	Acoustic_guitar,Clapping	Acoustic_guitar,Clapping	Acoustic_guitar,Clapping	multimodal	True	True
9jS1INXlQ1w_160_170	7	9	Acoustic_guitar	Acoustic_guitar	Acoustic_guitar	multimodal	True	True
9jS1INXlQ1w_160_170	9	10	Acoustic_guitar	Acoustic_guitar		multimodal	True	False
9jin237e_AU_280_290	0	2	Acoustic_guitar,Accordion	Accordion	Accordion,Acoustic_guitar	multimodal	True	True
9jin237e_AU_280_290	2	10	Acoustic_guitar,Accordion	Accordion,Acoustic_guitar	Accordion,Acoustic_guitar	multimodal	True	True
9jrgVZRr_ls_30_40	0	1	Speech,Acoustic_guitar	Acoustic_guitar	Speech	multimodal	True	True
9jrgVZRr_ls_30_40	1	2	Speech,Acoustic_guitar	Acoustic_guitar	Acoustic_guitar,Speech	multimodal	True	True
9jrgVZRr_ls_30_40	2	3	Acoustic_guitar	Acoustic_guitar	Acoustic_guitar	multimodal	True	True
9jrgVZRr_ls_30_40	3	4	Speech,Acoustic_guitar	Acoustic_guitar	Acoustic_guitar,Speech	multimodal	True	True
9jrgVZRr_ls_30_40	4	5	Speech,Acoustic_guitar	Acoustic_guitar	Speech	multimodal	True	True
9jrgVZRr_ls_30_40	5	6	Speech,Acoustic_guitar	Acoustic_guitar	Acoustic_guitar,Speech	multimodal	True	True
9jrgVZRr_ls_30_40	6	7	Speech,Acoustic_guitar	Acoustic_guitar	Speech	multimodal	True	True
9jrgVZRr_ls_30_40	7	9	Speech,Acoustic_guitar	Acoustic_guitar	Acoustic_guitar,Speech	multimodal	True	True
9jrgVZRr_ls_30_40	9	10	Speech,Acoustic_guitar	Acoustic_guitar	Speech	multimodal	True	True
9k9LKIdgLZc_14_24	0	3	Speech,Chicken_rooster	Chicken_rooster	Speech	multimodal	True	True
9k9LKIdgLZc_14_24	3	4	Chicken_rooster	Chicken_rooster		multimodal	True	False
9k9LKIdgLZc_14_24	4	5	Chicken_rooster	Chicken_rooster	Chicken_rooster	multimodal	True	True
9k9LKIdgLZc_14_24	5	6	Chicken_rooster	Chicken_rooster		multimodal	True	False
9k9LKIdgLZc_14_24	6	8	Speech,Chicken_rooster	Chicken_rooster	Speech	multimodal	True	True
9k9LKIdgLZc_14_24	8	10	Chicken_rooster	Chicken_rooster		multimodal	True	False
9kPBS_0Entg_30_40	0	1	Speech,Acoustic_guitar	Acoustic_guitar,Speech	Speech,Acoustic_guitar	multimodal	True	True
9kPBS_0Entg_30_40	1	9	Speech,Acoustic_guitar	Acoustic_guitar,Speech	Speech	multimodal	True	True
9kPBS_0Entg_30_40	9	10	Speech,Acoustic_guitar	Acoustic_guitar	Speech	multimodal	True	True
9lB-VgsK7EE_0_10	0	1	Dog	Dog	Dog	multimodal	True	True
9lB-VgsK7EE_0_10	1	3	Speech,Dog	Dog	Speech,Dog	multimodal	True	True
9lB-VgsK7EE_0_10	3	4	Speech,Dog	Dog	Speech,Dog	multimodal	True	True
9lB-VgsK7EE_0_10	4	5	Speech,Dog	Dog	Speech	multimodal	True	True
9lB-VgsK7EE_0_10	5	6	Dog	Dog		multimodal	True	False
9lB-VgsK7EE_0_10	6	7	Dog	Dog	Dog	multimodal	True	True
9lB-VgsK7EE_0_10	7	9	Speech,Dog	Dog	Speech,Dog	multimodal	True	True
9lB-VgsK7EE_0_10	9	10	Dog	Dog	Dog	multimodal	True	True
9ltErwU9WZE_0_10	0	1	Speech,Cat	Cat	Speech	multimodal	True	True
9ltErwU9WZE_0_10	1	2	Cat	Cat	Cat	multimodal	True	True
9ltErwU9WZE_0_10	2	3	Cat	Cat		multimodal	True	False
9ltErwU9WZE_0_10	3	4	Speech,Cat	Cat	Speech	multimodal	True	True
9ltErwU9WZE_0_10	4	5	Cat	Cat	Cat	multimodal	True	True
9ltErwU9WZE_0_10	5	6	Speech,Cat	Cat	Speech	multimodal	True	True
9ltErwU9WZE_0_10	6	7	Cat	Cat		multimodal	True	False
9ltErwU9WZE_0_10	7	8	Speech,Cat	Cat	Cat,Speech	multimodal	True	True
9ltErwU9WZE_0_10	8	10	Cat	Cat	Cat	multimodal	True	True
9mKakXiHNA8_0_10	0	5	Dog	Dog	Dog	multimodal	True	True
9mKakXiHNA8_0_10	5	7	Speech,Dog	Dog	Dog,Speech	multimodal	True	True
9mKakXiHNA8_0_10	7	10	Dog	Dog	Dog	multimodal	True	True
9nVkiuTFbBQ_110_120	0	2	Banjo,Acoustic_guitar	Acoustic_guitar,Banjo	Acoustic_guitar,Banjo	multimodal	True	True
9nVkiuTFbBQ_110_120	2	10	Singing,Banjo,Acoustic_guitar	Acoustic_guitar,Banjo,Singing	Acoustic_guitar,Banjo,Singing	multimodal	True	True
9nfvnaV-Myo_30_40	0	10	Speech,Violin_fiddle,Acoustic_guitar	Violin_fiddle,Acoustic_guitar	Violin_fiddle,Speech,Acoustic_guitar	multimodal	True	True
9nwPHX0NlUQ_30_40	0	6	Baby_cry_infant_cry,Speech,Accordion	Speech,Accordion	Baby_cry_infant_cry,Speech,Speech	multimodal	True	True
9nwPHX0NlUQ_30_40	6	8	Baby_cry_infant_cry,Speech,Accordion	Accordion	Baby_cry_infant_cry,Speech,Accordion	multimodal	True	True
9nwPHX0NlUQ_30_40	8	10	Baby_cry_infant_cry,Speech,Accordion,Clapping	Accordion	Baby_cry_infant_cry,Clapping,Speech,Accordion	multimodal	True	True
9oRXmln3Ois_0_10	0	9	Motorcycle	Motorcycle	Motorcycle	multimodal	True	True
9oRXmln3Ois_0_10	9	10	Speech,Motorcycle	Motorcycle	Motorcycle,Speech	multimodal	True	True
9osfCQTKjOY_70_80	0	1	Singing	Singing	Singing	multimodal	True	True
9osfCQTKjOY_70_80	2	10	Singing	Singing	Singing	multimodal	True	True
9qeBzzC27PE_300_310	0	6	Lawn_mower	Lawn_mower	Lawn_mower	multimodal	True	True
9qeBzzC27PE_300_310	6	10	Lawn_mower		Lawn_mower	multimodal	False	True
9rYyCItieAU_140_150	0	8	Speech,Dog	Dog	Speech,Dog	multimodal	True	True
9rYyCItieAU_140_150	8	10	Dog	Dog	Dog	multimodal	True	True
9rgmk7a1_7E_30_40	0	2	Speech	Speech	Speech	multimodal	True	True
9rgmk7a1_7E_30_40	2	3	Speech,Cheering	Speech,Cheering	Cheering,Speech	multimodal	True	True
9rgmk7a1_7E_30_40	3	6	Cheering	Cheering	Cheering	multimodal	True	True
9rgmk7a1_7E_30_40	6	10	Cheering	Cheering		multimodal	True	False
9rtvuHifBEY_30_40	0	4	Speech,Chicken_rooster	Chicken_rooster	Speech	multimodal	True	True
9rtvuHifBEY_30_40	4	8	Speech,Chicken_rooster	Chicken_rooster	Speech,Chicken_rooster	multimodal	True	True
9rtvuHifBEY_30_40	8	10	Speech,Chicken_rooster	Chicken_rooster	Speech	multimodal	True	True
9ryLmLuBy0M_270_280	0	5	Speech,Chicken_rooster		Chicken_rooster,Speech	multimodal	False	True
9ryLmLuBy0M_270_280	5	10	Speech,Chicken_rooster	Chicken_rooster	Chicken_rooster,Speech	multimodal	True	True
9sS6MHbcO7A_200_210	0	10	Singing	Singing	Singing	multimodal	True	True
9sgHs7OaASA_110_120	0	8	Speech,Cat,Dog	Cat	Speech,Dog	multimodal	True	True
9sgHs7OaASA_110_120	8	9	Speech,Cat	Cat	Speech	multimodal	True	True
9sgHs7OaASA_110_120	9	10	Speech,Cat,Dog	Cat	Speech,Dog	multimodal	True	True
9skVErB1xYc_200_210	0	1	Basketball_bounce,Speech	Basketball_bounce	Speech	multimodal	True	True
9skVErB1xYc_200_210	1	2	Speech		Speech	multimodal	False	True
9skVErB1xYc_200_210	2	3	Basketball_bounce,Speech	Basketball_bounce	Speech,Basketball_bounce	multimodal	True	True
9skVErB1xYc_200_210	3	4	Speech,Basketball_bounce,Cheering,Clapping	Basketball_bounce,Cheering,Clapping	Cheering,Speech	multimodal	True	True
9skVErB1xYc_200_210	4	5	Speech,Cheering,Clapping	Cheering,Clapping	Cheering,Speech	multimodal	True	True
9skVErB1xYc_200_210	5	6	Cheering,Clapping	Cheering,Clapping	Cheering	multimodal	True	True
9skVErB1xYc_200_210	6	8	Speech,Cheering,Clapping	Cheering,Clapping	Cheering,Speech	multimodal	True	True
9skVErB1xYc_200_210	8	10	Speech,Basketball_bounce,Cheering,Clapping	Basketball_bounce,Cheering,Clapping	Cheering,Speech	multimodal	True	True
9tygoBHyE3k_200_210	0	6	Vacuum_cleaner	Vacuum_cleaner	Vacuum_cleaner	multimodal	True	True
9tygoBHyE3k_200_210	6	10	Vacuum_cleaner,Speech	Vacuum_cleaner	Vacuum_cleaner,Speech	multimodal	True	True
9u43K-cj_Pk_90_100	0	3	Violin_fiddle	Violin_fiddle	Violin_fiddle	multimodal	True	True
9u43K-cj_Pk_90_100	3	4	Violin_fiddle,Cello	Violin_fiddle	Cello	multimodal	True	True
9u43K-cj_Pk_90_100	4	10	Violin_fiddle,Cello	Violin_fiddle,Cello	Violin_fiddle,Cello	multimodal	True	True
9ui9IiwF6w8_180_190	0	3	Frying_(food)	Frying_(food)	Frying_(food)	multimodal	True	True
9ui9IiwF6w8_180_190	3	5	Speech,Frying_(food)	Frying_(food)	Frying_(food),Speech	multimodal	True	True
9ui9IiwF6w8_180_190	5	10	Frying_(food)	Frying_(food)	Frying_(food)	multimodal	True	True
9vPMaY9f540_40_50	0	2	Chainsaw	Chainsaw	Chainsaw	multimodal	True	True
9vPMaY9f540_40_50	2	3	Speech,Chainsaw	Chainsaw	Speech	multimodal	True	True
9vPMaY9f540_40_50	3	5	Chainsaw	Chainsaw		multimodal	True	False
9vPMaY9f540_40_50	5	10	Chainsaw	Chainsaw	Chainsaw	multimodal	True	True
9vkibU5yBXw_10_20	0	4	Singing	Singing	Singing	multimodal	True	True
9vkibU5yBXw_10_20	4	10	Singing,Speech	Singing	Singing,Speech	multimodal	True	True
9w88_e0QLIw_30_40	0	10	Speech,Violin_fiddle	Violin_fiddle	Violin_fiddle,Speech	multimodal	True	True
9wrBXMEM9Zg_230_240	0	2	Lawn_mower	Lawn_mower	Lawn_mower	multimodal	True	True
9wrBXMEM9Zg_230_240	2	3	Speech,Lawn_mower	Lawn_mower	Lawn_mower,Speech	multimodal	True	True
9wrBXMEM9Zg_230_240	3	10	Lawn_mower	Lawn_mower	Lawn_mower	multimodal	True	True
9xFa6pE7120_270_280	0	2	Speech,Frying_(food)	Frying_(food)	Frying_(food),Speech	multimodal	True	True
9xFa6pE7120_270_280	2	4	Speech,Frying_(food)	Frying_(food),Speech	Frying_(food),Speech	multimodal	True	True
9xFa6pE7120_270_280	4	5	Frying_(food)	Frying_(food)	Frying_(food)	multimodal	True	True
9xFa6pE7120_270_280	5	6	Speech,Frying_(food)	Frying_(food),Speech	Frying_(food)	multimodal	True	True
9xFa6pE7120_270_280	6	10	Speech,Frying_(food)	Frying_(food),Speech	Frying_(food),Speech	multimodal	True	True
9xszRnKqoTU_270_280	0	7	Speech	Speech	Speech	multimodal	True	True
9xszRnKqoTU_270_280	7	10	Singing	Singing	Singing	multimodal	True	True
9yZV_ULTEBc_30_40	0	2	Violin_fiddle		Violin_fiddle	multimodal	False	True
9yZV_ULTEBc_30_40	2	4	Violin_fiddle	Violin_fiddle	Violin_fiddle	multimodal	True	True
9yZV_ULTEBc_30_40	4	5	Violin_fiddle		Violin_fiddle	multimodal	False	True
9yZV_ULTEBc_30_40	5	9	Violin_fiddle	Violin_fiddle	Violin_fiddle	multimodal	True	True
9yZV_ULTEBc_30_40	9	10	Violin_fiddle		Violin_fiddle	multimodal	False	True
A-OeFhnlam4_30_40	0	1	Speech,Cat	Cat	Cat,Speech	multimodal	True	True
A-OeFhnlam4_30_40	1	2	Cat	Cat		multimodal	True	False
A-OeFhnlam4_30_40	2	5	Speech,Cat	Cat	Speech	multimodal	True	True
A-OeFhnlam4_30_40	5	6	Speech,Cat	Cat	Cat,Speech	multimodal	True	True
A-OeFhnlam4_30_40	6	10	Speech,Cat	Cat	Speech	multimodal	True	True
A-PigXQWChs_30_40	0	10	Helicopter	Helicopter	Helicopter	multimodal	True	True
A2QANb6eVOk_18_28	0	8	Speech,Clapping	Speech,Clapping	Speech,Clapping	multimodal	True	True
A2QANb6eVOk_18_28	8	10	Clapping	Clapping	Clapping	multimodal	True	True
A2ZSL40icvk_21_31	0	1	Dog	Dog		multimodal	True	False
A2ZSL40icvk_21_31	1	4	Speech,Dog	Dog	Speech	multimodal	True	True
A2ZSL40icvk_21_31	4	5	Dog	Dog		multimodal	True	False
A2ZSL40icvk_21_31	5	7	Speech,Dog	Dog	Speech	multimodal	True	True
A2ZSL40icvk_21_31	7	9	Speech		Speech	multimodal	False	True
A2k8DsBeCvc_40_50	0	10	Chicken_rooster	Chicken_rooster	Chicken_rooster	multimodal	True	True
A3g946O82S4_150_160	0	6	Singing,Acoustic_guitar	Acoustic_guitar,Singing	Singing,Acoustic_guitar	multimodal	True	True
A3g946O82S4_150_160	6	7	Speech,Acoustic_guitar	Acoustic_guitar,Speech	Speech	multimodal	True	True
A3g946O82S4_150_160	7	8	Cheering,Acoustic_guitar	Acoustic_guitar	Cheering	multimodal	True	True
A3g946O82S4_150_160	8	10	Cheering,Acoustic_guitar,Clapping	Acoustic_guitar,Clapping	Clapping,Cheering	multimodal	True	True
A4fQnv9jHU8_14_24	0	5	Violin_fiddle	Violin_fiddle	Violin_fiddle	multimodal	True	True
A4fQnv9jHU8_14_24	5	7	Speech,Violin_fiddle	Violin_fiddle	Violin_fiddle,Speech	multimodal	True	True
A4fQnv9jHU8_14_24	7	9	Speech,Violin_fiddle	Violin_fiddle	Speech	multimodal	True	True
A4gZxP3kJBE_100_110	0	8	Singing	Singing	Singing	multimodal	True	True
A6JssUPm4Eg_20_30	0	1	Chicken_rooster	Chicken_rooster		multimodal	True	False
A6JssUPm4Eg_20_30	1	4	Chicken_rooster	Chicken_rooster	Chicken_rooster	multimodal	True	True
A6JssUPm4Eg_20_30	4	5	Chicken_rooster	Chicken_rooster		multimodal	True	False
A6JssUPm4Eg_20_30	5	8	Chicken_rooster	Chicken_rooster	Chicken_rooster	multimodal	True	True
A6JssUPm4Eg_20_30	8	9	Chicken_rooster	Chicken_rooster		multimodal	True	False
A6JssUPm4Eg_20_30	9	10	Speech,Chicken_rooster	Chicken_rooster	Speech	multimodal	True	True
A7AV1P4R3eY_130_140	0	10	Chicken_rooster	Chicken_rooster	Chicken_rooster	multimodal	True	True
A8B7Vpt3HOs_30_40	0	1	Speech,Violin_fiddle	Violin_fiddle	Speech	multimodal	True	True
A8B7Vpt3HOs_30_40	1	2	Speech,Violin_fiddle	Violin_fiddle	Violin_fiddle,Speech	multimodal	True	True
A8B7Vpt3HOs_30_40	2	8	Violin_fiddle	Violin_fiddle	Violin_fiddle	multimodal	True	True
A8B7Vpt3HOs_30_40	8	9	Violin_fiddle		Violin_fiddle	multimodal	False	True
A8B7Vpt3HOs_30_40	9	10	Violin_fiddle	Violin_fiddle	Violin_fiddle	multimodal	True	True
AAcHfp8Ls9c_30_40	0	1	Speech,Acoustic_guitar	Acoustic_guitar	Speech	multimodal	True	True
AAcHfp8Ls9c_30_40	1	10	Speech,Acoustic_guitar	Acoustic_guitar	Acoustic_guitar,Speech	multimodal	True	True
ABBJDDsYT68_30_40	0	6	Frying_(food)	Frying_(food)	Frying_(food)	multimodal	True	True
ABBJDDsYT68_30_40	6	7	Speech,Frying_(food)	Frying_(food)	Frying_(food),Speech	multimodal	True	True
ABBJDDsYT68_30_40	7	8	Frying_(food)	Frying_(food)	Frying_(food)	multimodal	True	True
ABBJDDsYT68_30_40	8	10	Speech,Frying_(food)	Frying_(food)	Frying_(food),Speech	multimodal	True	True
ABF9u7YgQL0_110_120	0	7	Accordion	Accordion	Accordion	multimodal	True	True
ABF9u7YgQL0_110_120	7	10	Accordion		Accordion	multimodal	False	True
AD-m1uu7UhI_0_10	2	3	Singing	Singing	Singing	multimodal	True	True
AD-m1uu7UhI_0_10	4	6	Singing	Singing	Singing	multimodal	True	True
AD-m1uu7UhI_0_10	6	7	Clapping	Clapping	Clapping	multimodal	True	True
AD-m1uu7UhI_0_10	7	10	Singing,Clapping	Singing,Clapping	Singing,Clapping	multimodal	True	True
AD7kjeu67-8_10_20	0	1	Chicken_rooster	Chicken_rooster		multimodal	True	False
AD7kjeu67-8_10_20	1	4	Chicken_rooster	Chicken_rooster	Chicken_rooster	multimodal	True	True
AD7kjeu67-8_10_20	4	5	Chicken_rooster	Chicken_rooster		multimodal	True	False
AD7kjeu67-8_10_20	5	10	Chicken_rooster	Chicken_rooster	Chicken_rooster	multimodal	True	True
ADWJi2_29s8_10_20	0	10	Blender	Blender	Blender	multimodal	True	True
AE4ZaQMa2BE_30_40	0	6	Speech,Chicken_rooster		Speech,Chicken_rooster	multimodal	False	True
AE4ZaQMa2BE_30_40	6	7	Chicken_rooster		Chicken_rooster	multimodal	False	True
AE4ZaQMa2BE_30_40	7	8	Speech,Chicken_rooster	Chicken_rooster	Speech,Chicken_rooster	multimodal	True	True
AE4ZaQMa2BE_30_40	8	9	Speech,Chicken_rooster	Chicken_rooster	Speech	multimodal	True	True
AE4ZaQMa2BE_30_40	9	10	Speech		Speech	multimodal	False	True
AEVDoAasepg_280_290	0	10	Singing	Singing	Singing	multimodal	True	True
AErPqu3A5SI_250_260	0	1	Dog	Dog	Dog	multimodal	True	True
AErPqu3A5SI_250_260	1	2	Dog	Dog		multimodal	True	False
AErPqu3A5SI_250_260	2	3	Speech,Dog	Dog	Dog,Speech	multimodal	True	True
AErPqu3A5SI_250_260	3	4	Dog	Dog		multimodal	True	False
AErPqu3A5SI_250_260	4	6	Dog	Dog	Dog	multimodal	True	True
AErPqu3A5SI_250_260	6	10	Speech		Speech	multimodal	False	True
AFVmMICLE8I_30_40	0	1	Speech,Acoustic_guitar	Acoustic_guitar	Speech	multimodal	True	True
AFVmMICLE8I_30_40	1	3	Acoustic_guitar	Acoustic_guitar	Acoustic_guitar	multimodal	True	True
AFVmMICLE8I_30_40	3	4	Acoustic_guitar	Acoustic_guitar		multimodal	True	False
AFVmMICLE8I_30_40	4	5	Speech,Acoustic_guitar	Acoustic_guitar	Speech	multimodal	True	True
AFVmMICLE8I_30_40	5	7	Acoustic_guitar	Acoustic_guitar	Acoustic_guitar	multimodal	True	True
AFVmMICLE8I_30_40	7	9	Speech,Acoustic_guitar	Acoustic_guitar	Speech	multimodal	True	True
AFVmMICLE8I_30_40	9	10	Acoustic_guitar	Acoustic_guitar	Acoustic_guitar	multimodal	True	True
AFfPFQi8YLQ_30_40	0	5	Violin_fiddle,Cello	Cello,Violin_fiddle	Cello,Violin_fiddle	multimodal	True	True
AFfPFQi8YLQ_30_40	5	6	Speech,Violin_fiddle,Cello	Cello,Violin_fiddle	Cello,Violin_fiddle,Speech	multimodal	True	True
AFfPFQi8YLQ_30_40	6	9	Speech,Violin_fiddle,Cello		Cello,Violin_fiddle,Speech	multimodal	False	True
AFfPFQi8YLQ_30_40	9	10	Speech,Cello,Violin_fiddle	Speech	Cello,Violin_fiddle,Speech	multimodal	True	True
AGdT1gXPouk_200_210	0	2	Speech,Frying_(food)	Frying_(food)	Frying_(food),Speech	multimodal	True	True
AGdT1gXPouk_200_210	2	4	Frying_(food)	Frying_(food)	Frying_(food)	multimodal	True	True
AHyGaSlJ7UE_10_20	0	1	Speech,Violin_fiddle	Violin_fiddle,Speech	Speech	multimodal	True	True
AHyGaSlJ7UE_10_20	5	10	Violin_fiddle		Violin_fiddle	multimodal	False	True
AIN9E2dwVtg_30_40	9	10	Speech	Speech	Speech	multimodal	True	True
AI_noyuz1eg_30_40	0	10	Violin_fiddle	Violin_fiddle	Violin_fiddle	multimodal	True	True
AK9paigQCcA_70_80	0	3	Baby_laughter,Speech	Baby_laughter	Speech	multimodal	True	True
AK9paigQCcA_70_80	3	4	Baby_laughter,Speech	Baby_laughter	Baby_laughter,Speech	multimodal	True	True
AK9paigQCcA_70_80	4	6	Baby_laughter,Speech	Baby_laughter	Speech	multimodal	True	True
AK9paigQCcA_70_80	6	8	Baby_laughter,Speech	Baby_laughter	Baby_laughter,Speech	multimodal	True	True
AK9paigQCcA_70_80	8	10	Baby_laughter,Speech	Baby_laughter	Speech	multimodal	True	True
AMVvfK6Px8Y_280_290	0	10	Violin_fiddle	Violin_fiddle	Violin_fiddle	multimodal	True	True
AMhSn6vfmyg_30_40	0	6	Acoustic_guitar	Acoustic_guitar	Acoustic_guitar	multimodal	True	True
AMhSn6vfmyg_30_40	6	10	Singing,Acoustic_guitar	Acoustic_guitar,Singing	Acoustic_guitar,Singing	multimodal	True	True
ANN4OCM_LAU_60_70	0	1	Speech,Cat	Cat	Speech	multimodal	True	True
ANN4OCM_LAU_60_70	1	4	Speech,Cat,Dog	Cat	Speech,Dog	multimodal	True	True
ANN4OCM_LAU_60_70	4	10	Cat,Dog	Cat	Dog	multimodal	True	True
ANNIeZ6xhmM_30_40	0	5	Singing,Cheering,Clapping	Cheering,Clapping	Cheering,Clapping,Singing	multimodal	True	True
ANNIeZ6xhmM_30_40	5	6	Singing,Cheering,Speech,Clapping	Cheering,Clapping	Cheering,Clapping,Singing,Speech	multimodal	True	True
ANNIeZ6xhmM_30_40	6	9	Speech,Cheering,Clapping	Cheering,Clapping	Cheering,Clapping,Speech	multimodal	True	True
ANNIeZ6xhmM_30_40	9	10	Cheering,Clapping	Cheering,Clapping	Cheering,Clapping	multimodal	True	True
ANj-8zDd_ds_60_70	0	10	Singing	Singing	Singing	multimodal	True	True
AO15xf8M-N0_20_30	0	3	Speech,Dog	Dog	Dog,Speech	multimodal	True	True
AO15xf8M-N0_20_30	3	8	Dog	Dog	Dog	multimodal	True	True
AO15xf8M-N0_20_30	8	10	Speech,Dog	Dog	Dog,Speech	multimodal	True	True
AOoF-NIAFbQ_30_40	0	3	Speech,Acoustic_guitar	Acoustic_guitar,Speech	Speech,Acoustic_guitar	multimodal	True	True
AOoF-NIAFbQ_30_40	3	7	Speech,Acoustic_guitar	Acoustic_guitar,Speech	Speech	multimodal	True	True
AOoF-NIAFbQ_30_40	7	10	Speech,Acoustic_guitar	Acoustic_guitar	Speech	multimodal	True	True
AQh9Zek1q8k_170_180	0	10	Helicopter	Helicopter	Helicopter	multimodal	True	True
AQpmpzgr6cI_220_230	0	3	Fire_alarm		Fire_alarm	multimodal	False	True
AQpmpzgr6cI_220_230	3	10	Fire_alarm,Speech	Fire_alarm	Speech	multimodal	True	True
ARWLYqQDb6w_440_450	0	3	Speech,Blender	Speech,Blender	Speech,Blender	multimodal	True	True
ARWLYqQDb6w_440_450	3	5	Blender	Blender	Blender	multimodal	True	True
ARWLYqQDb6w_440_450	5	7	Speech,Blender	Speech,Blender	Speech,Blender	multimodal	True	True
ARWLYqQDb6w_440_450	7	8	Blender	Blender	Blender	multimodal	True	True
ARWLYqQDb6w_440_450	8	10	Speech,Blender	Speech,Blender	Speech	multimodal	True	True
ARZ9kIq_bhk_90_100	0	1	Singing	Singing	Singing	multimodal	True	True
ARZ9kIq_bhk_90_100	1	8	Singing,Clapping	Singing	Clapping,Singing	multimodal	True	True
ARZ9kIq_bhk_90_100	8	9	Singing,Clapping	Singing,Clapping	Clapping,Singing	multimodal	True	True
ARZ9kIq_bhk_90_100	9	10	Singing,Clapping	Singing	Clapping,Singing	multimodal	True	True
ARZFi1PaUko_30_40	0	5	Lawn_mower	Lawn_mower	Lawn_mower	multimodal	True	True
ARZFi1PaUko_30_40	5	10	Speech,Lawn_mower	Lawn_mower	Speech	multimodal	True	True
ARgsWq_PBQo_40_50	0	3	Dog	Dog	Dog	multimodal	True	True
ARgsWq_PBQo_40_50	3	4	Speech,Dog	Dog	Dog,Speech	multimodal	True	True
ARgsWq_PBQo_40_50	4	5	Dog	Dog	Dog	multimodal	True	True
ARgsWq_PBQo_40_50	5	6	Dog	Dog		multimodal	True	False
ARgsWq_PBQo_40_50	6	7	Speech,Dog	Dog	Dog,Speech	multimodal	True	True
ARgsWq_PBQo_40_50	7	8	Speech,Dog	Dog	Speech	multimodal	True	True
ARgsWq_PBQo_40_50	8	9	Dog	Dog	Dog	multimodal	True	True
ARgsWq_PBQo_40_50	9	10	Speech,Dog	Dog	Speech	multimodal	True	True
ARlOo2FqCfA_6_16	0	4	Chicken_rooster	Chicken_rooster		multimodal	True	False
ARlOo2FqCfA_6_16	4	5	Chicken_rooster	Chicken_rooster	Chicken_rooster	multimodal	True	True
ARlOo2FqCfA_6_16	5	6	Chicken_rooster	Chicken_rooster		multimodal	True	False
ARlOo2FqCfA_6_16	6	7	Chicken_rooster	Chicken_rooster	Chicken_rooster	multimodal	True	True
ARlOo2FqCfA_6_16	7	10	Chicken_rooster	Chicken_rooster		multimodal	True	False
ATecKAA7Ydc_130_140	0	3	Chicken_rooster	Chicken_rooster	Chicken_rooster	multimodal	True	True
ATecKAA7Ydc_130_140	3	6	Chicken_rooster	Chicken_rooster		multimodal	True	False
ATecKAA7Ydc_130_140	6	7	Chicken_rooster	Chicken_rooster	Chicken_rooster	multimodal	True	True
ATecKAA7Ydc_130_140	7	8	Chicken_rooster	Chicken_rooster		multimodal	True	False
ATecKAA7Ydc_130_140	8	10	Chicken_rooster	Chicken_rooster	Chicken_rooster	multimodal	True	True
AUuZYQpKvPE_80_90	0	10	Baby_laughter	Baby_laughter	Baby_laughter	multimodal	True	True
AV-l8lEdUvI_30_40	0	4	Speech,Chicken_rooster	Chicken_rooster	Chicken_rooster,Speech	multimodal	True	True
AV-l8lEdUvI_30_40	4	9	Chicken_rooster	Chicken_rooster	Chicken_rooster	multimodal	True	True
AV-l8lEdUvI_30_40	9	10	Speech,Chicken_rooster	Chicken_rooster	Chicken_rooster,Speech	multimodal	True	True
AVasy709Ofg_250_260	0	6	Singing	Singing	Singing	multimodal	True	True
AVasy709Ofg_250_260	6	10	Singing,Speech	Singing	Singing,Speech	multimodal	True	True
AXrILCCk2Dw_130_140	0	1	Violin_fiddle,Cello	Violin_fiddle,Cello	Violin_fiddle,Cello	multimodal	True	True
AXrILCCk2Dw_130_140	1	3	Violin_fiddle,Cello	Violin_fiddle,Cello	Violin_fiddle	multimodal	True	True
AXrILCCk2Dw_130_140	3	5	Violin_fiddle,Cello	Violin_fiddle,Cello	Violin_fiddle,Cello	multimodal	True	True
AXrILCCk2Dw_130_140	5	6	Violin_fiddle,Cello	Violin_fiddle,Cello	Violin_fiddle	multimodal	True	True
AXrILCCk2Dw_130_140	6	9	Violin_fiddle,Cello	Violin_fiddle,Cello	Violin_fiddle,Cello	multimodal	True	True
AXrILCCk2Dw_130_140	9	10	Violin_fiddle,Cello	Violin_fiddle,Cello	Violin_fiddle	multimodal	True	True
AYm8GkIxGGM_30_40	0	1	Speech,Acoustic_guitar	Acoustic_guitar	Speech	multimodal	True	True
AYm8GkIxGGM_30_40	1	2	Speech,Acoustic_guitar	Acoustic_guitar	Acoustic_guitar,Speech	multimodal	True	True
AYm8GkIxGGM_30_40	2	4	Speech,Acoustic_guitar	Acoustic_guitar	Speech	multimodal	True	True
AYm8GkIxGGM_30_40	5	9	Speech		Speech	multimodal	False	True
AYm8GkIxGGM_30_40	9	10	Speech,Acoustic_guitar	Acoustic_guitar	Speech	multimodal	True	True
AZ7oIykkOAw_22_32	0	1	Speech,Cat	Cat	Speech	multimodal	True	True
AZ7oIykkOAw_22_32	1	4	Cat	Cat	Cat	multimodal	True	True
AZ7oIykkOAw_22_32	4	5	Cat	Cat		multimodal	True	False
AZ7oIykkOAw_22_32	5	6	Speech,Cat	Cat	Cat,Speech	multimodal	True	True
AZ7oIykkOAw_22_32	6	7	Speech,Cat	Cat	Speech	multimodal	True	True
AZ7oIykkOAw_22_32	7	8	Cat	Cat	Cat	multimodal	True	True
AZ7oIykkOAw_22_32	8	10	Cat	Cat		multimodal	True	False
A_ehwKZ-sBc_0_10	0	2	Speech,Dog	Dog	Speech	multimodal	True	True
A_ehwKZ-sBc_0_10	2	3	Speech,Dog	Dog	Speech,Dog	multimodal	True	True
A_ehwKZ-sBc_0_10	3	4	Dog	Dog	Dog	multimodal	True	True
A_ehwKZ-sBc_0_10	4	5	Speech,Dog	Dog	Speech	multimodal	True	True
A_ehwKZ-sBc_0_10	5	6	Dog	Dog	Dog	multimodal	True	True
A_ehwKZ-sBc_0_10	6	7	Speech,Dog	Dog	Speech,Dog	multimodal	True	True
A_ehwKZ-sBc_0_10	7	9	Dog	Dog	Dog	multimodal	True	True
A_ehwKZ-sBc_0_10	9	10	Speech,Dog	Dog	Speech	multimodal	True	True
A_rpqF8NTh8_40_50	0	10	Singing	Singing	Singing	multimodal	True	True
Abp44StqNzo_100_110	0	6	Vacuum_cleaner,Speech	Vacuum_cleaner,Speech	Speech	multimodal	True	True
Abp44StqNzo_100_110	6	10	Vacuum_cleaner	Vacuum_cleaner	Vacuum_cleaner	multimodal	True	True
AbuQw1DeRnQ_30_40	0	10	Lawn_mower	Lawn_mower	Lawn_mower	multimodal	True	True
Ad0rGygHe4g_170_180	0	3	Fire_alarm	Fire_alarm	Fire_alarm	multimodal	True	True
Ad0rGygHe4g_170_180	3	4	Fire_alarm,Speech	Fire_alarm	Fire_alarm,Speech	multimodal	True	True
Ad0rGygHe4g_170_180	4	6	Fire_alarm		Fire_alarm	multimodal	False	True
Ad0rGygHe4g_170_180	6	8	Fire_alarm	Fire_alarm	Fire_alarm	multimodal	True	True
Ad0rGygHe4g_170_180	8	9	Fire_alarm,Speech	Fire_alarm	Fire_alarm,Speech	multimodal	True	True
Ad0rGygHe4g_170_180	9	10	Fire_alarm	Fire_alarm	Fire_alarm	multimodal	True	True
Ad4ze1PME68_20_30	0	1	Baby_laughter	Baby_laughter	Baby_laughter	multimodal	True	True
Ad4ze1PME68_20_30	1	8	Baby_laughter,Speech	Baby_laughter	Baby_laughter,Speech	multimodal	True	True
Ad4ze1PME68_20_30	8	10	Baby_laughter	Baby_laughter	Baby_laughter	multimodal	True	True
AdW3WsQy7QY_170_180	0	10	Fire_alarm	Fire_alarm	Fire_alarm	multimodal	True	True
Ae6pZjdGfRY_30_40	0	2	Chainsaw	Chainsaw	Chainsaw	multimodal	True	True
Ae6pZjdGfRY_30_40	2	6	Speech,Chainsaw	Chainsaw	Speech	multimodal	True	True
Ae6pZjdGfRY_30_40	6	10	Chainsaw	Chainsaw	Chainsaw	multimodal	True	True
AfBK1v5Llss_8_18	0	10	Speech,Violin_fiddle	Violin_fiddle	Violin_fiddle,Speech	multimodal	True	True
AgNLukhkI9A_40_50	0	8	Acoustic_guitar	Acoustic_guitar	Acoustic_guitar	multimodal	True	True
AgNLukhkI9A_40_50	8	10	Cheering,Acoustic_guitar	Acoustic_guitar	Acoustic_guitar,Cheering	multimodal	True	True
AgZ7oCbWXhE_100_110	0	3	Motorcycle	Motorcycle		multimodal	True	False
AgZ7oCbWXhE_100_110	3	7	Motorcycle	Motorcycle	Motorcycle	multimodal	True	True
AgZ7oCbWXhE_100_110	7	8	Speech,Motorcycle	Motorcycle	Motorcycle,Speech	multimodal	True	True
AgZ7oCbWXhE_100_110	8	10	Speech,Motorcycle	Motorcycle	Speech	multimodal	True	True
AiWLZmYCQzM_450_460	0	7	Violin_fiddle,Cello	Cello,Violin_fiddle	Violin_fiddle,Cello	multimodal	True	True
AiWLZmYCQzM_450_460	7	9	Violin_fiddle,Cello	Violin_fiddle	Violin_fiddle,Cello	multimodal	True	True
AiWLZmYCQzM_450_460	9	10	Violin_fiddle,Cello	Cello,Violin_fiddle	Violin_fiddle,Cello	multimodal	True	True
AjZ1Yaz-540_28_38	0	10	Chainsaw	Chainsaw	Chainsaw	multimodal	True	True
AjxSwEBhzmw_120_130	0	10	Singing,Speech,Acoustic_guitar	Acoustic_guitar,Singing	Acoustic_guitar,Singing,Speech	multimodal	True	True
Ak8WWYhJgJg_560_570	0	7	Speech,Motorcycle	Motorcycle	Speech,Motorcycle	multimodal	True	True
Ak8WWYhJgJg_560_570	7	10	Speech,Motorcycle		Speech,Motorcycle	multimodal	False	True
AkAfFL5Q4QA_30_40	0	3	Speech,Acoustic_guitar	Acoustic_guitar	Acoustic_guitar,Speech	multimodal	True	True
AkAfFL5Q4QA_30_40	3	10	Acoustic_guitar	Acoustic_guitar	Acoustic_guitar	multimodal	True	True
AlKo6BKs6ec_190_200	0	1	Chicken_rooster	Chicken_rooster	Chicken_rooster	multimodal	True	True
AlKo6BKs6ec_190_200	1	2	Chicken_rooster	Chicken_rooster		multimodal	True	False
AlKo6BKs6ec_190_200	2	6	Chicken_rooster	Chicken_rooster	Chicken_rooster	multimodal	True	True
AlKo6BKs6ec_190_200	6	10	Chicken_rooster	Chicken_rooster		multimodal	True	False
AmsZlVPWqGw_460_470	1	7	Helicopter		Helicopter	multimodal	False	True
AmsZlVPWqGw_460_470	7	10	Helicopter	Helicopter	Helicopter	multimodal	True	True
An2wy6lxaVQ_290_300	0	10	Singing	Singing	Singing	multimodal	True	True
ApkOh15yKcg_80_90	0	1	Dog	Dog		multimodal	True	False
ApkOh15yKcg_80_90	1	2	Dog	Dog	Dog	multimodal	True	True
ApkOh15yKcg_80_90	2	3	Speech,Dog	Dog	Speech	multimodal	True	True
ApkOh15yKcg_80_90	3	5	Dog	Dog		multimodal	True	False
ApkOh15yKcg_80_90	5	6	Speech,Dog	Dog	Speech	multimodal	True	True
ApkOh15yKcg_80_90	6	10	Dog	Dog		multimodal	True	False
Ar7FCio0__8_3_13	0	2	Chicken_rooster	Chicken_rooster		multimodal	True	False
Ar7FCio0__8_3_13	2	3	Chicken_rooster	Chicken_rooster	Chicken_rooster	multimodal	True	True
Ar7FCio0__8_3_13	3	5	Chicken_rooster	Chicken_rooster		multimodal	True	False
Ar7FCio0__8_3_13	5	6	Speech,Chicken_rooster	Chicken_rooster	Speech	multimodal	True	True
Ar7FCio0__8_3_13	6	10	Chicken_rooster	Chicken_rooster		multimodal	True	False
ArVDnCbQ6mU_30_40	0	1	Speech,Helicopter	Helicopter	Helicopter,Speech	multimodal	True	True
ArVDnCbQ6mU_30_40	1	3	Helicopter	Helicopter	Helicopter	multimodal	True	True
ArVDnCbQ6mU_30_40	3	10	Speech,Helicopter	Helicopter	Helicopter,Speech	multimodal	True	True
ArfpBVgOf3o_300_310	1	3	Fire_alarm	Fire_alarm		multimodal	True	False
ArfpBVgOf3o_300_310	3	10	Fire_alarm	Fire_alarm	Fire_alarm	multimodal	True	True
AsY6Bqnp8I0_590_600	0	2	Speech,Car,Motorcycle	Motorcycle,Car	Motorcycle,Speech	multimodal	True	True
AsY6Bqnp8I0_590_600	2	10	Car,Motorcycle	Motorcycle,Car	Motorcycle	multimodal	True	True
AtYmhWV2bAw_30_40	0	1	Speech		Speech	multimodal	False	True
AtYmhWV2bAw_30_40	1	4	Speech,Helicopter	Helicopter	Helicopter,Speech	multimodal	True	True
AtYmhWV2bAw_30_40	4	5	Helicopter		Helicopter	multimodal	False	True
AtYmhWV2bAw_30_40	5	6	Speech		Speech	multimodal	False	True
AtYmhWV2bAw_30_40	7	10	Speech		Speech	multimodal	False	True
AuM1rU__KQA_360_370	0	10	Blender	Blender	Blender	multimodal	True	True
Aulv3ps28cw_110_120	0	1	Acoustic_guitar	Acoustic_guitar	Acoustic_guitar	multimodal	True	True
Aulv3ps28cw_110_120	1	3	Speech,Acoustic_guitar	Acoustic_guitar	Speech	multimodal	True	True
Aulv3ps28cw_110_120	3	4	Speech,Acoustic_guitar	Acoustic_guitar	Acoustic_guitar,Speech	multimodal	True	True
Aulv3ps28cw_110_120	4	5	Acoustic_guitar	Acoustic_guitar	Acoustic_guitar	multimodal	True	True
Aulv3ps28cw_110_120	5	8	Speech,Acoustic_guitar	Acoustic_guitar	Acoustic_guitar,Speech	multimodal	True	True
Aulv3ps28cw_110_120	8	9	Speech,Acoustic_guitar	Acoustic_guitar	Speech	multimodal	True	True
Aulv3ps28cw_110_120	9	10	Speech,Acoustic_guitar	Acoustic_guitar	Acoustic_guitar,Speech	multimodal	True	True
AuriFQYfJbY_30_40	0	4	Speech	Speech	Speech	multimodal	True	True
AuriFQYfJbY_30_40	4	5	Singing	Singing	Singing	multimodal	True	True
AuriFQYfJbY_30_40	5	10	Singing,Violin_fiddle	Singing	Violin_fiddle,Singing	multimodal	True	True
AuxLUHyzMoQ_30_40	0	1	Speech,Dog	Dog	Speech	multimodal	True	True
AuxLUHyzMoQ_30_40	1	4	Speech,Dog	Dog	Dog,Speech	multimodal	True	True
AuxLUHyzMoQ_30_40	4	10	Speech,Dog	Dog	Speech	multimodal	True	True
AwHupnbzjOU_10_20	0	1	Motorcycle	Motorcycle	Motorcycle	multimodal	True	True
AwHupnbzjOU_10_20	1	3	Speech,Motorcycle	Motorcycle	Motorcycle,Speech	multimodal	True	True
AwHupnbzjOU_10_20	3	5	Motorcycle	Motorcycle	Motorcycle	multimodal	True	True
AwHupnbzjOU_10_20	5	6	Car,Motorcycle	Motorcycle,Car	Motorcycle	multimodal	True	True
AwHupnbzjOU_10_20	6	7	Motorcycle	Motorcycle	Motorcycle	multimodal	True	True
AwHupnbzjOU_10_20	7	10	Car,Motorcycle	Motorcycle,Car	Motorcycle	multimodal	True	True
AwZvBmQ6a48_50_60	0	10	Cello	Cello	Cello	multimodal	True	True
AxvN5SDWZ74_30_40	1	6	Speech		Speech	multimodal	False	True
AxvN5SDWZ74_30_40	6	10	Clapping	Clapping	Clapping	multimodal	True	True
AyZOG94lAXc_10_20	0	3	Speech,Dog	Dog	Dog,Speech	multimodal	True	True
AyZOG94lAXc_10_20	3	6	Speech,Dog	Dog	Speech	multimodal	True	True
AyZOG94lAXc_10_20	6	7	Dog	Dog		multimodal	True	False
AyZOG94lAXc_10_20	7	8	Speech,Dog	Dog	Dog,Speech	multimodal	True	True
AyZOG94lAXc_10_20	8	10	Dog	Dog	Dog	multimodal	True	True
AyccjmQs19I_30_40	0	10	Violin_fiddle	Violin_fiddle	Violin_fiddle	multimodal	True	True
B3yC2M_tgHQ_30_40	0	5	Lawn_mower	Lawn_mower	Lawn_mower	multimodal	True	True
B3yC2M_tgHQ_30_40	5	8	Speech,Lawn_mower	Lawn_mower,Speech	Lawn_mower,Speech	multimodal	True	True
B3yC2M_tgHQ_30_40	8	10	Lawn_mower	Lawn_mower	Lawn_mower	multimodal	True	True
B40LYUDQXsI_220_230	0	2	Speech,Blender	Blender	Speech	multimodal	True	True
B40LYUDQXsI_220_230	2	10	Blender	Blender	Blender	multimodal	True	True
B47e2vDCzgI_50_60	0	10	Violin_fiddle,Cello	Cello,Violin_fiddle	Cello,Violin_fiddle	multimodal	True	True
B4FiW4xiK0Q_30_40	0	3	Speech,Acoustic_guitar	Acoustic_guitar,Speech	Speech	multimodal	True	True
B4FiW4xiK0Q_30_40	3	10	Acoustic_guitar	Acoustic_guitar	Acoustic_guitar	multimodal	True	True
B4Q6N08yhp8_80_90	0	2	Vacuum_cleaner	Vacuum_cleaner		multimodal	True	False
B4Q6N08yhp8_80_90	2	4	Vacuum_cleaner,Speech	Vacuum_cleaner,Speech	Speech	multimodal	True	True
B4Q6N08yhp8_80_90	4	7	Vacuum_cleaner	Vacuum_cleaner		multimodal	True	False
B4Q6N08yhp8_80_90	7	8	Vacuum_cleaner	Vacuum_cleaner	Vacuum_cleaner	multimodal	True	True
B4Q6N08yhp8_80_90	8	9	Vacuum_cleaner,Speech	Vacuum_cleaner,Speech	Vacuum_cleaner,Speech	multimodal	True	True
B4Q6N08yhp8_80_90	9	10	Vacuum_cleaner,Speech	Vacuum_cleaner	Vacuum_cleaner,Speech	multimodal	True	True
B4Qzd6WRiZk_120_130	0	1	Banjo	Banjo	Banjo	multimodal	True	True
B4Qzd6WRiZk_120_130	1	10	Singing,Banjo	Banjo,Singing	Banjo,Singing	multimodal	True	True
B4emRH8vbWQ_10_20	0	2	Helicopter	Helicopter	Helicopter	multimodal	True	True
B4emRH8vbWQ_10_20	2	3	Speech,Helicopter	Helicopter	Helicopter,Speech	multimodal	True	True
B4emRH8vbWQ_10_20	3	8	Speech,Helicopter	Helicopter	Speech	multimodal	True	True
B4emRH8vbWQ_10_20	8	9	Helicopter	Helicopter	Helicopter	multimodal	True	True
B4emRH8vbWQ_10_20	9	10	Speech,Helicopter	Helicopter	Helicopter,Speech	multimodal	True	True
B52GT8H-Xh8_70_80	0	3	Speech		Speech	multimodal	False	True
B52GT8H-Xh8_70_80	3	5	Speech	Speech	Speech	multimodal	True	True
B52GT8H-Xh8_70_80	5	6	Speech		Speech	multimodal	False	True
B52GT8H-Xh8_70_80	6	8	Vacuum_cleaner,Speech	Vacuum_cleaner,Speech	Speech	multimodal	True	True
B52GT8H-Xh8_70_80	8	10	Speech		Speech	multimodal	False	True
B5WupLl29jI_40_50	0	2	Cat	Cat	Cat	multimodal	True	True
B5WupLl29jI_40_50	2	4	Speech,Cat	Cat	Speech	multimodal	True	True
B5WupLl29jI_40_50	4	6	Cat	Cat		multimodal	True	False
B5WupLl29jI_40_50	6	8	Speech,Cat	Cat	Speech	multimodal	True	True
B5vchK8zBNY_100_110	0	2	Speech,Dog	Dog	Speech	multimodal	True	True
B5vchK8zBNY_100_110	2	10	Dog	Dog		multimodal	True	False
B6KL-BlnzAA_30_40	1	3	Speech		Speech	multimodal	False	True
B6KL-BlnzAA_30_40	3	5	Speech,Dog	Dog	Speech	multimodal	True	True
B6KL-BlnzAA_30_40	5	6	Speech		Speech	multimodal	False	True
B6KL-BlnzAA_30_40	6	8	Speech,Dog	Dog	Speech	multimodal	True	True
B6KL-BlnzAA_30_40	8	9	Dog	Dog		multimodal	True	False
B6KL-BlnzAA_30_40	9	10	Speech,Dog	Dog	Speech	multimodal	True	True
B6qzrmrFOms_100_110	0	5	Speech		Speech	multimodal	False	True
B6qzrmrFOms_100_110	5	10	Singing,Speech	Singing	Singing,Speech	multimodal	True	True
B8CXFCBwBxs_540_550	0	1	Vacuum_cleaner,Speech	Vacuum_cleaner	Vacuum_cleaner,Speech	multimodal	True	True
B8CXFCBwBxs_540_550	1	6	Vacuum_cleaner	Vacuum_cleaner	Vacuum_cleaner	multimodal	True	True
B8CXFCBwBxs_540_550	6	10	Vacuum_cleaner,Speech	Vacuum_cleaner	Vacuum_cleaner,Speech	multimodal	True	True
BALWO0KXoYU_40_50	0	4	Singing,Clapping	Clapping	Clapping,Singing	multimodal	True	True
BALWO0KXoYU_40_50	4	7	Clapping	Clapping	Clapping	multimodal	True	True
BALWO0KXoYU_40_50	7	8	Speech,Clapping	Clapping	Clapping,Speech	multimodal	True	True
BAYF00tB5mA_0_10	0	4	Baby_laughter	Baby_laughter	Baby_laughter	multimodal	True	True
BAYF00tB5mA_0_10	4	5	Baby_laughter,Vacuum_cleaner	Baby_laughter	Baby_laughter,Vacuum_cleaner	multimodal	True	True
BAYF00tB5mA_0_10	5	7	Vacuum_cleaner		Vacuum_cleaner	multimodal	False	True
BAYF00tB5mA_0_10	7	10	Vacuum_cleaner,Speech		Vacuum_cleaner,Speech	multimodal	False	True
BCfEC6kZ1KQ_180_190	0	7	Violin_fiddle,Cello,Acoustic_guitar	Cello,Acoustic_guitar,Violin_fiddle	Cello,Violin_fiddle,Acoustic_guitar	multimodal	True	True
BCfEC6kZ1KQ_180_190	7	9	Violin_fiddle,Cello,Acoustic_guitar	Cello,Acoustic_guitar,Violin_fiddle	Cello,Violin_fiddle	multimodal	True	True
BCfEC6kZ1KQ_180_190	9	10	Violin_fiddle,Cello,Acoustic_guitar	Cello,Acoustic_guitar,Violin_fiddle	Cello,Violin_fiddle,Acoustic_guitar	multimodal	True	True
BE4v9ixDwmA_30_40	0	2	Speech,Acoustic_guitar	Acoustic_guitar	Speech	multimodal	True	True
BE4v9ixDwmA_30_40	2	3	Acoustic_guitar	Acoustic_guitar		multimodal	True	False
BE4v9ixDwmA_30_40	3	7	Acoustic_guitar	Acoustic_guitar	Acoustic_guitar	multimodal	True	True
BE4v9ixDwmA_30_40	7	8	Speech,Acoustic_guitar	Acoustic_guitar	Speech	multimodal	True	True
BE4v9ixDwmA_30_40	8	10	Acoustic_guitar	Acoustic_guitar	Acoustic_guitar	multimodal	True	True
BGfHJ80IBA8_30_40	0	10	Helicopter	Helicopter	Helicopter	multimodal	True	True
BGoSFqLfyvI_40_50	0	1	Speech,Cat	Cat	Cat,Speech	multimodal	True	True
BGoSFqLfyvI_40_50	1	3	Cat	Cat	Cat	multimodal	True	True
BGoSFqLfyvI_40_50	3	4	Speech,Cat	Cat	Cat,Speech	multimodal	True	True
BGoSFqLfyvI_40_50	4	9	Cat	Cat	Cat	multimodal	True	True
BGoSFqLfyvI_40_50	9	10	Speech,Cat	Cat	Speech	multimodal	True	True
BH5P3f60ikk_30_40	0	2	Dog	Dog		multimodal	True	False
BH5P3f60ikk_30_40	2	4	Speech,Dog	Dog	Speech	multimodal	True	True
BH5P3f60ikk_30_40	4	6	Dog	Dog	Dog	multimodal	True	True
BH5P3f60ikk_30_40	6	7	Speech,Dog	Dog	Speech,Dog	multimodal	True	True
BH5P3f60ikk_30_40	7	8	Dog	Dog		multimodal	True	False
BH5P3f60ikk_30_40	8	10	Speech,Dog	Dog	Speech,Dog	multimodal	True	True
BHLdOTsouJw_30_40	0	7	Speech,Banjo	Banjo,Speech	Speech	multimodal	True	True
BHLdOTsouJw_30_40	7	8	Speech,Banjo	Banjo,Speech	Speech,Banjo	multimodal	True	True
BHLdOTsouJw_30_40	8	10	Banjo	Banjo	Banjo	multimodal	True	True
BIhNX3EiXBk_140_150	0	2	Speech,Dog	Dog	Speech	multimodal	True	True
BIhNX3EiXBk_140_150	2	3	Speech,Dog	Dog	Dog,Speech	multimodal	True	True
BIhNX3EiXBk_140_150	3	5	Dog	Dog	Dog	multimodal	True	True
BIhNX3EiXBk_140_150	5	6	Speech,Dog	Dog	Speech	multimodal	True	True
BIhNX3EiXBk_140_150	6	10	Dog	Dog		multimodal	True	False
BIoHN1ABoQE_90_100	0	4	Singing	Singing	Singing	multimodal	True	True
BIoHN1ABoQE_90_100	4	6	Singing,Speech	Singing	Singing,Speech	multimodal	True	True
BIoHN1ABoQE_90_100	6	8	Speech		Speech	multimodal	False	True
BIoHN1ABoQE_90_100	8	10	Singing	Singing	Singing	multimodal	True	True
BJQf1e61WlQ_30_40	0	1	Violin_fiddle	Violin_fiddle	Violin_fiddle	multimodal	True	True
BJQf1e61WlQ_30_40	1	3	Speech,Violin_fiddle	Violin_fiddle,Speech	Speech,Violin_fiddle	multimodal	True	True
BJQf1e61WlQ_30_40	3	4	Violin_fiddle	Violin_fiddle		multimodal	True	False
BJQf1e61WlQ_30_40	4	10	Speech,Violin_fiddle	Violin_fiddle,Speech	Speech	multimodal	True	True
BJZ5U4bXsd8_7_17	0	1	Speech,Dog	Dog	Dog,Speech	multimodal	True	True
BJZ5U4bXsd8_7_17	1	3	Speech,Dog	Dog	Speech	multimodal	True	True
BJZ5U4bXsd8_7_17	3	4	Dog	Dog		multimodal	True	False
BJZ5U4bXsd8_7_17	4	5	Dog	Dog	Dog	multimodal	True	True
BJZ5U4bXsd8_7_17	5	7	Dog	Dog		multimodal	True	False
BJZ5U4bXsd8_7_17	7	8	Dog	Dog	Dog	multimodal	True	True
BJZ5U4bXsd8_7_17	8	9	Dog	Dog		multimodal	True	False
BLi6DZmr_fU_30_40	0	1	Speech,Dog	Dog	Speech	multimodal	True	True
BLi6DZmr_fU_30_40	1	5	Dog	Dog	Dog	multimodal	True	True
BLi6DZmr_fU_30_40	5	7	Speech,Dog	Dog	Dog,Speech	multimodal	True	True
BLi6DZmr_fU_30_40	7	9	Dog	Dog	Dog	multimodal	True	True
BLi6DZmr_fU_30_40	9	10	Speech,Dog	Dog	Dog,Speech	multimodal	True	True
BMmI8Z-L_iY_80_90	0	1	Speech,Dog	Dog	Dog,Speech	multimodal	True	True
BMmI8Z-L_iY_80_90	1	5	Speech,Dog	Dog	Speech	multimodal	True	True
BMmI8Z-L_iY_80_90	5	8	Speech,Dog	Dog	Dog,Speech	multimodal	True	True
BMmI8Z-L_iY_80_90	8	9	Dog	Dog	Dog	multimodal	True	True
BNNXdQqlTos_30_40	0	3	Cello	Cello	Cello	multimodal	True	True
BNNXdQqlTos_30_40	3	4	Cello	Cello		multimodal	True	False
BNNXdQqlTos_30_40	4	10	Singing,Cello	Cello	Singing	multimodal	True	True
BNiU6AKQTCs_140_150	0	7	Motorcycle	Motorcycle	Motorcycle	multimodal	True	True
BNiU6AKQTCs_140_150	7	10	Speech,Motorcycle	Motorcycle	Motorcycle,Speech	multimodal	True	True
BO7DUflFfIc_30_40	0	2	Cat	Cat		multimodal	True	False
BO7DUflFfIc_30_40	5	6	Speech,Cat	Cat	Speech	multimodal	True	True
BO7DUflFfIc_30_40	6	7	Speech,Cat	Cat	Cat,Speech	multimodal	True	True
BO7DUflFfIc_30_40	7	8	Cat	Cat	Cat	multimodal	True	True
BO7DUflFfIc_30_40	8	10	Cat	Cat		multimodal	True	False
BP4Z8KmDLHw_25_35	0	7	Speech,Chicken_rooster	Chicken_rooster	Chicken_rooster,Speech	multimodal	True	True
BP4Z8KmDLHw_25_35	7	8	Chicken_rooster	Chicken_rooster	Chicken_rooster	multimodal	True	True
BP4Z8KmDLHw_25_35	8	9	Speech,Chicken_rooster	Chicken_rooster	Chicken_rooster,Speech	multimodal	True	True
BP4Z8KmDLHw_25_35	9	10	Chicken_rooster	Chicken_rooster	Chicken_rooster	multimodal	True	True
BQmyfqCv4bc_40_50	0	3	Speech,Acoustic_guitar	Speech,Acoustic_guitar	Speech,Acoustic_guitar	multimodal	True	True
BQmyfqCv4bc_40_50	3	6	Acoustic_guitar	Acoustic_guitar	Acoustic_guitar	multimodal	True	True
BQmyfqCv4bc_40_50	6	7	Speech,Acoustic_guitar	Speech,Acoustic_guitar	Speech,Acoustic_guitar	multimodal	True	True
BQmyfqCv4bc_40_50	7	8	Speech,Acoustic_guitar	Speech,Acoustic_guitar	Speech	multimodal	True	True
BQmyfqCv4bc_40_50	8	9	Speech,Acoustic_guitar	Speech,Acoustic_guitar	Speech,Acoustic_guitar	multimodal	True	True
BQmyfqCv4bc_40_50	9	10	Acoustic_guitar	Acoustic_guitar	Acoustic_guitar	multimodal	True	True
BRqkaSCAh3E_30_40	0	3	Lawn_mower	Lawn_mower	Lawn_mower	multimodal	True	True
BRqkaSCAh3E_30_40	3	6	Lawn_mower	Lawn_mower		multimodal	True	False
BRqkaSCAh3E_30_40	6	7	Speech,Lawn_mower	Lawn_mower	Speech	multimodal	True	True
BRqkaSCAh3E_30_40	7	9	Lawn_mower	Lawn_mower		multimodal	True	False
BRqkaSCAh3E_30_40	9	10	Speech,Lawn_mower	Lawn_mower,Speech	Speech	multimodal	True	True
BRtGk2YmdJ0_20_30	0	3	Speech		Speech	multimodal	False	True
BRtGk2YmdJ0_20_30	3	7	Baby_laughter,Speech	Baby_laughter	Baby_laughter,Speech	multimodal	True	True
BRtGk2YmdJ0_20_30	7	9	Baby_laughter	Baby_laughter	Baby_laughter	multimodal	True	True
BRtGk2YmdJ0_20_30	9	10	Baby_laughter,Speech	Baby_laughter	Baby_laughter,Speech	multimodal	True	True
BSaCSGuS8_8_200_210	0	7	Motorcycle	Motorcycle	Motorcycle	multimodal	True	True
BSaCSGuS8_8_200_210	7	8	Motorcycle		Motorcycle	multimodal	False	True
BSaCSGuS8_8_200_210	8	10	Speech,Motorcycle	Motorcycle	Motorcycle,Speech	multimodal	True	True
BSuuvLgxclA_30_40	0	10	Chicken_rooster	Chicken_rooster	Chicken_rooster	multimodal	True	True
BTrSKQ9EI4o_0_10	0	3	Acoustic_guitar	Acoustic_guitar		multimodal	True	False
BTrSKQ9EI4o_0_10	3	10	Acoustic_guitar	Acoustic_guitar	Acoustic_guitar	multimodal	True	True
BUq7YBMxHc4_30_40	0	5	Speech,Dog	Dog	Speech	multimodal	True	True
BUq7YBMxHc4_30_40	5	6	Speech,Dog	Dog	Dog,Speech	multimodal	True	True
BUq7YBMxHc4_30_40	6	7	Speech,Dog	Dog	Speech	multimodal	True	True
BUq7YBMxHc4_30_40	7	8	Dog	Dog		multimodal	True	False
BUq7YBMxHc4_30_40	8	10	Speech,Dog	Dog	Speech	multimodal	True	True
BVkRX4CLEpc_30_40	0	10	Violin_fiddle,Car	Car	Violin_fiddle	multimodal	True	True
BXRksBkw2vw_30_40	0	10	Chicken_rooster	Chicken_rooster	Chicken_rooster	multimodal	True	True
BXVhuHTAels_100_110	0	4	Speech,Acoustic_guitar	Speech,Acoustic_guitar	Speech	multimodal	True	True
BXVhuHTAels_100_110	4	10	Acoustic_guitar	Acoustic_guitar	Acoustic_guitar	multimodal	True	True
BX_0KPEn9iE_30_40	0	10	Violin_fiddle,Cello	Cello,Violin_fiddle	Cello,Violin_fiddle	multimodal	True	True
BYEYNxKvij4_70_80	0	4	Singing,Cello,Acoustic_guitar	Singing,Cello,Acoustic_guitar	Singing,Singing,Cello,Acoustic_guitar	multimodal	True	True
BYEYNxKvij4_70_80	4	6	Cello,Acoustic_guitar	Cello,Acoustic_guitar	Cello	multimodal	True	True
BYEYNxKvij4_70_80	6	10	Singing,Cello,Acoustic_guitar	Singing,Cello,Acoustic_guitar	Singing,Singing,Cello,Acoustic_guitar	multimodal	True	True
BZCgbtdNH6Q_30_40	0	10	Chainsaw	Chainsaw	Chainsaw	multimodal	True	True
B_xS6aJj_Jc_30_40	0	10	Speech,Cheering	Cheering	Cheering,Speech	multimodal	True	True
BaUfQOf2U6w_110_120	0	7	Acoustic_guitar	Acoustic_guitar	Acoustic_guitar	multimodal	True	True
BaUfQOf2U6w_110_120	7	10	Speech,Acoustic_guitar	Acoustic_guitar	Speech	multimodal	True	True
Ba_VHuQu4ec_50_60	0	1	Speech,Motorcycle	Motorcycle	Motorcycle,Speech	multimodal	True	True
Ba_VHuQu4ec_50_60	1	9	Motorcycle	Motorcycle	Motorcycle	multimodal	True	True
Ba_VHuQu4ec_50_60	9	10	Speech,Motorcycle	Motorcycle,Speech	Motorcycle,Speech	multimodal	True	True
BafIZkvv6SE_30_40	0	1	Singing,Acoustic_guitar	Acoustic_guitar,Singing	Singing,Acoustic_guitar	multimodal	True	True
BafIZkvv6SE_30_40	1	3	Singing,Speech,Acoustic_guitar	Acoustic_guitar,Singing	Singing,Acoustic_guitar,Speech	multimodal	True	True
BafIZkvv6SE_30_40	3	4	Speech,Acoustic_guitar	Acoustic_guitar	Acoustic_guitar,Speech	multimodal	True	True
BafIZkvv6SE_30_40	4	7	Singing,Speech,Acoustic_guitar	Acoustic_guitar	Singing,Acoustic_guitar,Speech	multimodal	True	True
BafIZkvv6SE_30_40	7	8	Speech,Acoustic_guitar	Acoustic_guitar	Acoustic_guitar,Speech	multimodal	True	True
BafIZkvv6SE_30_40	8	10	Singing,Speech,Acoustic_guitar	Acoustic_guitar,Singing	Singing,Acoustic_guitar,Speech	multimodal	True	True
Baue01N86wE_10_20	0	1	Basketball_bounce,Dog	Dog,Basketball_bounce		multimodal	True	False
Baue01N86wE_10_20	1	3	Dog	Dog		multimodal	True	False
Baue01N86wE_10_20	3	5	Dog	Dog	Dog	multimodal	True	True
Baue01N86wE_10_20	5	6	Speech,Dog	Dog	Speech,Dog	multimodal	True	True
Baue01N86wE_10_20	6	7	Speech,Dog	Dog	Speech	multimodal	True	True
Baue01N86wE_10_20	7	9	Dog	Dog		multimodal	True	False
Baue01N86wE_10_20	9	10	Dog	Dog	Dog	multimodal	True	True
BbB_Gks17K0_50_60	0	1	Fire_alarm	Fire_alarm	Fire_alarm	multimodal	True	True
BbB_Gks17K0_50_60	1	2	Fire_alarm	Fire_alarm		multimodal	True	False
BbB_Gks17K0_50_60	2	5	Fire_alarm	Fire_alarm	Fire_alarm	multimodal	True	True
BbB_Gks17K0_50_60	5	6	Fire_alarm	Fire_alarm		multimodal	True	False
BbB_Gks17K0_50_60	6	9	Fire_alarm	Fire_alarm	Fire_alarm	multimodal	True	True
BbB_Gks17K0_50_60	9	10	Fire_alarm,Speech	Fire_alarm	Speech	multimodal	True	True
BbDf0ZKc4zA_30_40	0	2	Dog	Dog		multimodal	True	False
BbDf0ZKc4zA_30_40	2	3	Speech,Dog	Dog	Speech	multimodal	True	True
BbDf0ZKc4zA_30_40	3	4	Dog	Dog		multimodal	True	False
BbDf0ZKc4zA_30_40	4	7	Dog	Dog	Dog	multimodal	True	True
BbDf0ZKc4zA_30_40	7	8	Dog	Dog		multimodal	True	False
BbDf0ZKc4zA_30_40	8	10	Dog	Dog	Dog	multimodal	True	True
BbiDC4kHcpY_0_10	0	1	Violin_fiddle,Cello	Cello,Violin_fiddle		multimodal	True	False
BbiDC4kHcpY_0_10	1	2	Speech,Violin_fiddle,Cello	Cello,Violin_fiddle	Speech	multimodal	True	True
BbiDC4kHcpY_0_10	2	10	Violin_fiddle,Cello	Cello,Violin_fiddle	Violin_fiddle	multimodal	True	True
Bd2nhNf9Tp8_240_250	0	10	Vacuum_cleaner	Vacuum_cleaner	Vacuum_cleaner	multimodal	True	True
BjOWvamMDTw_190_200	0	3	Motorcycle	Motorcycle	Motorcycle	multimodal	True	True
BjOWvamMDTw_190_200	3	5	Speech,Motorcycle	Motorcycle,Speech	Motorcycle,Speech	multimodal	True	True
BjOWvamMDTw_190_200	5	9	Motorcycle	Motorcycle	Motorcycle	multimodal	True	True
BjOWvamMDTw_190_200	9	10	Speech,Motorcycle	Motorcycle	Motorcycle,Speech	multimodal	True	True
BjgpmR-jg6o_30_40	0	1	Speech,Helicopter	Helicopter	Helicopter,Speech	multimodal	True	True
BjgpmR-jg6o_30_40	1	2	Helicopter	Helicopter	Helicopter	multimodal	True	True
BjgpmR-jg6o_30_40	2	3	Helicopter	Helicopter		multimodal	True	False
BjgpmR-jg6o_30_40	3	10	Speech,Helicopter	Helicopter	Helicopter,Speech	multimodal	True	True
BkUdwj5JR0Q_20_30	0	2	Speech	Speech	Speech	multimodal	True	True
BkUdwj5JR0Q_20_30	2	3	Speech,Blender	Speech	Speech,Blender	multimodal	True	True
BkUdwj5JR0Q_20_30	3	7	Speech,Blender	Speech,Blender	Speech,Blender	multimodal	True	True
BkUdwj5JR0Q_20_30	7	10	Speech,Blender	Speech,Blender	Speech	multimodal	True	True
BkuBZMpG9XU_120_130	0	2	Singing	Singing	Singing	multimodal	True	True
BkuBZMpG9XU_120_130	2	4	Singing,Speech	Singing	Singing,Speech	multimodal	True	True
BkuBZMpG9XU_120_130	4	7	Singing	Singing	Singing	multimodal	True	True
BkuBZMpG9XU_120_130	7	9	Singing,Speech	Singing	Singing,Speech	multimodal	True	True
BkuBZMpG9XU_120_130	9	10	Singing	Singing	Singing	multimodal	True	True
BlU3CyIZN44_26_36	0	2	Baby_cry_infant_cry	Baby_cry_infant_cry	Baby_cry_infant_cry	multimodal	True	True
BlU3CyIZN44_26_36	3	5	Baby_cry_infant_cry	Baby_cry_infant_cry	Baby_cry_infant_cry	multimodal	True	True
Bo8UOutX7mQ_170_180	0	10	Violin_fiddle	Violin_fiddle	Violin_fiddle	multimodal	True	True
BoQbqWnU4c0_70_80	0	10	Vacuum_cleaner	Vacuum_cleaner	Vacuum_cleaner	multimodal	True	True
BrH-NJpiTOo_90_100	0	1	Chicken_rooster	Chicken_rooster		multimodal	True	False
BrH-NJpiTOo_90_100	1	2	Chicken_rooster	Chicken_rooster	Chicken_rooster	multimodal	True	True
BrH-NJpiTOo_90_100	2	3	Speech,Chicken_rooster	Chicken_rooster	Speech	multimodal	True	True
BrH-NJpiTOo_90_100	3	5	Speech,Chicken_rooster	Chicken_rooster	Chicken_rooster,Speech	multimodal	True	True
BrH-NJpiTOo_90_100	5	9	Chicken_rooster	Chicken_rooster	Chicken_rooster	multimodal	True	True
BrH-NJpiTOo_90_100	9	10	Chicken_rooster	Chicken_rooster		multimodal	True	False
BtjZjdUqzvY_4_14	0	9	Chainsaw	Chainsaw	Chainsaw	multimodal	True	True
BuQ4ojGRBSw_0_10	0	1	Speech,Dog	Dog	Speech	multimodal	True	True
BuQ4ojGRBSw_0_10	1	10	Dog	Dog		multimodal	True	False
BugTqeLnqBY_80_90	0	3	Cheering		Cheering	multimodal	False	True
BugTqeLnqBY_80_90	3	9	Speech,Cheering	Speech	Speech,Cheering	multimodal	True	True
BugTqeLnqBY_80_90	9	10	Speech,Cheering		Speech,Cheering	multimodal	False	True
Bv9bfnPW_8c_30_40	0	10	Baby_cry_infant_cry	Baby_cry_infant_cry	Baby_cry_infant_cry	multimodal	True	True
Bvp91I4IJok_30_40	0	8	Acoustic_guitar	Acoustic_guitar	Acoustic_guitar	multimodal	True	True
Bvp91I4IJok_30_40	8	10	Speech,Acoustic_guitar	Acoustic_guitar	Speech	multimodal	True	True
BxU73eU3dEg_0_10	0	3	Motorcycle	Motorcycle	Motorcycle	multimodal	True	True
BxU73eU3dEg_0_10	3	8	Speech,Motorcycle	Motorcycle	Motorcycle,Speech	multimodal	True	True
BxU73eU3dEg_0_10	8	10	Motorcycle	Motorcycle	Motorcycle	multimodal	True	True
BxYEvbG7V_A_280_290	0	4	Speech,Frying_(food)	Frying_(food)	Speech	multimodal	True	True
BxYEvbG7V_A_280_290	4	7	Frying_(food)	Frying_(food)		multimodal	True	False
BxYEvbG7V_A_280_290	7	10	Frying_(food)	Frying_(food)	Frying_(food)	multimodal	True	True
BxgvBWlycvs_30_40	0	1	Violin_fiddle	Violin_fiddle		multimodal	True	False
BxgvBWlycvs_30_40	1	3	Violin_fiddle	Violin_fiddle	Violin_fiddle	multimodal	True	True
BxgvBWlycvs_30_40	3	6	Violin_fiddle,Cheering	Violin_fiddle	Violin_fiddle,Cheering	multimodal	True	True
BxgvBWlycvs_30_40	6	10	Violin_fiddle	Violin_fiddle	Violin_fiddle	multimodal	True	True
Byy_qXehUG4_170_180	0	10	Singing	Singing	Singing	multimodal	True	True
BzwjKmH0J-o_130_140	0	10	Singing	Singing	Singing	multimodal	True	True
C-4Ac8IQMf0_30_40	0	5	Violin_fiddle,Cello	Cello,Violin_fiddle	Cello,Violin_fiddle	multimodal	True	True
C-4Ac8IQMf0_30_40	5	6	Violin_fiddle,Cello	Cello,Violin_fiddle	Cello	multimodal	True	True
C-4Ac8IQMf0_30_40	6	10	Violin_fiddle,Cello	Cello,Violin_fiddle	Cello,Violin_fiddle	multimodal	True	True
C-uNumeNFu4_30_40	0	10	Chainsaw	Chainsaw	Chainsaw	multimodal	True	True
C0_NDX7DVd8_30_40	0	1	Speech,Chicken_rooster	Speech	Chicken_rooster,Speech	multimodal	True	True
C0_NDX7DVd8_30_40	1	10	Speech	Speech	Speech	multimodal	True	True
C1Gy-TCPU1k_30_40	0	10	Helicopter	Helicopter	Helicopter	multimodal	True	True
C1fKe7KDd3g_30_40	0	10	Violin_fiddle,Cello	Cello	Cello,Violin_fiddle	multimodal	True	True
C3_feVp95Vo_150_160	0	1	Acoustic_guitar,Clapping	Acoustic_guitar,Clapping	Clapping	multimodal	True	True
C3_feVp95Vo_150_160	1	9	Singing,Acoustic_guitar,Clapping	Acoustic_guitar,Clapping,Singing	Clapping,Singing	multimodal	True	True
C3_feVp95Vo_150_160	9	10	Acoustic_guitar,Clapping	Acoustic_guitar,Clapping	Clapping	multimodal	True	True
C3c2gejSvtk_30_40	0	1	Speech,Acoustic_guitar	Acoustic_guitar	Speech	multimodal	True	True
C3c2gejSvtk_30_40	1	2	Acoustic_guitar	Acoustic_guitar	Acoustic_guitar	multimodal	True	True
C3c2gejSvtk_30_40	2	4	Speech,Acoustic_guitar	Acoustic_guitar	Acoustic_guitar,Speech	multimodal	True	True
C3c2gejSvtk_30_40	4	5	Acoustic_guitar	Acoustic_guitar	Acoustic_guitar	multimodal	True	True
C3c2gejSvtk_30_40	5	10	Speech,Acoustic_guitar	Acoustic_guitar	Acoustic_guitar,Speech	multimodal	True	True
C3qZuY0JRXY_40_50	0	2	Speech		Speech	multimodal	False	True
C3qZuY0JRXY_40_50	2	3	Fire_alarm	Fire_alarm	Fire_alarm	multimodal	True	True
C3qZuY0JRXY_40_50	3	7	Fire_alarm,Speech	Fire_alarm	Fire_alarm,Speech	multimodal	True	True
C3qZuY0JRXY_40_50	7	8	Fire_alarm	Fire_alarm		multimodal	True	False
C3qZuY0JRXY_40_50	8	9	Fire_alarm,Speech	Fire_alarm	Speech	multimodal	True	True
C3qZuY0JRXY_40_50	9	10	Speech		Speech	multimodal	False	True
C4WOpcGQfqU_50_60	0	1	Violin_fiddle	Violin_fiddle	Violin_fiddle	multimodal	True	True
C4WOpcGQfqU_50_60	1	2	Speech,Violin_fiddle	Violin_fiddle	Speech	multimodal	True	True
C4WOpcGQfqU_50_60	2	3	Speech,Violin_fiddle	Violin_fiddle	Violin_fiddle,Speech	multimodal	True	True
C4WOpcGQfqU_50_60	3	9	Violin_fiddle	Violin_fiddle	Violin_fiddle	multimodal	True	True
C4WOpcGQfqU_50_60	9	10	Speech,Violin_fiddle	Violin_fiddle	Speech	multimodal	True	True
C59ePDyEDbU_30_40	0	10	Singing,Clapping	Clapping,Singing	Clapping,Singing	multimodal	True	True
C60iaPPFLBw_30_40	0	1	Speech,Lawn_mower	Lawn_mower	Speech,Lawn_mower	multimodal	True	True
C60iaPPFLBw_30_40	1	10	Lawn_mower	Lawn_mower	Lawn_mower	multimodal	True	True
C61p3UzHJlc_60_70	0	10	Frying_(food)	Frying_(food)	Frying_(food)	multimodal	True	True
C6G6Clcqhvs_170_180	0	10	Blender	Blender	Blender	multimodal	True	True
C6fYcT9_0Yg_100_110	0	2	Car,Motorcycle	Motorcycle,Car	Motorcycle,Car	multimodal	True	True
C6fYcT9_0Yg_100_110	2	7	Car,Motorcycle	Motorcycle,Car	Motorcycle	multimodal	True	True
C6fYcT9_0Yg_100_110	7	9	Car,Motorcycle	Motorcycle,Car	Motorcycle,Car	multimodal	True	True
C6fYcT9_0Yg_100_110	9	10	Car,Motorcycle	Motorcycle,Car	Motorcycle	multimodal	True	True
C7RVL4aRnaM_7_17	0	2	Motorcycle	Motorcycle	Motorcycle	multimodal	True	True
C7RVL4aRnaM_7_17	2	4	Speech,Motorcycle	Motorcycle	Motorcycle,Speech	multimodal	True	True
C7RVL4aRnaM_7_17	4	6	Motorcycle	Motorcycle	Motorcycle	multimodal	True	True
C7RVL4aRnaM_7_17	6	10	Speech,Motorcycle	Motorcycle	Motorcycle,Speech	multimodal	True	True
C9dQ03e94ig_30_40	0	10	Motorcycle	Motorcycle	Motorcycle	multimodal	True	True
CBAdaQsnfmQ_60_70	0	10	Singing,Banjo,Acoustic_guitar	Singing,Banjo,Acoustic_guitar	Singing,Banjo,Acoustic_guitar	multimodal	True	True
CBJX4okej6c_20_30	0	1	Dog	Dog	Dog	multimodal	True	True
CBJX4okej6c_20_30	1	2	Speech,Dog	Dog	Speech	multimodal	True	True
CBJX4okej6c_20_30	2	5	Dog	Dog	Dog	multimodal	True	True
CBJX4okej6c_20_30	5	8	Speech,Dog	Dog	Dog,Speech	multimodal	True	True
CBJX4okej6c_20_30	8	9	Dog	Dog		multimodal	True	False
CBJX4okej6c_20_30	9	10	Dog	Dog	Dog	multimodal	True	True
CBw20AYBM80_40_50	0	7	Chainsaw	Chainsaw	Chainsaw	multimodal	True	True
CBw20AYBM80_40_50	7	10	Chainsaw		Chainsaw	multimodal	False	True
CC0gtb7i0hU_40_50	0	2	Acoustic_guitar	Acoustic_guitar	Acoustic_guitar	multimodal	True	True
CC0gtb7i0hU_40_50	2	9	Speech,Acoustic_guitar	Acoustic_guitar	Acoustic_guitar,Speech	multimodal	True	True
CC0gtb7i0hU_40_50	9	10	Acoustic_guitar	Acoustic_guitar	Acoustic_guitar	multimodal	True	True
CDEInOD9GH0_20_30	0	4	Helicopter	Helicopter	Helicopter	multimodal	True	True
CDEInOD9GH0_20_30	4	10	Helicopter		Helicopter	multimodal	False	True
CDPXjPKsRMc_50_60	0	1	Speech,Dog	Dog,Speech	Speech,Dog	multimodal	True	True
CDPXjPKsRMc_50_60	1	2	Speech,Dog	Dog,Speech	Speech	multimodal	True	True
CDPXjPKsRMc_50_60	2	3	Speech,Dog	Dog,Speech	Speech,Dog	multimodal	True	True
CDPXjPKsRMc_50_60	3	7	Dog	Dog	Dog	multimodal	True	True
CDPXjPKsRMc_50_60	7	8	Speech,Dog	Dog,Speech	Speech,Dog	multimodal	True	True
CDPXjPKsRMc_50_60	8	10	Speech,Dog	Dog,Speech	Speech	multimodal	True	True
CDqI8ZkG7jo_0_10	0	1	Chicken_rooster	Chicken_rooster		multimodal	True	False
CDqI8ZkG7jo_0_10	1	2	Chicken_rooster	Chicken_rooster	Chicken_rooster	multimodal	True	True
CDqI8ZkG7jo_0_10	2	3	Chicken_rooster	Chicken_rooster		multimodal	True	False
CDqI8ZkG7jo_0_10	3	9	Chicken_rooster	Chicken_rooster	Chicken_rooster	multimodal	True	True
CDqI8ZkG7jo_0_10	9	10	Chicken_rooster	Chicken_rooster		multimodal	True	False
CEFdqhSm4rk_10_20	0	6	Fire_alarm	Fire_alarm	Fire_alarm	multimodal	True	True
CEFdqhSm4rk_10_20	6	9	Fire_alarm	Fire_alarm		multimodal	True	False
CEtiON3_5yA_530_540	0	3	Speech	Speech	Speech	multimodal	True	True
CEtiON3_5yA_530_540	3	4	Speech,Violin_fiddle	Speech,Violin_fiddle	Speech	multimodal	True	True
CEtiON3_5yA_530_540	4	7	Violin_fiddle	Violin_fiddle		multimodal	True	False
CEtiON3_5yA_530_540	7	10	Violin_fiddle	Violin_fiddle	Violin_fiddle	multimodal	True	True
CF7WuVvydVc_0_10	0	1	Accordion,Clapping	Accordion	Clapping	multimodal	True	True
CF7WuVvydVc_0_10	1	2	Speech,Accordion	Accordion	Speech	multimodal	True	True
CF7WuVvydVc_0_10	2	3	Accordion	Accordion		multimodal	True	False
CF7WuVvydVc_0_10	3	4	Speech,Accordion	Accordion	Speech	multimodal	True	True
CF7WuVvydVc_0_10	4	9	Accordion	Accordion		multimodal	True	False
CF7WuVvydVc_0_10	9	10	Accordion	Accordion	Accordion	multimodal	True	True
CFODHCyurtc_140_150	0	1	Singing,Acoustic_guitar,Clapping,Accordion	Acoustic_guitar,Accordion	Acoustic_guitar,Accordion,Clapping,Singing	multimodal	True	True
CFODHCyurtc_140_150	1	2	Singing,Acoustic_guitar,Accordion	Acoustic_guitar,Accordion	Acoustic_guitar,Accordion,Singing	multimodal	True	True
CFODHCyurtc_140_150	2	5	Singing,Acoustic_guitar,Clapping,Accordion	Acoustic_guitar,Accordion	Acoustic_guitar,Accordion,Clapping,Singing	multimodal	True	True
CFODHCyurtc_140_150	5	6	Singing,Acoustic_guitar,Accordion	Acoustic_guitar,Accordion	Acoustic_guitar,Accordion,Singing	multimodal	True	True
CFODHCyurtc_140_150	6	9	Singing,Acoustic_guitar,Clapping,Accordion	Acoustic_guitar,Accordion	Acoustic_guitar,Accordion,Clapping,Singing	multimodal	True	True
CFODHCyurtc_140_150	9	10	Singing,Acoustic_guitar,Accordion	Acoustic_guitar,Accordion	Acoustic_guitar,Accordion,Singing	multimodal	True	True
CFzJQ6eje0Y_30_40	0	1	Speech,Motorcycle,Dog	Dog	Speech,Motorcycle	multimodal	True	True
CFzJQ6eje0Y_30_40	1	10	Speech,Motorcycle,Dog	Motorcycle,Dog	Speech,Motorcycle	multimodal	True	True
CIx729pLHGk_30_40	0	10	Speech,Dog	Dog	Speech,Dog	multimodal	True	True
CJ81qB9p4UM_30_40	0	5	Speech,Cheering	Cheering	Cheering,Speech	multimodal	True	True
CJ81qB9p4UM_30_40	5	8	Speech,Cheering		Cheering,Speech	multimodal	False	True
CJ81qB9p4UM_30_40	8	10	Speech,Cheering	Cheering	Cheering,Speech	multimodal	True	True
CKQECxflk-o_220_230	0	1	Speech,Frying_(food)	Frying_(food)	Frying_(food),Speech	multimodal	True	True
CKQECxflk-o_220_230	1	2	Frying_(food)	Frying_(food)	Frying_(food)	multimodal	True	True
CKQECxflk-o_220_230	2	10	Speech,Frying_(food)	Frying_(food)	Frying_(food),Speech	multimodal	True	True
CKexU9L_lpE_20_30	0	6	Speech,Helicopter	Helicopter	Helicopter,Speech	multimodal	True	True
CKexU9L_lpE_20_30	6	10	Helicopter	Helicopter	Helicopter	multimodal	True	True
CLQ9jFeb0pQ_13_23	0	1	Baby_cry_infant_cry	Baby_cry_infant_cry	Baby_cry_infant_cry	multimodal	True	True
CLQ9jFeb0pQ_13_23	1	2	Baby_cry_infant_cry,Speech	Baby_cry_infant_cry	Baby_cry_infant_cry,Speech	multimodal	True	True
CLQ9jFeb0pQ_13_23	2	3	Baby_cry_infant_cry	Baby_cry_infant_cry	Baby_cry_infant_cry	multimodal	True	True
CLQ9jFeb0pQ_13_23	3	6	Baby_cry_infant_cry,Speech	Baby_cry_infant_cry	Baby_cry_infant_cry,Speech	multimodal	True	True
CLQ9jFeb0pQ_13_23	6	7	Baby_cry_infant_cry,Speech		Baby_cry_infant_cry,Speech	multimodal	False	True
CLQ9jFeb0pQ_13_23	7	10	Baby_cry_infant_cry		Baby_cry_infant_cry	multimodal	False	True
CN8vnC7zyhw_220_230	0	1	Speech,Dog	Dog	Dog,Speech	multimodal	True	True
CN8vnC7zyhw_220_230	1	7	Speech,Dog	Dog	Speech	multimodal	True	True
CN8vnC7zyhw_220_230	7	9	Speech,Dog	Dog	Dog,Speech	multimodal	True	True
CN8vnC7zyhw_220_230	9	10	Speech,Dog	Dog	Speech	multimodal	True	True
CNZjv4gN_KQ_0_10	0	10	Fire_alarm	Fire_alarm	Fire_alarm	multimodal	True	True
CNnEqypUvSQ_170_180	0	1	Frying_(food)	Frying_(food)	Frying_(food)	multimodal	True	True
CNnEqypUvSQ_170_180	1	4	Speech,Frying_(food)	Frying_(food)	Frying_(food),Speech	multimodal	True	True
CNnEqypUvSQ_170_180	4	5	Speech,Frying_(food)		Frying_(food),Speech	multimodal	False	True
CNnEqypUvSQ_170_180	5	6	Frying_(food)		Frying_(food)	multimodal	False	True
CNnEqypUvSQ_170_180	6	10	Speech,Frying_(food)		Frying_(food),Speech	multimodal	False	True
CPEt0PUohIs_50_60	0	7	Speech	Speech	Speech	multimodal	True	True
CPEt0PUohIs_50_60	7	9	Basketball_bounce	Basketball_bounce	Basketball_bounce	multimodal	True	True
CPOsok1yDeg_90_100	0	5	Helicopter	Helicopter	Helicopter	multimodal	True	True
CPOsok1yDeg_90_100	5	10	Helicopter		Helicopter	multimodal	False	True
CPkbvoDSkqs_40_50	0	10	Speech,Violin_fiddle,Acoustic_guitar	Violin_fiddle,Acoustic_guitar	Violin_fiddle,Acoustic_guitar,Speech	multimodal	True	True
CQ8JIgw2Mo0_30_40	0	4	Telephone_bell_ringing	Telephone_bell_ringing	Telephone_bell_ringing	multimodal	True	True
CQ8JIgw2Mo0_30_40	4	5	Speech,Telephone_bell_ringing	Telephone_bell_ringing	Telephone_bell_ringing,Speech	multimodal	True	True
CQ8JIgw2Mo0_30_40	5	9	Telephone_bell_ringing	Telephone_bell_ringing	Telephone_bell_ringing	multimodal	True	True
CQ8JIgw2Mo0_30_40	9	10	Speech,Telephone_bell_ringing	Telephone_bell_ringing	Telephone_bell_ringing,Speech	multimodal	True	True
CRmIjKjFl1A_60_70	0	1	Speech,Acoustic_guitar		Acoustic_guitar,Speech	multimodal	False	True
CRmIjKjFl1A_60_70	1	3	Speech,Acoustic_guitar	Speech	Acoustic_guitar,Speech	multimodal	True	True
CRmIjKjFl1A_60_70	3	8	Speech,Acoustic_guitar	Speech	Acoustic_guitar	multimodal	True	True
CRmIjKjFl1A_60_70	8	9	Acoustic_guitar		Acoustic_guitar	multimodal	False	True
CRmIjKjFl1A_60_70	9	10	Speech,Acoustic_guitar		Acoustic_guitar,Speech	multimodal	False	True
CSADwKB1Y5E_100_110	0	1	Singing,Violin_fiddle,Banjo,Acoustic_guitar	Violin_fiddle,Banjo	Singing,Violin_fiddle,Banjo,Acoustic_guitar	multimodal	True	True
CSADwKB1Y5E_100_110	1	2	Singing,Violin_fiddle,Banjo,Acoustic_guitar	Violin_fiddle,Banjo,Acoustic_guitar	Singing,Violin_fiddle,Banjo,Acoustic_guitar	multimodal	True	True
CSADwKB1Y5E_100_110	2	10	Singing,Violin_fiddle,Banjo,Acoustic_guitar	Singing,Banjo,Acoustic_guitar	Singing,Violin_fiddle,Banjo,Acoustic_guitar	multimodal	True	True
CSl0919Ec8g_10_20	0	3	Speech,Acoustic_guitar	Acoustic_guitar,Speech	Speech	multimodal	True	True
CSl0919Ec8g_10_20	3	5	Acoustic_guitar	Acoustic_guitar	Acoustic_guitar	multimodal	True	True
CSl0919Ec8g_10_20	5	6	Speech,Acoustic_guitar	Acoustic_guitar,Speech	Speech,Acoustic_guitar	multimodal	True	True
CSl0919Ec8g_10_20	6	7	Acoustic_guitar	Acoustic_guitar	Acoustic_guitar	multimodal	True	True
CSl0919Ec8g_10_20	7	8	Speech,Acoustic_guitar	Acoustic_guitar,Speech	Speech,Acoustic_guitar	multimodal	True	True
CSl0919Ec8g_10_20	8	9	Acoustic_guitar	Acoustic_guitar	Acoustic_guitar	multimodal	True	True
CSl0919Ec8g_10_20	9	10	Speech,Acoustic_guitar	Acoustic_guitar,Speech	Speech,Acoustic_guitar	multimodal	True	True
CSuoHEFbWVs_100_110	0	10	Violin_fiddle	Violin_fiddle	Violin_fiddle	multimodal	True	True
CTqzJt-Ri34_30_40	0	2	Acoustic_guitar	Acoustic_guitar	Acoustic_guitar	multimodal	True	True
CTqzJt-Ri34_30_40	2	10	Singing,Acoustic_guitar	Acoustic_guitar	Singing,Acoustic_guitar	multimodal	True	True
CUJQd9h5WNE_10_20	0	10	Helicopter	Helicopter	Helicopter	multimodal	True	True
CUKhEA5uKcA_180_190	0	2	Speech,Motorcycle	Motorcycle	Speech	multimodal	True	True
CUKhEA5uKcA_180_190	2	4	Motorcycle	Motorcycle		multimodal	True	False
CUKhEA5uKcA_180_190	4	6	Speech,Motorcycle	Motorcycle	Speech	multimodal	True	True
CUKhEA5uKcA_180_190	6	8	Motorcycle	Motorcycle		multimodal	True	False
CUKhEA5uKcA_180_190	8	9	Speech,Motorcycle	Motorcycle	Speech	multimodal	True	True
CUKhEA5uKcA_180_190	9	10	Motorcycle	Motorcycle		multimodal	True	False
CULZ1SLVGss_10_20	0	2	Dog	Dog	Dog	multimodal	True	True
CULZ1SLVGss_10_20	2	3	Dog		Dog	multimodal	False	True
CULZ1SLVGss_10_20	3	4	Dog	Dog	Dog	multimodal	True	True
CULZ1SLVGss_10_20	4	5	Speech,Dog	Dog	Dog,Speech	multimodal	True	True
CULZ1SLVGss_10_20	5	7	Speech,Dog	Dog	Speech	multimodal	True	True
CULZ1SLVGss_10_20	7	8	Speech,Dog	Dog	Dog,Speech	multimodal	True	True
CULZ1SLVGss_10_20	8	9	Speech,Dog	Speech	Dog,Speech	multimodal	True	True
CULZ1SLVGss_10_20	9	10	Speech,Dog	Dog,Speech	Speech	multimodal	True	True
CUpj8e4vfr0_10_20	0	10	Vacuum_cleaner	Vacuum_cleaner	Vacuum_cleaner	multimodal	True	True
CUrk6x1eDFk_18_28	0	5	Speech,Chicken_rooster	Chicken_rooster	Chicken_rooster,Speech	multimodal	True	True
CUrk6x1eDFk_18_28	5	10	Chicken_rooster	Chicken_rooster	Chicken_rooster	multimodal	True	True
CVV6bhSYphc_550_560	0	3	Speech,Frying_(food)	Frying_(food)	Frying_(food),Speech	multimodal	True	True
CVV6bhSYphc_550_560	3	5	Frying_(food)	Frying_(food)	Frying_(food)	multimodal	True	True
CVV6bhSYphc_550_560	5	10	Speech,Frying_(food)	Frying_(food)	Frying_(food),Speech	multimodal	True	True
CVti4WjWXcQ_30_40	0	5	Vacuum_cleaner,Speech	Vacuum_cleaner	Speech	multimodal	True	True
CVti4WjWXcQ_30_40	5	6	Vacuum_cleaner	Vacuum_cleaner		multimodal	True	False
CVti4WjWXcQ_30_40	6	7	Vacuum_cleaner,Speech	Vacuum_cleaner	Speech	multimodal	True	True
CVti4WjWXcQ_30_40	7	10	Vacuum_cleaner,Speech	Vacuum_cleaner	Vacuum_cleaner,Speech	multimodal	True	True
CY0DQixJ2s4_0_10	0	4	Singing,Speech	Singing	Singing,Speech	multimodal	True	True
CY0DQixJ2s4_0_10	4	5	Speech		Speech	multimodal	False	True
CY0DQixJ2s4_0_10	5	9	Singing,Speech	Singing	Singing,Speech	multimodal	True	True
CY0DQixJ2s4_0_10	9	10	Speech		Speech	multimodal	False	True
CY5ib3L_Z2Y_330_340	0	1	Singing,Acoustic_guitar	Acoustic_guitar,Singing	Singing,Acoustic_guitar,Singing	multimodal	True	True
CY5ib3L_Z2Y_330_340	1	3	Singing,Acoustic_guitar	Acoustic_guitar,Singing	Singing,Singing	multimodal	True	True
CY5ib3L_Z2Y_330_340	3	4	Singing,Acoustic_guitar	Acoustic_guitar,Singing	Singing,Acoustic_guitar,Singing	multimodal	True	True
CY5ib3L_Z2Y_330_340	4	6	Singing,Acoustic_guitar	Acoustic_guitar,Singing	Singing,Singing	multimodal	True	True
CY5ib3L_Z2Y_330_340	6	7	Speech,Acoustic_guitar	Acoustic_guitar,Speech	Acoustic_guitar,Speech	multimodal	True	True
CY5ib3L_Z2Y_330_340	7	8	Acoustic_guitar	Acoustic_guitar		multimodal	True	False
CY5ib3L_Z2Y_330_340	8	9	Speech,Acoustic_guitar	Acoustic_guitar,Speech	Speech	multimodal	True	True
CY5ib3L_Z2Y_330_340	9	10	Acoustic_guitar	Acoustic_guitar	Acoustic_guitar	multimodal	True	True
CYwI2Yo3eYs_60_70	0	1	Motorcycle	Motorcycle	Motorcycle	multimodal	True	True
CYwI2Yo3eYs_60_70	1	6	Speech,Motorcycle	Motorcycle	Motorcycle,Speech	multimodal	True	True
CYwI2Yo3eYs_60_70	6	10	Motorcycle	Motorcycle	Motorcycle	multimodal	True	True
CZb2nbND3Q4_30_40	0	2	Violin_fiddle,Acoustic_guitar	Violin_fiddle,Acoustic_guitar	Violin_fiddle,Acoustic_guitar	multimodal	True	True
CZb2nbND3Q4_30_40	2	10	Singing,Violin_fiddle,Acoustic_guitar	Violin_fiddle,Acoustic_guitar,Singing	Violin_fiddle,Acoustic_guitar,Singing	multimodal	True	True
CZp7HDm9or0_30_40	0	2	Helicopter	Helicopter	Helicopter	multimodal	True	True
CZp7HDm9or0_30_40	2	3	Helicopter		Helicopter	multimodal	False	True
CZp7HDm9or0_30_40	3	7	Helicopter	Helicopter	Helicopter	multimodal	True	True
CZp7HDm9or0_30_40	7	10	Helicopter		Helicopter	multimodal	False	True
C_0rtVrHxyM_50_60	0	6	Violin_fiddle,Cello	Cello,Violin_fiddle	Cello,Violin_fiddle	multimodal	True	True
C_0rtVrHxyM_50_60	6	10	Violin_fiddle,Cello	Violin_fiddle	Cello,Violin_fiddle	multimodal	True	True
C_jegfW0R8U_60_70	0	10	Helicopter	Helicopter	Helicopter	multimodal	True	True
C_wzVkYrpMU_70_80	0	10	Helicopter	Helicopter	Helicopter	multimodal	True	True
CaC2xvdLC34_250_260	0	8	Singing,Violin_fiddle,Cello	Violin_fiddle,Cello	Violin_fiddle,Cello,Singing	multimodal	True	True
CaC2xvdLC34_250_260	8	9	Violin_fiddle,Cello	Violin_fiddle,Cello	Violin_fiddle,Cello	multimodal	True	True
CaC2xvdLC34_250_260	9	10	Violin_fiddle,Cello,Clapping	Violin_fiddle,Cello	Clapping	multimodal	True	True
CalrtHAXuqs_20_30	0	8	Dog	Dog	Dog	multimodal	True	True
CalrtHAXuqs_20_30	8	9	Speech,Dog	Dog	Dog,Speech	multimodal	True	True
CalrtHAXuqs_20_30	9	10	Dog	Dog	Dog	multimodal	True	True
CcHkqs_6hPk_30_40	0	10	Speech,Violin_fiddle	Speech	Speech,Violin_fiddle	multimodal	True	True
Cd83_t4iAgc_450_460	0	10	Chicken_rooster	Chicken_rooster	Chicken_rooster	multimodal	True	True
Cg2eujp6keI_30_40	0	1	Speech		Speech	multimodal	False	True
Cg2eujp6keI_30_40	2	6	Speech		Speech	multimodal	False	True
Cg2eujp6keI_30_40	6	8	Speech	Speech	Speech	multimodal	True	True
Cg2eujp6keI_30_40	8	10	Baby_cry_infant_cry,Speech	Baby_cry_infant_cry	Baby_cry_infant_cry,Speech	multimodal	True	True
Cg3RJSsI2mo_180_190	1	2	Basketball_bounce	Basketball_bounce	Basketball_bounce	multimodal	True	True
Cg3RJSsI2mo_180_190	2	3	Cheering,Clapping		Cheering,Clapping	multimodal	False	True
Cg3RJSsI2mo_180_190	4	5	Basketball_bounce	Basketball_bounce		multimodal	True	False
Cg3RJSsI2mo_180_190	7	8	Clapping		Clapping	multimodal	False	True
Cg6Rryw1zls_140_150	0	4	Cello	Cello		multimodal	True	False
Cg6Rryw1zls_140_150	4	10	Cello	Cello	Cello	multimodal	True	True
CghIWk1nhts_70_80	0	10	Singing	Singing	Singing	multimodal	True	True
CgtZk77v2Bk_30_40	0	2	Speech	Speech	Speech	multimodal	True	True
CgtZk77v2Bk_30_40	3	5	Violin_fiddle	Violin_fiddle	Violin_fiddle	multimodal	True	True
CgtZk77v2Bk_30_40	5	6	Speech	Speech	Speech	multimodal	True	True
CgtZk77v2Bk_30_40	7	10	Violin_fiddle	Violin_fiddle	Violin_fiddle	multimodal	True	True
ChbspYoUEok_370_380	1	3	Speech		Speech	multimodal	False	True
ChbspYoUEok_370_380	6	10	Singing	Singing	Singing	multimodal	True	True
CizC7WKKPjQ_30_40	0	2	Violin_fiddle,Cheering	Violin_fiddle	Cheering	multimodal	True	True
CizC7WKKPjQ_30_40	2	10	Violin_fiddle	Violin_fiddle	Violin_fiddle	multimodal	True	True
Cj8EEprq2pU_30_40	0	2	Baby_cry_infant_cry,Speech	Baby_cry_infant_cry	Baby_cry_infant_cry,Speech	multimodal	True	True
Cj8EEprq2pU_30_40	2	8	Baby_cry_infant_cry,Speech		Baby_cry_infant_cry,Speech	multimodal	False	True
Cj8EEprq2pU_30_40	8	9	Speech		Speech	multimodal	False	True
Cj8EEprq2pU_30_40	9	10	Baby_cry_infant_cry,Speech		Baby_cry_infant_cry,Speech	multimodal	False	True
CkmRxFYDHBU_210_220	0	1	Frying_(food)	Frying_(food)	Frying_(food)	multimodal	True	True
CkmRxFYDHBU_210_220	1	6	Speech,Frying_(food)	Frying_(food)	Frying_(food),Speech	multimodal	True	True
CkmRxFYDHBU_210_220	6	7	Frying_(food)	Frying_(food)	Frying_(food)	multimodal	True	True
CkmRxFYDHBU_210_220	7	10	Speech,Frying_(food)	Frying_(food)	Frying_(food),Speech	multimodal	True	True
ClDte4kdW6E_0_10	0	2	Accordion	Accordion		multimodal	True	False
ClDte4kdW6E_0_10	2	10	Accordion	Accordion	Accordion	multimodal	True	True
CljryupR2zA_140_150	0	10	Singing	Singing	Singing	multimodal	True	True
Clm-NuOPi1o_300_310	0	10	Singing,Cello,Banjo,Acoustic_guitar	Singing,Banjo,Acoustic_guitar,Cello	Singing,Banjo,Acoustic_guitar,Cello	multimodal	True	True
Cm7EoUFnLbU_30_40	0	10	Chainsaw	Chainsaw	Chainsaw	multimodal	True	True
CmU6Obv2tU8_110_120	0	2	Dog	Dog	Dog	multimodal	True	True
CmU6Obv2tU8_110_120	2	3	Speech,Dog	Dog	Dog,Speech	multimodal	True	True
CmU6Obv2tU8_110_120	3	4	Dog	Dog		multimodal	True	False
CmU6Obv2tU8_110_120	4	8	Dog	Dog	Dog	multimodal	True	True
CmU6Obv2tU8_110_120	8	10	Speech,Dog	Dog	Dog,Speech	multimodal	True	True
CmjceF4lpVg_150_160	0	10	Helicopter	Helicopter	Helicopter	multimodal	True	True
CmzO2WG_rK4_10_20	2	4	Speech		Speech	multimodal	False	True
CmzO2WG_rK4_10_20	4	5	Speech,Helicopter	Helicopter	Speech	multimodal	True	True
CmzO2WG_rK4_10_20	5	7	Helicopter	Helicopter	Helicopter	multimodal	True	True
CmzO2WG_rK4_10_20	7	8	Helicopter		Helicopter	multimodal	False	True
CmzO2WG_rK4_10_20	8	10	Helicopter	Helicopter	Helicopter	multimodal	True	True
CnPYJnV1gCU_20_30	0	6	Violin_fiddle,Cello,Lawn_mower,Car	Car	Cello,Violin_fiddle,Lawn_mower	multimodal	True	True
CnPYJnV1gCU_20_30	6	9	Violin_fiddle,Cello,Lawn_mower,Car	Car,Lawn_mower	Cello,Violin_fiddle,Lawn_mower	multimodal	True	True
CnPYJnV1gCU_20_30	9	10	Violin_fiddle,Cello,Lawn_mower,Car	Car	Cello,Violin_fiddle,Lawn_mower	multimodal	True	True
CnXeNxV7se0_20_30	0	3	Violin_fiddle,Cello	Violin_fiddle	Violin_fiddle,Cello	multimodal	True	True
CnXeNxV7se0_20_30	3	4	Violin_fiddle,Cello,Acoustic_guitar	Violin_fiddle,Acoustic_guitar,Cello	Violin_fiddle,Cello	multimodal	True	True
CnXeNxV7se0_20_30	4	7	Violin_fiddle,Cello,Acoustic_guitar	Acoustic_guitar,Cello	Violin_fiddle,Cello	multimodal	True	True
CnXeNxV7se0_20_30	7	10	Violin_fiddle,Cello	Cello	Violin_fiddle,Cello	multimodal	True	True
CngsPppEunk_10_20	0	10	Baby_cry_infant_cry	Baby_cry_infant_cry	Baby_cry_infant_cry	multimodal	True	True
CoU--V817p4_40_50	0	1	Baby_laughter,Speech	Baby_laughter	Speech	multimodal	True	True
CoU--V817p4_40_50	1	2	Speech		Speech	multimodal	False	True
CoU--V817p4_40_50	2	3	Baby_laughter,Speech	Baby_laughter	Speech	multimodal	True	True
CoU--V817p4_40_50	3	4	Baby_laughter,Speech	Baby_laughter	Baby_laughter,Speech	multimodal	True	True
CoU--V817p4_40_50	4	6	Baby_laughter,Speech	Baby_laughter	Speech	multimodal	True	True
CoU--V817p4_40_50	6	8	Speech	Speech	Speech	multimodal	True	True
CoU--V817p4_40_50	9	10	Speech		Speech	multimodal	False	True
CqPZuJHWm3g_30_40	0	2	Chicken_rooster	Chicken_rooster	Chicken_rooster	multimodal	True	True
CqPZuJHWm3g_30_40	2	6	Chicken_rooster	Chicken_rooster		multimodal	True	False
CqPZuJHWm3g_30_40	6	8	Chicken_rooster	Chicken_rooster	Chicken_rooster	multimodal	True	True
CqPZuJHWm3g_30_40	8	10	Chicken_rooster	Chicken_rooster		multimodal	True	False
CqfeA4ZiWg4_70_80	0	1	Cat	Cat		multimodal	True	False
CqfeA4ZiWg4_70_80	1	3	Cat,Dog	Cat	Dog	multimodal	True	True
CqfeA4ZiWg4_70_80	4	5	Dog		Dog	multimodal	False	True
CqfeA4ZiWg4_70_80	5	6	Speech,Dog	Speech	Speech,Dog	multimodal	True	True
CqfeA4ZiWg4_70_80	6	7	Speech	Speech	Speech	multimodal	True	True
CqfeA4ZiWg4_70_80	7	9	Dog		Dog	multimodal	False	True
CqfeA4ZiWg4_70_80	9	10	Speech,Cat,Dog	Cat	Speech,Dog	multimodal	True	True
CwUtBoBqSYY_30_40	0	1	Speech,Helicopter		Helicopter,Speech	multimodal	False	True
CwUtBoBqSYY_30_40	1	2	Speech,Helicopter	Helicopter	Helicopter,Speech	multimodal	True	True
CwUtBoBqSYY_30_40	2	9	Helicopter	Helicopter	Helicopter	multimodal	True	True
CwUtBoBqSYY_30_40	9	10	Speech,Helicopter	Helicopter	Helicopter,Speech	multimodal	True	True
CxtwZM-7k1M_80_90	0	4	Speech,Motorcycle	Motorcycle	Speech	multimodal	True	True
CxtwZM-7k1M_80_90	4	5	Speech		Speech	multimodal	False	True
CxtwZM-7k1M_80_90	5	6	Speech,Motorcycle	Motorcycle	Speech	multimodal	True	True
CxtwZM-7k1M_80_90	6	8	Speech,Motorcycle	Motorcycle	Speech,Motorcycle	multimodal	True	True
CxtwZM-7k1M_80_90	8	10	Motorcycle	Motorcycle	Motorcycle	multimodal	True	True
CyHIbBmPQD0_30_40	0	6	Speech,Violin_fiddle		Violin_fiddle,Speech	multimodal	False	True
CyHIbBmPQD0_30_40	6	10	Speech,Violin_fiddle	Violin_fiddle	Violin_fiddle,Speech	multimodal	True	True
Cyi2fuiswx8_27_37	0	1	Baby_cry_infant_cry	Baby_cry_infant_cry	Baby_cry_infant_cry	multimodal	True	True
Cyi2fuiswx8_27_37	1	5	Baby_cry_infant_cry,Speech	Baby_cry_infant_cry	Baby_cry_infant_cry,Speech	multimodal	True	True
Cyi2fuiswx8_27_37	5	6	Baby_cry_infant_cry	Baby_cry_infant_cry	Baby_cry_infant_cry	multimodal	True	True
Cyi2fuiswx8_27_37	6	9	Speech		Speech	multimodal	False	True
D-DBnNlXTIc_20_30	0	1	Speech,Dog	Dog	Speech	multimodal	True	True
D-DBnNlXTIc_20_30	1	10	Dog	Dog	Dog	multimodal	True	True
D0Ex9W0sEOI_160_170	0	2	Violin_fiddle,Acoustic_guitar	Acoustic_guitar,Violin_fiddle	Acoustic_guitar,Violin_fiddle	multimodal	True	True
D0Ex9W0sEOI_160_170	2	8	Singing,Violin_fiddle,Acoustic_guitar	Acoustic_guitar,Violin_fiddle,Singing	Acoustic_guitar,Violin_fiddle,Singing	multimodal	True	True
D0Ex9W0sEOI_160_170	8	10	Violin_fiddle,Acoustic_guitar	Acoustic_guitar,Violin_fiddle	Acoustic_guitar,Violin_fiddle	multimodal	True	True
D0kNXqg7Kcw_20_30	0	10	Chainsaw	Chainsaw	Chainsaw	multimodal	True	True
D1aU2qkXvT8_30_40	0	7	Violin_fiddle	Violin_fiddle	Violin_fiddle	multimodal	True	True
D1aU2qkXvT8_30_40	7	10	Speech,Violin_fiddle	Violin_fiddle	Speech	multimodal	True	True
D2-Rg8oftng_30_40	0	3	Baby_laughter	Baby_laughter	Baby_laughter	multimodal	True	True
D2-Rg8oftng_30_40	3	6	Cheering		Cheering	multimodal	False	True
D2-Rg8oftng_30_40	6	7	Speech,Cheering		Cheering,Speech	multimodal	False	True
D2-Rg8oftng_30_40	7	8	Speech		Speech	multimodal	False	True
D2-Rg8oftng_30_40	8	10	Speech	Speech	Speech	multimodal	True	True
D93JcF6eH_w_40_50	0	1	Speech,Chicken_rooster	Chicken_rooster	Speech,Chicken_rooster	multimodal	True	True
D93JcF6eH_w_40_50	1	10	Chicken_rooster	Chicken_rooster	Chicken_rooster	multimodal	True	True
D9AngpPyRRg_0_10	2	6	Speech		Speech	multimodal	False	True
D9AngpPyRRg_0_10	6	7	Cheering		Cheering	multimodal	False	True
D9AngpPyRRg_0_10	7	9	Cheering,Acoustic_guitar	Acoustic_guitar	Cheering,Acoustic_guitar	multimodal	True	True
D9AngpPyRRg_0_10	9	10	Speech,Cheering,Acoustic_guitar	Cheering	Speech,Cheering,Acoustic_guitar	multimodal	True	True
DAF5KEULuGo_230_240	0	1	Speech,Motorcycle	Motorcycle	Motorcycle,Speech	multimodal	True	True
DAF5KEULuGo_230_240	1	2	Motorcycle	Motorcycle	Motorcycle	multimodal	True	True
DAF5KEULuGo_230_240	2	3	Speech,Motorcycle	Motorcycle	Motorcycle,Speech	multimodal	True	True
DAF5KEULuGo_230_240	3	10	Motorcycle	Motorcycle	Motorcycle	multimodal	True	True
DCp8wxSBoiY_30_40	0	1	Dog	Dog		multimodal	True	False
DCp8wxSBoiY_30_40	1	3	Speech,Dog	Dog	Speech	multimodal	True	True
DCp8wxSBoiY_30_40	3	5	Dog	Dog		multimodal	True	False
DCp8wxSBoiY_30_40	5	7	Speech,Dog	Dog	Speech	multimodal	True	True
DCp8wxSBoiY_30_40	7	10	Dog	Dog		multimodal	True	False
DD0iSzxHJ_Q_0_10	3	6	Helicopter	Helicopter	Helicopter	multimodal	True	True
DD0iSzxHJ_Q_0_10	6	7	Helicopter		Helicopter	multimodal	False	True
DD0iSzxHJ_Q_0_10	7	8	Helicopter	Helicopter	Helicopter	multimodal	True	True
DD0iSzxHJ_Q_0_10	8	10	Helicopter		Helicopter	multimodal	False	True
DEJPptjl7KA_23_33	0	10	Baby_cry_infant_cry	Baby_cry_infant_cry	Baby_cry_infant_cry	multimodal	True	True
DFfBjNlNn4w_140_150	0	2	Singing	Singing	Singing	multimodal	True	True
DFfBjNlNn4w_140_150	3	4	Speech	Speech	Speech	multimodal	True	True
DFfBjNlNn4w_140_150	6	7	Speech	Speech	Speech	multimodal	True	True
DG2eXe5Xrp0_30_40	0	2	Violin_fiddle,Acoustic_guitar,Clapping	Violin_fiddle,Clapping,Acoustic_guitar	Clapping,Violin_fiddle	multimodal	True	True
DG2eXe5Xrp0_30_40	2	5	Speech,Violin_fiddle,Acoustic_guitar,Clapping	Violin_fiddle,Clapping,Acoustic_guitar	Clapping,Violin_fiddle,Speech	multimodal	True	True
DG2eXe5Xrp0_30_40	5	6	Violin_fiddle,Acoustic_guitar,Clapping	Violin_fiddle,Clapping,Acoustic_guitar	Clapping,Violin_fiddle	multimodal	True	True
DG2eXe5Xrp0_30_40	6	9	Speech,Violin_fiddle,Acoustic_guitar,Clapping	Violin_fiddle,Clapping,Acoustic_guitar	Clapping,Violin_fiddle,Speech	multimodal	True	True
DG2eXe5Xrp0_30_40	9	10	Violin_fiddle,Acoustic_guitar,Clapping	Violin_fiddle,Clapping,Acoustic_guitar	Clapping,Violin_fiddle	multimodal	True	True
DG89TFpzMmg_20_30	0	10	Vacuum_cleaner	Vacuum_cleaner	Vacuum_cleaner	multimodal	True	True
DGeCOmJq0Ow_70_80	0	7	Speech,Acoustic_guitar	Acoustic_guitar	Speech	multimodal	True	True
DGeCOmJq0Ow_70_80	7	10	Acoustic_guitar	Acoustic_guitar	Acoustic_guitar	multimodal	True	True
DH3NHfO5k4s_20_30	0	1	Singing,Clapping	Singing	Singing,Clapping	multimodal	True	True
DH3NHfO5k4s_20_30	1	6	Singing,Acoustic_guitar,Clapping	Singing	Singing,Acoustic_guitar,Clapping	multimodal	True	True
DH3NHfO5k4s_20_30	6	7	Singing,Acoustic_guitar,Clapping		Singing,Acoustic_guitar,Clapping	multimodal	False	True
DH3NHfO5k4s_20_30	7	10	Singing,Acoustic_guitar,Clapping	Singing,Acoustic_guitar,Clapping	Singing,Acoustic_guitar,Clapping	multimodal	True	True
DHW0GEDee0k_20_30	0	6	Accordion	Accordion	Accordion	multimodal	True	True
DHW0GEDee0k_20_30	6	8	Speech,Accordion	Accordion	Speech	multimodal	True	True
DHW0GEDee0k_20_30	8	9	Speech,Accordion	Accordion	Accordion,Speech	multimodal	True	True
DHW0GEDee0k_20_30	9	10	Accordion	Accordion	Accordion	multimodal	True	True
DIV2w0lpHgM_27_37	0	1	Speech,Chicken_rooster	Chicken_rooster	Chicken_rooster,Speech	multimodal	True	True
DIV2w0lpHgM_27_37	1	2	Chicken_rooster	Chicken_rooster	Chicken_rooster	multimodal	True	True
DIV2w0lpHgM_27_37	2	9	Speech,Chicken_rooster	Chicken_rooster	Chicken_rooster,Speech	multimodal	True	True
DIV2w0lpHgM_27_37	9	10	Chicken_rooster	Chicken_rooster	Chicken_rooster	multimodal	True	True
DJDxBH4Bb2I_100_110	0	2	Basketball_bounce,Speech	Basketball_bounce,Speech	Speech	multimodal	True	True
DJDxBH4Bb2I_100_110	2	4	Speech	Speech	Speech	multimodal	True	True
DJDxBH4Bb2I_100_110	4	5	Basketball_bounce,Speech	Basketball_bounce,Speech	Basketball_bounce,Speech	multimodal	True	True
DKEwkMDiJSI_20_30	0	1	Acoustic_guitar,Accordion	Accordion,Acoustic_guitar	Accordion,Acoustic_guitar	multimodal	True	True
DKEwkMDiJSI_20_30	1	10	Singing,Acoustic_guitar,Accordion	Accordion,Acoustic_guitar,Singing	Accordion,Acoustic_guitar,Singing	multimodal	True	True
DLKDQyjlmMc_30_40	0	6	Baby_cry_infant_cry	Baby_cry_infant_cry	Baby_cry_infant_cry	multimodal	True	True
DLKDQyjlmMc_30_40	6	7	Baby_cry_infant_cry,Speech	Baby_cry_infant_cry	Speech,Baby_cry_infant_cry	multimodal	True	True
DLKDQyjlmMc_30_40	7	8	Baby_cry_infant_cry,Speech	Baby_cry_infant_cry	Speech	multimodal	True	True
DLKDQyjlmMc_30_40	8	10	Baby_cry_infant_cry,Speech	Baby_cry_infant_cry,Speech	Speech	multimodal	True	True
DNZHSSyAH3Y_310_320	0	10	Singing,Cheering	Cheering	Singing	multimodal	True	True
DO_ZDe2CN5I_11_21	0	4	Speech,Cat	Cat	Speech	multimodal	True	True
DO_ZDe2CN5I_11_21	4	5	Speech,Cat	Cat	Speech,Cat	multimodal	True	True
DO_ZDe2CN5I_11_21	5	6	Speech,Cat	Cat	Speech	multimodal	True	True
DO_ZDe2CN5I_11_21	6	7	Speech,Cat	Cat	Speech,Cat	multimodal	True	True
DO_ZDe2CN5I_11_21	7	10	Speech,Cat	Cat	Speech	multimodal	True	True
DOjo6_9WxCo_30_40	0	1	Vacuum_cleaner,Speech	Vacuum_cleaner,Speech	Vacuum_cleaner,Speech	multimodal	True	True
DOjo6_9WxCo_30_40	1	2	Vacuum_cleaner	Vacuum_cleaner	Vacuum_cleaner	multimodal	True	True
DOjo6_9WxCo_30_40	2	3	Vacuum_cleaner,Speech	Vacuum_cleaner,Speech	Vacuum_cleaner,Speech	multimodal	True	True
DOjo6_9WxCo_30_40	3	10	Vacuum_cleaner	Vacuum_cleaner	Vacuum_cleaner	multimodal	True	True
DPCf8taGIGw_30_40	0	10	Violin_fiddle,Cello,Acoustic_guitar	Cello,Violin_fiddle,Acoustic_guitar	Cello,Violin_fiddle,Acoustic_guitar	multimodal	True	True
DPpp6t1d2Rk_90_100	0	10	Violin_fiddle,Cello	Cello,Violin_fiddle	Cello,Violin_fiddle	multimodal	True	True
DQ3ZFO2RP04_14_24	0	2	Dog	Dog	Dog	multimodal	True	True
DQ3ZFO2RP04_14_24	2	3	Speech,Dog	Dog	Speech	multimodal	True	True
DQ3ZFO2RP04_14_24	3	4	Dog	Dog		multimodal	True	False
DQ3ZFO2RP04_14_24	4	9	Dog	Dog	Dog	multimodal	True	True
DQ3ZFO2RP04_14_24	9	10	Dog	Dog		multimodal	True	False
DQf3Ti20erk_530_540	0	7	Speech,Acoustic_guitar	Acoustic_guitar,Speech	Speech,Acoustic_guitar	multimodal	True	True
DQf3Ti20erk_530_540	7	8	Acoustic_guitar	Acoustic_guitar	Acoustic_guitar	multimodal	True	True
DQf3Ti20erk_530_540	8	10	Speech,Acoustic_guitar	Acoustic_guitar,Speech	Speech	multimodal	True	True
DR8HpVUhdbA_11_21	0	10	Motorcycle	Motorcycle	Motorcycle	multimodal	True	True
DS_kzdgXoV4_30_40	0	10	Accordion	Accordion	Accordion	multimodal	True	True
DSwEi6cwPjM_170_180	0	10	Cello	Cello	Cello	multimodal	True	True
DUfww-VAuFI_60_70	0	2	Fire_alarm,Speech	Fire_alarm	Speech	multimodal	True	True
DUfww-VAuFI_60_70	2	9	Fire_alarm	Fire_alarm	Fire_alarm	multimodal	True	True
DUfww-VAuFI_60_70	9	10	Fire_alarm,Speech	Fire_alarm	Speech	multimodal	True	True
DWZvTMIn89k_0_10	0	1	Speech,Accordion	Speech	Speech,Accordion	multimodal	True	True
DWZvTMIn89k_0_10	1	10	Accordion		Accordion	multimodal	False	True
DXlefGbw_0E_360_370	2	8	Singing	Singing	Singing	multimodal	True	True
DYq0gklkL0I_110_120	0	10	Vacuum_cleaner	Vacuum_cleaner	Vacuum_cleaner	multimodal	True	True
DZb5LThmhQw_30_40	0	10	Speech,Violin_fiddle	Violin_fiddle	Violin_fiddle,Speech	multimodal	True	True
D_p1yb7iJ6g_220_230	0	2	Speech	Speech	Speech	multimodal	True	True
D_p1yb7iJ6g_220_230	2	10	Singing	Singing	Singing	multimodal	True	True
DapUtDGFIXI_30_40	1	2	Speech		Speech	multimodal	False	True
DapUtDGFIXI_30_40	3	5	Speech		Speech	multimodal	False	True
DapUtDGFIXI_30_40	5	8	Speech,Chicken_rooster	Chicken_rooster	Speech,Chicken_rooster	multimodal	True	True
DapUtDGFIXI_30_40	8	10	Speech,Chicken_rooster	Chicken_rooster	Speech	multimodal	True	True
Db6ysxwfK9M_530_540	0	9	Singing,Clapping	Singing,Clapping	Clapping,Singing	multimodal	True	True
Db6ysxwfK9M_530_540	9	10	Singing,Speech,Clapping	Singing	Clapping,Singing,Speech	multimodal	True	True
Dc6SJp2Q-fw_20_30	0	3	Speech		Speech	multimodal	False	True
Dc6SJp2Q-fw_20_30	3	10	Singing	Singing	Singing	multimodal	True	True
DcCEGqcN2Rs_10_20	0	2	Singing,Acoustic_guitar	Acoustic_guitar	Singing	multimodal	True	True
DcCEGqcN2Rs_10_20	2	5	Acoustic_guitar	Acoustic_guitar	Acoustic_guitar	multimodal	True	True
DcCEGqcN2Rs_10_20	5	7	Acoustic_guitar	Acoustic_guitar		multimodal	True	False
DcCEGqcN2Rs_10_20	7	10	Acoustic_guitar	Acoustic_guitar	Acoustic_guitar	multimodal	True	True
Dcx8IgLXtKw_30_40	0	10	Violin_fiddle	Violin_fiddle	Violin_fiddle	multimodal	True	True
DePQjGiGpSs_570_580	0	7	Violin_fiddle,Cello	Cello,Violin_fiddle	Cello,Violin_fiddle	multimodal	True	True
DePQjGiGpSs_570_580	7	10	Violin_fiddle,Cello	Cello,Violin_fiddle	Violin_fiddle	multimodal	True	True
DgElEEFPRaE_570_580	0	5	Blender	Blender	Blender	multimodal	True	True
DgElEEFPRaE_570_580	5	10	Blender	Blender		multimodal	True	False
DhFVH7Dvz8A_30_40	0	10	Helicopter	Helicopter	Helicopter	multimodal	True	True
Di13sZqVF4A_480_490	0	2	Speech,Cheering		Speech,Cheering	multimodal	False	True
Di13sZqVF4A_480_490	2	5	Cheering,Clapping		Cheering,Clapping	multimodal	False	True
Di13sZqVF4A_480_490	5	7	Cheering		Cheering	multimodal	False	True
Di13sZqVF4A_480_490	7	9	Singing,Cheering	Singing	Singing,Cheering	multimodal	True	True
Di13sZqVF4A_480_490	9	10	Singing	Singing	Singing	multimodal	True	True
DiBzz6M9cUk_30_40	0	1	Violin_fiddle,Cello		Cello,Violin_fiddle	multimodal	False	True
DiBzz6M9cUk_30_40	1	7	Violin_fiddle,Cello	Cello	Cello,Violin_fiddle	multimodal	True	True
DiBzz6M9cUk_30_40	7	10	Violin_fiddle,Cello	Violin_fiddle	Cello,Violin_fiddle	multimodal	True	True
DiGDeiWzYdc_30_40	0	6	Baby_cry_infant_cry	Baby_cry_infant_cry	Baby_cry_infant_cry	multimodal	True	True
DiGDeiWzYdc_30_40	6	7	Baby_cry_infant_cry	Baby_cry_infant_cry		multimodal	True	False
DiGDeiWzYdc_30_40	7	10	Baby_cry_infant_cry	Baby_cry_infant_cry	Baby_cry_infant_cry	multimodal	True	True
DiN7YWCEGzs_110_120	0	6	Speech,Car,Motorcycle	Motorcycle,Car	Speech,Car	multimodal	True	True
DiN7YWCEGzs_110_120	6	8	Speech,Car	Car	Speech,Car	multimodal	True	True
DiN7YWCEGzs_110_120	8	10	Car	Car	Car	multimodal	True	True
Dk4YYDzk6v4_140_150	0	2	Speech		Speech	multimodal	False	True
Dk4YYDzk6v4_140_150	2	10	Singing,Speech	Singing	Singing,Speech	multimodal	True	True
Dk9Db7pUggU_120_130	0	1	Singing,Acoustic_guitar	Acoustic_guitar,Singing	Singing	multimodal	True	True
Dk9Db7pUggU_120_130	1	3	Speech,Acoustic_guitar	Acoustic_guitar,Speech	Speech	multimodal	True	True
Dk9Db7pUggU_120_130	3	4	Acoustic_guitar	Acoustic_guitar	Acoustic_guitar	multimodal	True	True
Dk9Db7pUggU_120_130	4	6	Singing,Acoustic_guitar	Acoustic_guitar,Singing	Singing,Acoustic_guitar	multimodal	True	True
Dk9Db7pUggU_120_130	6	7	Singing,Speech,Acoustic_guitar	Acoustic_guitar,Singing,Speech	Singing,Speech,Acoustic_guitar	multimodal	True	True
Dk9Db7pUggU_120_130	7	8	Speech,Acoustic_guitar	Acoustic_guitar,Speech	Speech	multimodal	True	True
Dk9Db7pUggU_120_130	8	9	Acoustic_guitar	Acoustic_guitar	Acoustic_guitar	multimodal	True	True
Dk9Db7pUggU_120_130	9	10	Speech,Acoustic_guitar	Acoustic_guitar,Speech	Speech,Acoustic_guitar	multimodal	True	True
DmfGwmAWqK0_210_220	0	8	Basketball_bounce,Speech	Basketball_bounce	Basketball_bounce,Speech	multimodal	True	True
DmfGwmAWqK0_210_220	8	10	Speech		Speech	multimodal	False	True
DptWWXVlKHw_40_50	0	5	Fire_alarm	Fire_alarm	Fire_alarm	multimodal	True	True
DptWWXVlKHw_40_50	5	9	Fire_alarm	Fire_alarm		multimodal	True	False
DptWWXVlKHw_40_50	9	10	Fire_alarm,Speech	Fire_alarm	Speech	multimodal	True	True
Dr4GrylmP9M_390_400	4	10	Telephone_bell_ringing	Telephone_bell_ringing	Telephone_bell_ringing	multimodal	True	True
DryXFqmkAn0_0_10	0	1	Cheering		Cheering	multimodal	False	True
DryXFqmkAn0_0_10	1	2	Cheering,Clapping	Clapping	Cheering,Clapping	multimodal	True	True
DryXFqmkAn0_0_10	2	7	Speech,Clapping	Clapping	Clapping,Speech	multimodal	True	True
DryXFqmkAn0_0_10	7	9	Speech,Clapping		Clapping,Speech	multimodal	False	True
DryXFqmkAn0_0_10	9	10	Speech		Speech	multimodal	False	True
DsBUJquZ6po_0_10	0	10	Singing	Singing	Singing	multimodal	True	True
Dt_hRwowOnw_120_130	0	5	Speech,Clapping	Clapping	Speech	multimodal	True	True
Dt_hRwowOnw_120_130	5	7	Speech		Speech	multimodal	False	True
Dt_hRwowOnw_120_130	7	10	Speech,Acoustic_guitar	Acoustic_guitar	Speech	multimodal	True	True
DvgyFP7jxh4_70_80	0	3	Speech,Blender	Blender,Speech	Speech	multimodal	True	True
DvgyFP7jxh4_70_80	3	10	Blender	Blender	Blender	multimodal	True	True
DwLCdnbpUNM_20_30	0	1	Dog	Dog		multimodal	True	False
DwLCdnbpUNM_20_30	1	3	Speech,Dog	Dog	Speech	multimodal	True	True
DwLCdnbpUNM_20_30	3	4	Dog	Dog		multimodal	True	False
DwLCdnbpUNM_20_30	4	5	Dog	Dog	Dog	multimodal	True	True
DwLCdnbpUNM_20_30	5	6	Dog	Dog		multimodal	True	False
DwLCdnbpUNM_20_30	6	8	Dog	Dog	Dog	multimodal	True	True
DwLCdnbpUNM_20_30	8	10	Dog	Dog		multimodal	True	False
DwUr_EwHswo_40_50	0	1	Singing	Singing	Singing	multimodal	True	True
DwUr_EwHswo_40_50	1	2	Singing,Speech	Singing	Singing,Speech	multimodal	True	True
DwUr_EwHswo_40_50	2	3	Speech		Speech	multimodal	False	True
DwUr_EwHswo_40_50	3	8	Singing	Singing	Singing	multimodal	True	True
DwUr_EwHswo_40_50	8	9	Singing,Speech	Singing	Singing,Speech	multimodal	True	True
DwUr_EwHswo_40_50	9	10	Speech		Speech	multimodal	False	True
DwzBJ19O0CI_60_70	0	3	Dog	Dog		multimodal	True	False
DwzBJ19O0CI_60_70	3	7	Dog	Dog	Dog	multimodal	True	True
DwzBJ19O0CI_60_70	7	10	Speech,Dog	Dog	Speech	multimodal	True	True
Dx4O21IPz1c_80_90	0	10	Singing	Singing	Singing	multimodal	True	True
DxvGKv2L6-8_100_110	0	10	Helicopter	Helicopter	Helicopter	multimodal	True	True
DzZYpUrrqzY_120_130	0	1	Dog	Dog		multimodal	True	False
DzZYpUrrqzY_120_130	1	8	Speech,Dog	Dog	Speech	multimodal	True	True
DzZYpUrrqzY_120_130	8	9	Dog	Dog		multimodal	True	False
DzZYpUrrqzY_120_130	9	10	Dog	Dog	Dog	multimodal	True	True
E-TphCWQpWk_30_40	0	2	Cat	Cat	Cat	multimodal	True	True
E-TphCWQpWk_30_40	2	3	Cat	Cat		multimodal	True	False
E-TphCWQpWk_30_40	3	4	Speech,Cat	Cat	Speech	multimodal	True	True
E-TphCWQpWk_30_40	4	10	Cat	Cat		multimodal	True	False
E0P9OfvzBpY_30_40	0	3	Cat	Cat	Cat	multimodal	True	True
E0P9OfvzBpY_30_40	3	6	Cat	Cat		multimodal	True	False
E0P9OfvzBpY_30_40	6	7	Cat	Cat	Cat	multimodal	True	True
E0P9OfvzBpY_30_40	7	9	Cat	Cat		multimodal	True	False
E0P9OfvzBpY_30_40	9	10	Speech,Cat	Cat	Speech	multimodal	True	True
E1ep57TU23A_0_10	0	6	Speech	Speech	Speech	multimodal	True	True
E1ep57TU23A_0_10	6	8	Speech,Clapping	Speech,Clapping	Speech,Clapping	multimodal	True	True
E1ep57TU23A_0_10	8	10	Singing	Singing	Singing	multimodal	True	True
E2KwdwAJtgg_140_150	0	10	Cat,Dog,Banjo	Cat,Dog	Banjo	multimodal	True	True
E2dlH4BhIho_90_100	0	10	Violin_fiddle,Cello,Acoustic_guitar	Cello,Violin_fiddle,Acoustic_guitar	Cello,Violin_fiddle,Acoustic_guitar	multimodal	True	True
E3bKVGHsA7I_30_40	0	10	Baby_cry_infant_cry	Baby_cry_infant_cry	Baby_cry_infant_cry	multimodal	True	True
E3e3s0_2YBQ_40_50	0	1	Chicken_rooster	Chicken_rooster		multimodal	True	False
E3e3s0_2YBQ_40_50	1	2	Speech,Chicken_rooster	Chicken_rooster	Speech,Chicken_rooster	multimodal	True	True
E3e3s0_2YBQ_40_50	2	3	Chicken_rooster	Chicken_rooster		multimodal	True	False
E3e3s0_2YBQ_40_50	3	4	Chicken_rooster	Chicken_rooster	Chicken_rooster	multimodal	True	True
E3e3s0_2YBQ_40_50	4	5	Speech,Chicken_rooster	Chicken_rooster	Speech,Chicken_rooster	multimodal	True	True
E3e3s0_2YBQ_40_50	5	6	Speech,Chicken_rooster	Chicken_rooster	Speech	multimodal	True	True
E3e3s0_2YBQ_40_50	6	10	Chicken_rooster	Chicken_rooster	Chicken_rooster	multimodal	True	True
E4ZkcNYUHfg_210_220	0	1	Singing,Clapping	Singing,Clapping	Singing,Clapping	multimodal	True	True
E4ZkcNYUHfg_210_220	1	2	Singing	Singing	Singing	multimodal	True	True
E4ZkcNYUHfg_210_220	2	6	Singing,Clapping	Singing,Clapping	Singing,Clapping	multimodal	True	True
E4ZkcNYUHfg_210_220	6	10	Speech	Speech	Speech	multimodal	True	True
E509105txOk_130_140	0	2	Helicopter	Helicopter	Helicopter	multimodal	True	True
E509105txOk_130_140	2	3	Speech,Helicopter	Helicopter	Helicopter,Speech	multimodal	True	True
E509105txOk_130_140	3	6	Speech,Helicopter	Helicopter	Helicopter,Speech	multimodal	True	True
E509105txOk_130_140	6	7	Helicopter	Helicopter	Helicopter	multimodal	True	True
E509105txOk_130_140	7	8	Speech,Helicopter	Helicopter	Helicopter,Speech	multimodal	True	True
E509105txOk_130_140	8	10	Helicopter	Helicopter	Helicopter	multimodal	True	True
E5ajREsZ0YE_80_90	0	10	Singing	Singing	Singing	multimodal	True	True
E5dctPO-Kqs_140_150	0	10	Helicopter	Helicopter	Helicopter	multimodal	True	True
E5mV1b1ol6Y_0_10	0	3	Singing	Singing	Singing	multimodal	True	True
E5mV1b1ol6Y_0_10	3	4	Singing,Speech	Singing	Singing,Speech	multimodal	True	True
E5mV1b1ol6Y_0_10	4	5	Speech		Speech	multimodal	False	True
E5mV1b1ol6Y_0_10	9	10	Singing	Singing	Singing	multimodal	True	True
E62kiwwhsu8_30_40	0	10	Cello,Acoustic_guitar	Cello,Acoustic_guitar	Cello,Acoustic_guitar	multimodal	True	True
E6AOfcgn3hw_220_230	0	10	Violin_fiddle	Violin_fiddle	Violin_fiddle	multimodal	True	True
E6vpA7p7ebI_190_200	0	10	Helicopter	Helicopter	Helicopter	multimodal	True	True
E7FXBV0vbg8_90_100	0	10	Cello,Banjo,Acoustic_guitar	Banjo,Cello,Acoustic_guitar	Banjo,Cello,Acoustic_guitar	multimodal	True	True
E7XaZtFSiZA_60_70	0	6	Dog		Dog	multimodal	False	True
E7XaZtFSiZA_60_70	6	10	Speech	Speech	Speech	multimodal	True	True
E88iyzlzuLs_330_340	0	2	Speech,Dog	Dog	Speech	multimodal	True	True
E88iyzlzuLs_330_340	2	3	Dog	Dog		multimodal	True	False
E88iyzlzuLs_330_340	3	5	Speech,Dog	Dog	Speech	multimodal	True	True
E88iyzlzuLs_330_340	5	6	Dog	Dog		multimodal	True	False
E88iyzlzuLs_330_340	6	9	Speech,Dog	Dog	Speech	multimodal	True	True
E88iyzlzuLs_330_340	9	10	Dog	Dog		multimodal	True	False
EB0Ot7SSwkc_20_30	0	2	Dog	Dog	Dog	multimodal	True	True
EB0Ot7SSwkc_20_30	2	3	Speech,Dog	Dog	Dog,Speech	multimodal	True	True
EB0Ot7SSwkc_20_30	3	10	Dog	Dog	Dog	multimodal	True	True
ECAkq_er0Qs_200_210	0	8	Violin_fiddle,Cello	Cello,Violin_fiddle	Cello	multimodal	True	True
ECAkq_er0Qs_200_210	8	10	Violin_fiddle,Cello	Cello,Violin_fiddle	Cello,Violin_fiddle	multimodal	True	True
EDJ-vOyHFNE_20_30	0	1	Clapping	Clapping	Clapping	multimodal	True	True
EDJ-vOyHFNE_20_30	1	4	Speech,Clapping	Speech,Clapping	Speech,Clapping	multimodal	True	True
EDJ-vOyHFNE_20_30	4	9	Clapping	Clapping	Clapping	multimodal	True	True
EDJ-vOyHFNE_20_30	9	10	Speech,Clapping	Speech,Clapping	Speech,Clapping	multimodal	True	True
EDYz3E4o5g0_200_210	0	2	Motorcycle		Motorcycle	multimodal	False	True
EDYz3E4o5g0_200_210	2	10	Motorcycle	Motorcycle	Motorcycle	multimodal	True	True
EE2BwtP32tM_220_230	1	4	Singing	Singing	Singing	multimodal	True	True
EE2BwtP32tM_220_230	6	8	Singing	Singing	Singing	multimodal	True	True
EE2BwtP32tM_220_230	9	10	Singing	Singing	Singing	multimodal	True	True
EE6x3fRHk7M_20_30	0	5	Dog	Dog	Dog	multimodal	True	True
EE6x3fRHk7M_20_30	5	9	Speech,Dog	Dog	Dog,Speech	multimodal	True	True
EE6x3fRHk7M_20_30	9	10	Dog	Dog	Dog	multimodal	True	True
EGgx22VQP-I_240_250	0	8	Acoustic_guitar	Acoustic_guitar	Acoustic_guitar	multimodal	True	True
EGgx22VQP-I_240_250	8	9	Speech,Acoustic_guitar	Acoustic_guitar	Speech,Acoustic_guitar	multimodal	True	True
EGgx22VQP-I_240_250	9	10	Speech,Acoustic_guitar	Acoustic_guitar	Speech	multimodal	True	True
EHj1VEogUxE_30_40	0	10	Accordion	Accordion	Accordion	multimodal	True	True
EI9OD8CKoYY_20_30	0	2	Speech,Chicken_rooster	Chicken_rooster	Chicken_rooster,Speech	multimodal	True	True
EI9OD8CKoYY_20_30	2	9	Chicken_rooster	Chicken_rooster	Chicken_rooster	multimodal	True	True
EI9OD8CKoYY_20_30	9	10	Speech,Chicken_rooster	Chicken_rooster	Speech	multimodal	True	True
EIy2hSlwqMg_540_550	0	2	Speech	Speech	Speech	multimodal	True	True
EIy2hSlwqMg_540_550	2	6	Singing	Singing	Singing	multimodal	True	True
EIy2hSlwqMg_540_550	6	10	Singing,Cheering,Clapping	Singing	Singing,Clapping,Cheering	multimodal	True	True
EKMWyHlCzok_30_40	0	10	Blender	Blender	Blender	multimodal	True	True
EKjQ9a_1rj0_30_40	0	3	Speech,Violin_fiddle	Violin_fiddle,Speech	Speech	multimodal	True	True
EKjQ9a_1rj0_30_40	3	4	Violin_fiddle	Violin_fiddle		multimodal	True	False
EKjQ9a_1rj0_30_40	4	9	Violin_fiddle	Violin_fiddle	Violin_fiddle	multimodal	True	True
EKjQ9a_1rj0_30_40	9	10	Speech,Violin_fiddle	Violin_fiddle	Violin_fiddle,Speech	multimodal	True	True
EMDr5DqtfwY_30_40	1	6	Helicopter	Helicopter	Helicopter	multimodal	True	True
EMDr5DqtfwY_30_40	6	7	Helicopter	Helicopter		multimodal	True	False
EMDr5DqtfwY_30_40	7	8	Helicopter	Helicopter	Helicopter	multimodal	True	True
EMDr5DqtfwY_30_40	8	10	Speech,Helicopter	Helicopter	Helicopter,Speech	multimodal	True	True
EMgt1yfibCY_370_380	0	10	Helicopter	Helicopter	Helicopter	multimodal	True	True
EMsdkma5MU8_30_40	0	2	Vacuum_cleaner	Vacuum_cleaner	Vacuum_cleaner	multimodal	True	True
EMsdkma5MU8_30_40	2	3	Vacuum_cleaner,Speech	Vacuum_cleaner	Vacuum_cleaner,Speech	multimodal	True	True
EMsdkma5MU8_30_40	3	8	Vacuum_cleaner	Vacuum_cleaner	Vacuum_cleaner	multimodal	True	True
EMsdkma5MU8_30_40	8	9	Vacuum_cleaner,Speech	Vacuum_cleaner	Vacuum_cleaner,Speech	multimodal	True	True
EMsdkma5MU8_30_40	9	10	Vacuum_cleaner	Vacuum_cleaner	Vacuum_cleaner	multimodal	True	True
EN50BTjjnrs_8_18	0	7	Baby_cry_infant_cry	Baby_cry_infant_cry	Baby_cry_infant_cry	multimodal	True	True
EN50BTjjnrs_8_18	7	9	Speech	Speech	Speech	multimodal	True	True
ENDXhI_PeAc_80_90	0	1	Motorcycle	Motorcycle	Motorcycle	multimodal	True	True
ENDXhI_PeAc_80_90	1	5	Speech,Motorcycle	Motorcycle	Motorcycle,Speech	multimodal	True	True
ENDXhI_PeAc_80_90	5	7	Motorcycle	Motorcycle	Motorcycle	multimodal	True	True
ENDXhI_PeAc_80_90	7	10	Speech,Motorcycle	Motorcycle	Motorcycle,Speech	multimodal	True	True
ENQBXODItVI_100_110	0	2	Basketball_bounce	Basketball_bounce	Basketball_bounce	multimodal	True	True
ENQBXODItVI_100_110	2	3	Basketball_bounce	Basketball_bounce		multimodal	True	False
ENQBXODItVI_100_110	4	5	Basketball_bounce	Basketball_bounce	Basketball_bounce	multimodal	True	True
ENQBXODItVI_100_110	5	6	Basketball_bounce,Speech	Basketball_bounce	Speech,Basketball_bounce	multimodal	True	True
ENQBXODItVI_100_110	6	8	Basketball_bounce	Basketball_bounce	Basketball_bounce	multimodal	True	True
ENQBXODItVI_100_110	9	10	Speech		Speech	multimodal	False	True
EOeWgyrX-q8_30_40	0	2	Vacuum_cleaner,Speech	Vacuum_cleaner	Speech	multimodal	True	True
EOeWgyrX-q8_30_40	2	5	Vacuum_cleaner,Speech	Vacuum_cleaner	Speech,Vacuum_cleaner	multimodal	True	True
EOeWgyrX-q8_30_40	5	10	Vacuum_cleaner,Speech	Vacuum_cleaner	Speech	multimodal	True	True
EQJO_SCdev0_50_60	0	6	Violin_fiddle,Cello,Accordion,Acoustic_guitar	Accordion,Violin_fiddle,Acoustic_guitar,Cello	Accordion	multimodal	True	True
EQJO_SCdev0_50_60	6	10	Accordion	Accordion	Accordion	multimodal	True	True
ERG8KKpqpWQ_20_30	0	10	Singing,Acoustic_guitar	Singing,Acoustic_guitar	Singing,Acoustic_guitar	multimodal	True	True
ERGfpSkxEv0_160_170	0	1	Basketball_bounce		Basketball_bounce	multimodal	False	True
ERGfpSkxEv0_160_170	1	2	Basketball_bounce,Speech	Basketball_bounce	Basketball_bounce,Speech	multimodal	True	True
ERGfpSkxEv0_160_170	2	3	Basketball_bounce,Speech	Basketball_bounce	Speech	multimodal	True	True
ERGfpSkxEv0_160_170	3	5	Basketball_bounce,Speech	Basketball_bounce	Basketball_bounce,Speech	multimodal	True	True
ERGfpSkxEv0_160_170	5	6	Basketball_bounce,Speech	Basketball_bounce	Speech	multimodal	True	True
ERGfpSkxEv0_160_170	6	7	Basketball_bounce		Basketball_bounce	multimodal	False	True
ERGfpSkxEv0_160_170	8	10	Speech		Speech	multimodal	False	True
ERjtCDLt4sQ_20_30	0	6	Violin_fiddle,Cello	Violin_fiddle,Cello	Violin_fiddle,Cello	multimodal	True	True
ERjtCDLt4sQ_20_30	6	10	Violin_fiddle,Cello	Violin_fiddle	Violin_fiddle,Cello	multimodal	True	True
ESfOqi5mHtc_240_250	0	4	Speech	Speech	Speech	multimodal	True	True
ESfOqi5mHtc_240_250	4	7	Blender	Blender	Blender	multimodal	True	True
ESfOqi5mHtc_240_250	7	8	Blender	Blender		multimodal	True	False
ESfOqi5mHtc_240_250	8	10	Speech,Blender	Blender,Speech	Speech	multimodal	True	True
ESkZHYcqs5g_0_10	0	1	Dog	Dog		multimodal	True	False
ESkZHYcqs5g_0_10	1	9	Dog	Dog	Dog	multimodal	True	True
ESkZHYcqs5g_0_10	9	10	Speech,Dog	Dog	Dog,Speech	multimodal	True	True
ETLXmqQFcBM_300_310	0	10	Singing,Accordion	Singing,Accordion	Singing,Accordion	multimodal	True	True
ETn6CUxtQeE_40_50	0	2	Speech	Speech	Speech	multimodal	True	True
ETn6CUxtQeE_40_50	2	5	Baby_laughter,Speech	Speech	Speech,Baby_laughter	multimodal	True	True
ETn6CUxtQeE_40_50	5	7	Speech	Speech	Speech	multimodal	True	True
EUtpm8jPQes_0_10	0	3	Blender	Blender		multimodal	True	False
EUtpm8jPQes_0_10	3	10	Blender	Blender	Blender	multimodal	True	True
EWA0puztuCE_50_60	0	10	Helicopter	Helicopter	Helicopter	multimodal	True	True
EWG-FzjkTr4_40_50	0	5	Frying_(food)	Frying_(food)	Frying_(food)	multimodal	True	True
EWG-FzjkTr4_40_50	5	10	Speech,Frying_(food)	Frying_(food)	Frying_(food),Speech	multimodal	True	True
EX1bUjlQI_c_60_70	0	1	Violin_fiddle,Cello	Violin_fiddle,Cello	Cello	multimodal	True	True
EX1bUjlQI_c_60_70	1	4	Violin_fiddle,Cello	Violin_fiddle,Cello	Violin_fiddle,Cello	multimodal	True	True
EX1bUjlQI_c_60_70	4	10	Violin_fiddle,Cello	Violin_fiddle,Cello	Violin_fiddle	multimodal	True	True
EX7HfmSYTQI_30_40	0	1	Violin_fiddle	Violin_fiddle		multimodal	True	False
EX7HfmSYTQI_30_40	1	3	Speech,Violin_fiddle	Violin_fiddle,Speech	Speech	multimodal	True	True
EX7HfmSYTQI_30_40	3	4	Speech,Violin_fiddle	Violin_fiddle,Speech	Violin_fiddle,Speech	multimodal	True	True
EX7HfmSYTQI_30_40	4	5	Speech,Violin_fiddle	Violin_fiddle	Violin_fiddle,Speech	multimodal	True	True
EX7HfmSYTQI_30_40	5	10	Violin_fiddle	Violin_fiddle	Violin_fiddle	multimodal	True	True
EXfxW_Vfn1s_110_120	0	2	Speech	Speech	Speech	multimodal	True	True
EXfxW_Vfn1s_110_120	2	3	Speech,Clapping	Speech,Clapping	Speech,Clapping	multimodal	True	True
EXfxW_Vfn1s_110_120	3	10	Speech	Speech	Speech	multimodal	True	True
EZABDQrX-VU_380_390	0	5	Speech,Frying_(food)	Frying_(food)	Frying_(food),Speech	multimodal	True	True
EZABDQrX-VU_380_390	5	6	Frying_(food)	Frying_(food)	Frying_(food)	multimodal	True	True
EZABDQrX-VU_380_390	6	7	Speech,Frying_(food)	Frying_(food)	Frying_(food),Speech	multimodal	True	True
EZABDQrX-VU_380_390	7	10	Frying_(food)	Frying_(food)	Frying_(food)	multimodal	True	True
E_BDly6VGzk_30_40	0	1	Baby_cry_infant_cry	Baby_cry_infant_cry	Baby_cry_infant_cry	multimodal	True	True
E_BDly6VGzk_30_40	1	2	Baby_cry_infant_cry,Speech	Baby_cry_infant_cry	Baby_cry_infant_cry,Speech	multimodal	True	True
E_BDly6VGzk_30_40	2	5	Speech		Speech	multimodal	False	True
E_BDly6VGzk_30_40	5	9	Baby_cry_infant_cry	Baby_cry_infant_cry	Baby_cry_infant_cry	multimodal	True	True
E_MoCeM_fgc_30_40	0	10	Cello,Acoustic_guitar	Cello	Cello,Acoustic_guitar	multimodal	True	True
EaYQInm5Q14_240_250	0	2	Violin_fiddle,Cello	Cello,Violin_fiddle	Violin_fiddle	multimodal	True	True
EaYQInm5Q14_240_250	2	10	Violin_fiddle,Cello	Cello,Violin_fiddle	Cello,Violin_fiddle	multimodal	True	True
EbB_904ZztM_150_160	0	1	Speech,Acoustic_guitar	Acoustic_guitar	Acoustic_guitar,Speech	multimodal	True	True
EbB_904ZztM_150_160	1	2	Speech,Acoustic_guitar	Acoustic_guitar	Speech	multimodal	True	True
EbB_904ZztM_150_160	2	3	Speech,Acoustic_guitar	Acoustic_guitar	Acoustic_guitar,Speech	multimodal	True	True
EbB_904ZztM_150_160	3	7	Acoustic_guitar	Acoustic_guitar	Acoustic_guitar	multimodal	True	True
EbB_904ZztM_150_160	7	8	Speech,Acoustic_guitar	Acoustic_guitar	Acoustic_guitar,Speech	multimodal	True	True
EbB_904ZztM_150_160	8	10	Speech,Acoustic_guitar	Acoustic_guitar	Speech	multimodal	True	True
EcYet3dbyKM_20_30	0	10	Car,Helicopter	Car,Helicopter	Helicopter	multimodal	True	True
EdSlrD3HGk8_110_120	0	3	Dog	Dog	Dog	multimodal	True	True
EdSlrD3HGk8_110_120	3	4	Dog	Dog		multimodal	True	False
EdSlrD3HGk8_110_120	4	10	Speech,Dog	Dog	Speech	multimodal	True	True
Eejf2Tw0Tpc_30_40	0	1	Dog	Dog	Dog	multimodal	True	True
Eejf2Tw0Tpc_30_40	1	3	Speech,Dog	Dog	Speech	multimodal	True	True
Eejf2Tw0Tpc_30_40	3	10	Dog	Dog	Dog	multimodal	True	True
EeoyscjnXrg_160_170	0	7	Lawn_mower	Lawn_mower	Lawn_mower	multimodal	True	True
EeoyscjnXrg_160_170	7	9	Speech,Lawn_mower	Lawn_mower	Lawn_mower,Speech	multimodal	True	True
EeoyscjnXrg_160_170	9	10	Lawn_mower	Lawn_mower	Lawn_mower	multimodal	True	True
EevMPTtfWv8_30_40	0	2	Speech,Violin_fiddle	Violin_fiddle	Violin_fiddle,Speech	multimodal	True	True
EevMPTtfWv8_30_40	2	5	Violin_fiddle	Violin_fiddle	Violin_fiddle	multimodal	True	True
EevMPTtfWv8_30_40	5	7	Speech,Violin_fiddle	Violin_fiddle	Violin_fiddle,Speech	multimodal	True	True
EevMPTtfWv8_30_40	7	10	Violin_fiddle	Violin_fiddle	Violin_fiddle	multimodal	True	True
Eh63MlTra_U_160_170	0	1	Singing,Acoustic_guitar	Acoustic_guitar	Acoustic_guitar,Singing	multimodal	True	True
Eh63MlTra_U_160_170	1	2	Acoustic_guitar	Acoustic_guitar	Acoustic_guitar	multimodal	True	True
Eh63MlTra_U_160_170	2	10	Singing,Acoustic_guitar	Singing	Acoustic_guitar,Singing	multimodal	True	True
EhhFEWf7efU_130_140	0	3	Speech,Motorcycle,Car	Car	Motorcycle,Speech	multimodal	True	True
EhhFEWf7efU_130_140	3	5	Speech,Motorcycle,Car	Car,Motorcycle	Motorcycle,Speech	multimodal	True	True
EhhFEWf7efU_130_140	5	7	Motorcycle,Car	Car,Motorcycle	Motorcycle	multimodal	True	True
EhhFEWf7efU_130_140	7	10	Motorcycle		Motorcycle	multimodal	False	True
EikptOF21-s_30_40	0	1	Speech,Cat	Cat	Cat,Speech	multimodal	True	True
EikptOF21-s_30_40	1	4	Cat	Cat		multimodal	True	False
EikptOF21-s_30_40	4	6	Cat	Cat	Cat	multimodal	True	True
EikptOF21-s_30_40	6	7	Cat	Cat		multimodal	True	False
EikptOF21-s_30_40	7	8	Speech,Cat	Cat	Speech	multimodal	True	True
EikptOF21-s_30_40	8	10	Cat	Cat	Cat	multimodal	True	True
EioAuS-NZcM_30_40	0	2	Baby_cry_infant_cry		Baby_cry_infant_cry	multimodal	False	True
EioAuS-NZcM_30_40	2	4	Baby_cry_infant_cry	Baby_cry_infant_cry	Baby_cry_infant_cry	multimodal	True	True
EioAuS-NZcM_30_40	4	5	Baby_cry_infant_cry,Speech	Baby_cry_infant_cry	Baby_cry_infant_cry,Speech	multimodal	True	True
EioAuS-NZcM_30_40	7	8	Speech		Speech	multimodal	False	True
EioAuS-NZcM_30_40	8	10	Baby_cry_infant_cry	Baby_cry_infant_cry	Baby_cry_infant_cry	multimodal	True	True
EjXZSqowaQ8_30_40	0	1	Motorcycle		Motorcycle	multimodal	False	True
EjXZSqowaQ8_30_40	1	3	Motorcycle	Motorcycle	Motorcycle	multimodal	True	True
EjXZSqowaQ8_30_40	3	4	Motorcycle		Motorcycle	multimodal	False	True
EjXZSqowaQ8_30_40	4	10	Motorcycle	Motorcycle	Motorcycle	multimodal	True	True
Ek8XKK6LE6Y_30_40	0	10	Vacuum_cleaner	Vacuum_cleaner	Vacuum_cleaner	multimodal	True	True
ElcySYXYtew_10_20	0	4	Singing,Cello,Acoustic_guitar,Accordion	Acoustic_guitar,Singing	Acoustic_guitar,Singing,Cello,Accordion	multimodal	True	True
ElcySYXYtew_10_20	4	10	Singing,Cello,Acoustic_guitar,Accordion	Acoustic_guitar	Acoustic_guitar,Singing,Cello,Accordion	multimodal	True	True
EmJch5XooOQ_0_10	0	10	Vacuum_cleaner	Vacuum_cleaner	Vacuum_cleaner	multimodal	True	True
EmTtADpTbF4_40_50	0	2	Clapping	Clapping	Clapping	multimodal	True	True
EmTtADpTbF4_40_50	2	3	Speech	Speech	Speech	multimodal	True	True
EmTtADpTbF4_40_50	5	9	Speech	Speech	Speech	multimodal	True	True
EmTtADpTbF4_40_50	9	10	Clapping	Clapping	Clapping	multimodal	True	True
Emc7WAjMfF8_20_30	0	1	Singing	Singing	Singing	multimodal	True	True
Emc7WAjMfF8_20_30	1	4	Speech	Speech	Speech	multimodal	True	True
Emc7WAjMfF8_20_30	6	10	Singing	Singing	Singing	multimodal	True	True
Eo_FyQjui1k_10_20	0	10	Helicopter	Helicopter	Helicopter	multimodal	True	True
Eoc5RJc83Iw_60_70	0	4	Motorcycle	Motorcycle	Motorcycle	multimodal	True	True
Eoc5RJc83Iw_60_70	4	5	Speech,Motorcycle	Motorcycle	Motorcycle,Speech	multimodal	True	True
Eoc5RJc83Iw_60_70	5	7	Motorcycle	Motorcycle	Motorcycle	multimodal	True	True
Eoc5RJc83Iw_60_70	7	9	Speech,Motorcycle	Motorcycle	Motorcycle,Speech	multimodal	True	True
Eoc5RJc83Iw_60_70	9	10	Cheering,Motorcycle,Clapping	Motorcycle	Motorcycle,Cheering,Clapping	multimodal	True	True
Ep3yRHFevHo_0_10	1	4	Basketball_bounce	Basketball_bounce	Basketball_bounce	multimodal	True	True
Ep3yRHFevHo_0_10	7	9	Speech		Speech	multimodal	False	True
EqBP9Dblf5c_0_10	0	5	Speech,Accordion		Accordion,Speech	multimodal	False	True
EqBP9Dblf5c_0_10	5	8	Singing,Speech,Accordion	Singing	Singing,Accordion,Speech	multimodal	True	True
EqBP9Dblf5c_0_10	8	9	Singing,Speech,Accordion		Singing,Accordion,Speech	multimodal	False	True
EqBP9Dblf5c_0_10	9	10	Singing,Speech,Accordion	Singing	Singing,Accordion,Speech	multimodal	True	True
EqYPDn23Rjw_30_40	0	10	Accordion	Accordion	Accordion	multimodal	True	True
EsEJh7JuX-0_110_120	0	10	Violin_fiddle,Banjo	Violin_fiddle,Banjo	Banjo	multimodal	True	True
EsXa6SNVgSI_30_40	0	6	Cello	Cello	Cello	multimodal	True	True
EsXa6SNVgSI_30_40	6	7	Speech,Cello	Cello	Cello,Speech	multimodal	True	True
EsXa6SNVgSI_30_40	7	10	Cello	Cello	Cello	multimodal	True	True
EuQ6qqoAdUE_290_300	0	2	Speech,Blender	Blender	Blender,Speech	multimodal	True	True
EuQ6qqoAdUE_290_300	2	4	Speech,Blender	Blender	Speech	multimodal	True	True
EuQ6qqoAdUE_290_300	4	10	Blender	Blender		multimodal	True	False
EuWGmg8MBxw_160_170	0	1	Dog	Dog		multimodal	True	False
EuWGmg8MBxw_160_170	1	3	Dog	Dog	Dog	multimodal	True	True
EuWGmg8MBxw_160_170	3	4	Dog	Dog		multimodal	True	False
EuWGmg8MBxw_160_170	4	7	Dog	Dog	Dog	multimodal	True	True
EuWGmg8MBxw_160_170	7	10	Speech,Dog	Dog	Dog,Speech	multimodal	True	True
EvHgP6eSPxo_10_20	0	1	Speech,Dog	Dog	Speech	multimodal	True	True
EvHgP6eSPxo_10_20	1	2	Dog	Dog		multimodal	True	False
EvHgP6eSPxo_10_20	2	3	Dog	Dog	Dog	multimodal	True	True
EvHgP6eSPxo_10_20	3	4	Speech,Dog	Dog	Speech	multimodal	True	True
EvHgP6eSPxo_10_20	4	5	Speech,Dog	Dog	Dog,Speech	multimodal	True	True
EvHgP6eSPxo_10_20	5	6	Dog	Dog		multimodal	True	False
EvHgP6eSPxo_10_20	6	7	Speech,Dog	Dog	Dog,Speech	multimodal	True	True
EvHgP6eSPxo_10_20	7	9	Dog	Dog	Dog	multimodal	True	True
EvHgP6eSPxo_10_20	9	10	Speech,Dog	Dog	Dog,Speech	multimodal	True	True
EwTLLwJtDyo_180_190	0	1	Acoustic_guitar	Acoustic_guitar	Acoustic_guitar	multimodal	True	True
EwTLLwJtDyo_180_190	1	6	Singing,Acoustic_guitar	Singing,Acoustic_guitar	Singing,Acoustic_guitar	multimodal	True	True
EwTLLwJtDyo_180_190	6	9	Acoustic_guitar	Acoustic_guitar	Acoustic_guitar	multimodal	True	True
EwTLLwJtDyo_180_190	9	10	Singing,Acoustic_guitar	Singing,Acoustic_guitar	Singing,Acoustic_guitar	multimodal	True	True
EwecTFF_wUs_80_90	0	4	Frying_(food)	Frying_(food)	Frying_(food)	multimodal	True	True
EwecTFF_wUs_80_90	4	10	Speech,Frying_(food)	Frying_(food)	Frying_(food),Speech	multimodal	True	True
ExcQZFswFks_50_60	0	2	Speech,Dog	Dog	Dog,Speech	multimodal	True	True
ExcQZFswFks_50_60	2	10	Dog	Dog	Dog	multimodal	True	True
ExjkmiWArck_380_390	0	10	Frying_(food)	Frying_(food)	Frying_(food)	multimodal	True	True
EybwVFGORSo_370_380	0	7	Fire_alarm		Fire_alarm	multimodal	False	True
EybwVFGORSo_370_380	7	9	Fire_alarm	Fire_alarm	Fire_alarm	multimodal	True	True
EybwVFGORSo_370_380	9	10	Fire_alarm,Speech	Fire_alarm	Speech	multimodal	True	True
EzEsxYLJL7U_70_80	0	2	Banjo,Acoustic_guitar	Acoustic_guitar,Banjo	Acoustic_guitar,Banjo	multimodal	True	True
EzEsxYLJL7U_70_80	2	7	Singing,Banjo,Acoustic_guitar	Acoustic_guitar,Banjo,Singing	Acoustic_guitar,Banjo,Singing	multimodal	True	True
EzEsxYLJL7U_70_80	7	8	Banjo,Acoustic_guitar	Acoustic_guitar,Banjo	Acoustic_guitar,Banjo	multimodal	True	True
EzEsxYLJL7U_70_80	8	10	Singing,Banjo,Acoustic_guitar	Acoustic_guitar,Banjo,Singing	Acoustic_guitar,Banjo,Singing	multimodal	True	True
F-GyUG4KIXM_260_270	0	4	Motorcycle	Motorcycle	Motorcycle	multimodal	True	True
F-GyUG4KIXM_260_270	4	7	Speech,Motorcycle	Motorcycle	Motorcycle,Speech	multimodal	True	True
F-GyUG4KIXM_260_270	7	10	Motorcycle	Motorcycle	Motorcycle	multimodal	True	True
F-TRR1Qgo9g_90_100	0	1	Basketball_bounce,Speech,Clapping	Basketball_bounce	Clapping,Speech	multimodal	True	True
F-TRR1Qgo9g_90_100	1	4	Speech,Clapping		Clapping,Speech	multimodal	False	True
F-TRR1Qgo9g_90_100	4	5	Basketball_bounce,Speech	Basketball_bounce	Speech	multimodal	True	True
F-TRR1Qgo9g_90_100	5	8	Speech		Speech	multimodal	False	True
F-TRR1Qgo9g_90_100	8	9	Speech,Cheering		Speech,Cheering	multimodal	False	True
F-TRR1Qgo9g_90_100	9	10	Basketball_bounce,Speech,Cheering	Basketball_bounce	Basketball_bounce,Speech,Cheering	multimodal	True	True
F0Omj8D7rOg_0_10	0	1	Vacuum_cleaner		Vacuum_cleaner	multimodal	False	True
F0Omj8D7rOg_0_10	1	10	Vacuum_cleaner	Vacuum_cleaner	Vacuum_cleaner	multimodal	True	True
F2ID7V1BQrw_70_80	0	2	Dog	Dog	Dog	multimodal	True	True
F2ID7V1BQrw_70_80	2	3	Dog		Dog	multimodal	False	True
F2ID7V1BQrw_70_80	3	5	Speech,Dog	Speech	Dog,Speech	multimodal	True	True
F2ID7V1BQrw_70_80	5	6	Speech,Dog	Dog,Speech	Dog,Speech	multimodal	True	True
F2ID7V1BQrw_70_80	6	9	Speech,Dog	Dog	Dog,Speech	multimodal	True	True
F2ID7V1BQrw_70_80	9	10	Speech,Dog	Dog,Speech	Dog,Speech	multimodal	True	True
F3NPz3dUJsI_30_40	0	1	Dog	Dog		multimodal	True	False
F3NPz3dUJsI_30_40	1	2	Dog	Dog	Dog	multimodal	True	True
F3NPz3dUJsI_30_40	2	3	Speech,Dog	Dog	Dog,Speech	multimodal	True	True
F3NPz3dUJsI_30_40	3	4	Dog	Dog	Dog	multimodal	True	True
F3NPz3dUJsI_30_40	4	5	Speech,Dog	Dog	Speech	multimodal	True	True
F3NPz3dUJsI_30_40	5	6	Dog	Dog	Dog	multimodal	True	True
F3NPz3dUJsI_30_40	6	7	Dog	Dog		multimodal	True	False
F3NPz3dUJsI_30_40	7	9	Dog	Dog	Dog	multimodal	True	True
F3NPz3dUJsI_30_40	9	10	Dog	Dog		multimodal	True	False
F3w-4MFXP0E_30_40	0	10	Helicopter	Helicopter	Helicopter	multimodal	True	True
F4HxYGZbVOA_7_17	0	10	Chicken_rooster	Chicken_rooster	Chicken_rooster	multimodal	True	True
F4cn9ZkEX9E_490_500	0	1	Speech		Speech	multimodal	False	True
F4cn9ZkEX9E_490_500	1	6	Basketball_bounce,Speech	Basketball_bounce	Basketball_bounce,Speech	multimodal	True	True
F4cn9ZkEX9E_490_500	6	8	Speech		Speech	multimodal	False	True
F4cn9ZkEX9E_490_500	8	9	Basketball_bounce,Speech,Clapping	Basketball_bounce	Basketball_bounce,Speech,Clapping	multimodal	True	True
F4cn9ZkEX9E_490_500	9	10	Speech,Clapping		Speech,Clapping	multimodal	False	True
F4eHCGEr1_A_70_80	0	10	Violin_fiddle,Cello	Violin_fiddle,Cello	Violin_fiddle,Cello	multimodal	True	True
F6-hgd5vlOY_250_260	0	1	Cheering		Cheering	multimodal	False	True
F6-hgd5vlOY_250_260	1	2	Speech,Cheering		Speech,Cheering	multimodal	False	True
F6-hgd5vlOY_250_260	2	3	Basketball_bounce,Speech,Cheering	Basketball_bounce	Speech,Cheering,Basketball_bounce	multimodal	True	True
F6-hgd5vlOY_250_260	3	4	Speech,Cheering		Speech,Cheering	multimodal	False	True
F6-hgd5vlOY_250_260	4	10	Basketball_bounce,Speech,Cheering	Basketball_bounce	Speech,Cheering,Basketball_bounce	multimodal	True	True
F7CqvjjkHyA_30_40	0	1	Cat	Cat		multimodal	True	False
F7CqvjjkHyA_30_40	1	2	Speech,Cat	Cat	Speech	multimodal	True	True
F7CqvjjkHyA_30_40	2	3	Cat	Cat		multimodal	True	False
F7CqvjjkHyA_30_40	3	4	Speech,Cat	Cat	Speech	multimodal	True	True
F7CqvjjkHyA_30_40	4	10	Cat	Cat		multimodal	True	False
F8WZokPcBaQ_380_390	0	3	Speech,Violin_fiddle	Speech	Violin_fiddle,Speech	multimodal	True	True
F8WZokPcBaQ_380_390	3	5	Violin_fiddle		Violin_fiddle	multimodal	False	True
F8WZokPcBaQ_380_390	5	8	Speech,Violin_fiddle	Speech	Violin_fiddle,Speech	multimodal	True	True
F8WZokPcBaQ_380_390	8	10	Violin_fiddle		Violin_fiddle	multimodal	False	True
F9kNX3zLB04_6_16	0	1	Baby_cry_infant_cry	Baby_cry_infant_cry	Baby_cry_infant_cry	multimodal	True	True
F9kNX3zLB04_6_16	1	4	Baby_cry_infant_cry,Speech	Baby_cry_infant_cry	Baby_cry_infant_cry,Speech	multimodal	True	True
F9kNX3zLB04_6_16	4	6	Baby_cry_infant_cry	Baby_cry_infant_cry	Baby_cry_infant_cry	multimodal	True	True
F9kNX3zLB04_6_16	6	9	Baby_cry_infant_cry,Speech	Baby_cry_infant_cry	Baby_cry_infant_cry,Speech	multimodal	True	True
F9kNX3zLB04_6_16	9	10	Baby_cry_infant_cry	Baby_cry_infant_cry	Baby_cry_infant_cry	multimodal	True	True
FB5g9CP-M6w_30_40	0	2	Speech	Speech	Speech	multimodal	True	True
FB5g9CP-M6w_30_40	2	3	Speech,Dog	Speech	Speech,Dog	multimodal	True	True
FB5g9CP-M6w_30_40	3	4	Dog		Dog	multimodal	False	True
FB5g9CP-M6w_30_40	4	7	Speech	Speech	Speech	multimodal	True	True
FB5g9CP-M6w_30_40	7	8	Speech		Speech	multimodal	False	True
FB5g9CP-M6w_30_40	8	10	Speech	Speech	Speech	multimodal	True	True
FC8HlNb6iFE_0_10	0	3	Motorcycle	Motorcycle		multimodal	True	False
FC8HlNb6iFE_0_10	3	10	Speech,Motorcycle	Motorcycle	Speech	multimodal	True	True
FCTPUd9iYHc_130_140	0	10	Speech,Dog	Dog	Dog,Speech	multimodal	True	True
FCnSVLG31Yg_120_130	0	1	Blender	Blender		multimodal	True	False
FCnSVLG31Yg_120_130	1	9	Blender	Blender	Blender	multimodal	True	True
FCnSVLG31Yg_120_130	9	10	Speech,Blender	Blender	Speech	multimodal	True	True
FCueNJBHERY_30_40	0	3	Violin_fiddle	Violin_fiddle	Violin_fiddle	multimodal	True	True
FCueNJBHERY_30_40	3	4	Speech,Violin_fiddle	Violin_fiddle	Violin_fiddle,Speech	multimodal	True	True
FCueNJBHERY_30_40	4	5	Speech,Violin_fiddle	Violin_fiddle	Speech	multimodal	True	True
FCueNJBHERY_30_40	5	6	Violin_fiddle	Violin_fiddle		multimodal	True	False
FCueNJBHERY_30_40	6	10	Speech,Violin_fiddle	Violin_fiddle	Speech	multimodal	True	True
FD_AHY-4uaA_80_90	0	6	Fire_alarm	Fire_alarm	Fire_alarm	multimodal	True	True
FD_AHY-4uaA_80_90	6	10	Fire_alarm		Fire_alarm	multimodal	False	True
FE0C4xy3YRo_30_40	0	1	Speech,Cello,Violin_fiddle	Speech,Violin_fiddle,Cello	Speech	multimodal	True	True
FE0C4xy3YRo_30_40	1	2	Speech,Cello,Violin_fiddle	Speech,Violin_fiddle,Cello	Speech,Violin_fiddle	multimodal	True	True
FE0C4xy3YRo_30_40	2	3	Speech,Violin_fiddle,Cello	Violin_fiddle,Cello	Speech,Violin_fiddle	multimodal	True	True
FE0C4xy3YRo_30_40	3	4	Speech,Violin_fiddle	Speech,Violin_fiddle	Speech,Violin_fiddle	multimodal	True	True
FE0C4xy3YRo_30_40	4	5	Speech,Violin_fiddle	Speech,Violin_fiddle	Speech	multimodal	True	True
FE0C4xy3YRo_30_40	5	6	Speech,Violin_fiddle	Speech,Violin_fiddle	Speech,Violin_fiddle	multimodal	True	True
FE0C4xy3YRo_30_40	6	7	Speech,Violin_fiddle	Violin_fiddle	Speech,Violin_fiddle	multimodal	True	True
FE0C4xy3YRo_30_40	7	10	Speech,Violin_fiddle,Banjo	Violin_fiddle,Banjo	Speech,Violin_fiddle	multimodal	True	True
FFzJidrb2tg_0_10	0	1	Speech,Motorcycle	Motorcycle	Speech	multimodal	True	True
FFzJidrb2tg_0_10	1	2	Motorcycle	Motorcycle		multimodal	True	False
FFzJidrb2tg_0_10	2	5	Speech,Motorcycle	Motorcycle	Speech	multimodal	True	True
FFzJidrb2tg_0_10	5	6	Motorcycle	Motorcycle		multimodal	True	False
FFzJidrb2tg_0_10	6	10	Motorcycle	Motorcycle	Motorcycle	multimodal	True	True
FGnW2s4nrYU_60_70	0	3	Clapping	Clapping	Clapping	multimodal	True	True
FGnW2s4nrYU_60_70	3	6	Speech,Clapping	Clapping	Clapping,Speech	multimodal	True	True
FGnW2s4nrYU_60_70	6	9	Speech,Clapping		Clapping,Speech	multimodal	False	True
FGnW2s4nrYU_60_70	9	10	Speech		Speech	multimodal	False	True
FHgIDw8rGtA_150_160	0	1	Speech,Motorcycle	Motorcycle	Motorcycle,Speech	multimodal	True	True
FHgIDw8rGtA_150_160	1	10	Motorcycle	Motorcycle	Motorcycle	multimodal	True	True
FHvhhlwmJ3A_20_30	0	1	Lawn_mower	Lawn_mower		multimodal	True	False
FHvhhlwmJ3A_20_30	1	9	Speech,Lawn_mower	Lawn_mower	Speech	multimodal	True	True
FHvhhlwmJ3A_20_30	9	10	Lawn_mower	Lawn_mower	Lawn_mower	multimodal	True	True
FI20VBtlwLM_40_50	0	1	Chicken_rooster	Chicken_rooster		multimodal	True	False
FI20VBtlwLM_40_50	1	4	Chicken_rooster	Chicken_rooster	Chicken_rooster	multimodal	True	True
FI20VBtlwLM_40_50	4	5	Chicken_rooster	Chicken_rooster		multimodal	True	False
FI20VBtlwLM_40_50	5	6	Speech,Chicken_rooster	Chicken_rooster	Speech	multimodal	True	True
FI20VBtlwLM_40_50	6	10	Chicken_rooster	Chicken_rooster		multimodal	True	False
FJehTJMrmLc_30_40	0	3	Speech	Speech	Speech	multimodal	True	True
FJehTJMrmLc_30_40	3	4	Speech,Violin_fiddle	Speech,Violin_fiddle	Speech,Violin_fiddle	multimodal	True	True
FJehTJMrmLc_30_40	4	10	Violin_fiddle	Violin_fiddle	Violin_fiddle	multimodal	True	True
FKjHrCvqJL0_170_180	0	10	Singing	Singing	Singing	multimodal	True	True
FLEC3gA30Pw_410_420	7	9	Acoustic_guitar	Acoustic_guitar		multimodal	True	False
FLEC3gA30Pw_410_420	9	10	Singing,Acoustic_guitar	Singing,Acoustic_guitar	Singing	multimodal	True	True
FLYjmRy39_g_10_20	0	3	Lawn_mower	Lawn_mower		multimodal	True	False
FLYjmRy39_g_10_20	3	5	Lawn_mower	Lawn_mower	Lawn_mower	multimodal	True	True
FLYjmRy39_g_10_20	5	6	Lawn_mower		Lawn_mower	multimodal	False	True
FLYjmRy39_g_10_20	6	10	Lawn_mower	Lawn_mower	Lawn_mower	multimodal	True	True
FOEzt0IIaoU_0_10	0	1	Speech,Dog	Dog	Dog,Speech	multimodal	True	True
FOEzt0IIaoU_0_10	1	3	Dog	Dog	Dog	multimodal	True	True
FOEzt0IIaoU_0_10	3	4	Speech,Dog	Dog	Dog,Speech	multimodal	True	True
FOEzt0IIaoU_0_10	4	6	Dog	Dog	Dog	multimodal	True	True
FOEzt0IIaoU_0_10	6	7	Speech,Dog	Dog	Dog,Speech	multimodal	True	True
FOEzt0IIaoU_0_10	7	10	Dog	Dog	Dog	multimodal	True	True
FP07wCKSwbE_400_410	0	4	Speech,Accordion	Accordion	Speech	multimodal	True	True
FP07wCKSwbE_400_410	4	10	Speech,Accordion	Accordion	Speech,Accordion	multimodal	True	True
FPIXF5Pe_vw_190_200	0	10	Blender	Blender	Blender	multimodal	True	True
FR0cOQrzaWQ_280_290	0	7	Acoustic_guitar	Acoustic_guitar	Acoustic_guitar	multimodal	True	True
FR0cOQrzaWQ_280_290	7	9	Singing,Acoustic_guitar	Acoustic_guitar	Acoustic_guitar,Singing	multimodal	True	True
FR0cOQrzaWQ_280_290	9	10	Singing,Acoustic_guitar	Acoustic_guitar,Singing	Acoustic_guitar,Singing	multimodal	True	True
FR4em-G3gfo_30_40	0	4	Vacuum_cleaner,Cat	Vacuum_cleaner,Cat	Vacuum_cleaner	multimodal	True	True
FR4em-G3gfo_30_40	4	8	Vacuum_cleaner,Cat	Cat	Vacuum_cleaner	multimodal	True	True
FR4em-G3gfo_30_40	8	10	Vacuum_cleaner,Cat	Vacuum_cleaner,Cat	Vacuum_cleaner	multimodal	True	True
FRz7ssK6R6M_30_40	0	2	Speech,Cheering		Speech,Cheering	multimodal	False	True
FRz7ssK6R6M_30_40	2	6	Basketball_bounce,Speech,Cheering	Basketball_bounce	Basketball_bounce,Speech,Cheering	multimodal	True	True
FRz7ssK6R6M_30_40	6	9	Speech,Cheering		Speech,Cheering	multimodal	False	True
FRz7ssK6R6M_30_40	9	10	Basketball_bounce,Speech,Cheering	Basketball_bounce	Speech,Cheering	multimodal	True	True
FRzVTWTQyI8_50_60	0	5	Dog	Dog		multimodal	True	False
FRzVTWTQyI8_50_60	5	6	Speech,Dog	Dog	Speech	multimodal	True	True
FRzVTWTQyI8_50_60	6	7	Dog	Dog		multimodal	True	False
FRzVTWTQyI8_50_60	7	10	Speech,Dog	Dog	Speech	multimodal	True	True
FSaIBGrJ9Jg_90_100	0	3	Chainsaw	Chainsaw	Chainsaw	multimodal	True	True
FSaIBGrJ9Jg_90_100	3	4	Chainsaw	Chainsaw		multimodal	True	False
FSaIBGrJ9Jg_90_100	5	10	Chainsaw	Chainsaw		multimodal	True	False
FTA0TnNtGlM_10_20	0	5	Fire_alarm		Fire_alarm	multimodal	False	True
FTA0TnNtGlM_10_20	5	6	Fire_alarm	Fire_alarm		multimodal	True	False
FTA0TnNtGlM_10_20	6	8	Fire_alarm	Fire_alarm	Fire_alarm	multimodal	True	True
FTA0TnNtGlM_10_20	8	10	Fire_alarm		Fire_alarm	multimodal	False	True
FU1_O_GJDko_410_420	0	4	Chainsaw	Chainsaw	Chainsaw	multimodal	True	True
FU1_O_GJDko_410_420	4	9	Chainsaw	Chainsaw		multimodal	True	False
FU1_O_GJDko_410_420	9	10	Chainsaw	Chainsaw	Chainsaw	multimodal	True	True
FWyDVYWc0t0_160_170	0	10	Singing	Singing	Singing	multimodal	True	True
FX6bTMXronQ_30_40	0	5	Violin_fiddle	Violin_fiddle	Violin_fiddle	multimodal	True	True
FX6bTMXronQ_30_40	5	10	Speech,Violin_fiddle	Violin_fiddle	Violin_fiddle,Speech	multimodal	True	True
FX7m8rS8Ac4_11_21	0	9	Baby_cry_infant_cry	Baby_cry_infant_cry	Baby_cry_infant_cry	multimodal	True	True
FXM8uAh3nS8_70_80	0	3	Speech,Chicken_rooster	Chicken_rooster	Chicken_rooster,Speech	multimodal	True	True
FXM8uAh3nS8_70_80	3	6	Chicken_rooster	Chicken_rooster	Chicken_rooster	multimodal	True	True
FXM8uAh3nS8_70_80	6	10	Speech,Chicken_rooster	Chicken_rooster	Chicken_rooster,Speech	multimodal	True	True
FXcVh8Dbf0U_140_150	0	1	Singing,Cheering	Singing	Singing,Cheering	multimodal	True	True
FXcVh8Dbf0U_140_150	1	2	Cheering		Cheering	multimodal	False	True
FXcVh8Dbf0U_140_150	2	10	Singing,Cheering	Singing	Singing,Cheering	multimodal	True	True
FY1hsJpoBF4_250_260	0	2	Speech,Motorcycle	Motorcycle	Motorcycle,Speech	multimodal	True	True
FY1hsJpoBF4_250_260	2	10	Motorcycle	Motorcycle	Motorcycle	multimodal	True	True
FY35Jy_mzfU_110_120	0	4	Motorcycle	Motorcycle	Motorcycle	multimodal	True	True
FY35Jy_mzfU_110_120	4	10	Speech,Motorcycle	Motorcycle	Motorcycle,Speech	multimodal	True	True
FbGHcKNRUBc_18_28	0	5	Violin_fiddle	Violin_fiddle	Violin_fiddle	multimodal	True	True
FbGHcKNRUBc_18_28	5	7	Violin_fiddle	Violin_fiddle		multimodal	True	False
FbGHcKNRUBc_18_28	7	9	Speech,Violin_fiddle	Violin_fiddle	Speech	multimodal	True	True
FbGHcKNRUBc_18_28	9	10	Violin_fiddle	Violin_fiddle		multimodal	True	False
FbJMtOawkAo_20_30	0	2	Cat	Cat		multimodal	True	False
FbJMtOawkAo_20_30	4	5	Cat	Cat	Cat	multimodal	True	True
FbJMtOawkAo_20_30	5	6	Cat	Cat		multimodal	True	False
FbJMtOawkAo_20_30	6	10	Speech,Cat	Cat	Speech	multimodal	True	True
FbN2-I2CBbU_30_40	0	1	Singing,Speech,Dog	Dog,Speech	Speech,Singing,Dog	multimodal	True	True
FbN2-I2CBbU_30_40	1	2	Singing,Speech,Dog	Speech	Speech,Singing,Dog	multimodal	True	True
FbN2-I2CBbU_30_40	2	3	Singing		Singing	multimodal	False	True
FbN2-I2CBbU_30_40	3	4	Singing,Dog	Dog	Singing	multimodal	True	True
FbN2-I2CBbU_30_40	4	5	Singing,Speech,Dog	Dog,Speech	Speech,Singing,Dog	multimodal	True	True
FbN2-I2CBbU_30_40	5	7	Singing,Speech,Dog	Speech	Speech,Singing,Dog	multimodal	True	True
FbN2-I2CBbU_30_40	7	8	Singing,Speech	Speech	Speech,Singing	multimodal	True	True
FbN2-I2CBbU_30_40	8	9	Singing,Speech,Dog	Dog,Speech	Speech,Singing	multimodal	True	True
FbN2-I2CBbU_30_40	9	10	Singing,Speech,Dog	Speech	Speech,Singing,Dog	multimodal	True	True
FbcZx5syfXE_0_10	3	7	Helicopter	Helicopter		multimodal	True	False
FbcZx5syfXE_0_10	7	10	Helicopter	Helicopter	Helicopter	multimodal	True	True
Fc5SeWp7Ouo_20_30	0	2	Speech,Lawn_mower	Lawn_mower	Speech	multimodal	True	True
Fc5SeWp7Ouo_20_30	2	4	Lawn_mower	Lawn_mower	Lawn_mower	multimodal	True	True
Fc5SeWp7Ouo_20_30	4	5	Lawn_mower	Lawn_mower		multimodal	True	False
Fc5SeWp7Ouo_20_30	5	7	Lawn_mower	Lawn_mower	Lawn_mower	multimodal	True	True
Fc5SeWp7Ouo_20_30	7	10	Lawn_mower	Lawn_mower		multimodal	True	False
FcJApggTD4A_210_220	0	1	Speech,Cheering,Clapping	Cheering,Clapping	Speech	multimodal	True	True
FcJApggTD4A_210_220	1	2	Cheering,Clapping	Cheering,Clapping		multimodal	True	False
FcJApggTD4A_210_220	2	6	Cheering,Clapping	Cheering,Clapping	Cheering	multimodal	True	True
FcJApggTD4A_210_220	6	7	Cheering,Clapping	Cheering,Clapping		multimodal	True	False
FcJApggTD4A_210_220	7	8	Speech,Cheering,Clapping	Cheering,Clapping	Speech	multimodal	True	True
FcJApggTD4A_210_220	8	10	Cheering,Clapping	Cheering,Clapping	Cheering	multimodal	True	True
Fci7bNxsSVw_80_90	0	3	Motorcycle	Motorcycle	Motorcycle	multimodal	True	True
Fci7bNxsSVw_80_90	3	5	Speech,Motorcycle	Motorcycle	Motorcycle,Speech	multimodal	True	True
Fci7bNxsSVw_80_90	5	6	Motorcycle	Motorcycle	Motorcycle	multimodal	True	True
Fci7bNxsSVw_80_90	6	10	Motorcycle		Motorcycle	multimodal	False	True
FcwK-l_KzEs_0_10	0	1	Speech		Speech	multimodal	False	True
FcwK-l_KzEs_0_10	1	7	Basketball_bounce,Speech	Basketball_bounce	Speech	multimodal	True	True
FcwK-l_KzEs_0_10	7	10	Speech		Speech	multimodal	False	True
FdKtli_dAaM_20_30	0	1	Clapping,Speech,Dog	Dog,Speech	Speech,Clapping	multimodal	True	True
FdKtli_dAaM_20_30	1	2	Clapping,Speech,Dog	Dog,Speech	Dog,Speech,Clapping	multimodal	True	True
FdKtli_dAaM_20_30	2	8	Clapping,Speech,Dog	Dog	Dog,Speech,Clapping	multimodal	True	True
FdKtli_dAaM_20_30	8	10	Speech,Dog	Dog	Dog,Speech	multimodal	True	True
FdRXZAf5mMc_150_160	0	3	Speech,Dog	Dog	Speech	multimodal	True	True
FdRXZAf5mMc_150_160	3	4	Dog	Dog		multimodal	True	False
FdRXZAf5mMc_150_160	4	5	Speech,Dog	Dog	Speech,Dog	multimodal	True	True
FdRXZAf5mMc_150_160	5	7	Speech,Dog	Dog	Speech	multimodal	True	True
FdRXZAf5mMc_150_160	7	8	Dog	Dog		multimodal	True	False
FdRXZAf5mMc_150_160	8	10	Dog	Dog	Dog	multimodal	True	True
FdbtgaHTI9o_200_210	0	7	Helicopter	Helicopter	Helicopter	multimodal	True	True
FdbtgaHTI9o_200_210	7	9	Speech,Helicopter	Helicopter	Helicopter,Speech	multimodal	True	True
FdbtgaHTI9o_200_210	9	10	Helicopter	Helicopter	Helicopter	multimodal	True	True
Fdp9dfnaLuY_30_40	0	1	Violin_fiddle	Violin_fiddle	Violin_fiddle	multimodal	True	True
Fdp9dfnaLuY_30_40	1	2	Violin_fiddle		Violin_fiddle	multimodal	False	True
Fdp9dfnaLuY_30_40	2	4	Speech,Violin_fiddle		Violin_fiddle,Speech	multimodal	False	True
Fdp9dfnaLuY_30_40	4	7	Violin_fiddle	Violin_fiddle	Violin_fiddle	multimodal	True	True
Fdp9dfnaLuY_30_40	7	9	Speech,Violin_fiddle	Violin_fiddle	Speech	multimodal	True	True
Fdp9dfnaLuY_30_40	9	10	Violin_fiddle	Violin_fiddle		multimodal	True	False
FeC3GFT1GFk_180_190	0	10	Chicken_rooster	Chicken_rooster	Chicken_rooster	multimodal	True	True
Ff-TeBQ361Q_30_40	0	1	Singing,Violin_fiddle	Violin_fiddle	Violin_fiddle,Singing	multimodal	True	True
Ff-TeBQ361Q_30_40	1	8	Singing,Violin_fiddle,Speech	Violin_fiddle	Violin_fiddle,Singing,Speech	multimodal	True	True
Ff-TeBQ361Q_30_40	8	10	Speech,Violin_fiddle	Violin_fiddle	Violin_fiddle,Speech	multimodal	True	True
FfLu0skvyR4_170_180	0	1	Speech,Helicopter	Helicopter	Helicopter,Speech	multimodal	True	True
FfLu0skvyR4_170_180	1	2	Helicopter	Helicopter	Helicopter	multimodal	True	True
FfLu0skvyR4_170_180	2	10	Speech,Helicopter	Helicopter	Helicopter,Speech	multimodal	True	True
Fg765IwFFms_50_60	0	10	Vacuum_cleaner	Vacuum_cleaner	Vacuum_cleaner	multimodal	True	True
FgCtqIgZlkU_30_40	0	5	Baby_cry_infant_cry,Speech	Baby_cry_infant_cry	Baby_cry_infant_cry,Speech	multimodal	True	True
FgCtqIgZlkU_30_40	5	8	Baby_cry_infant_cry,Speech	Baby_cry_infant_cry	Speech	multimodal	True	True
FgCtqIgZlkU_30_40	8	9	Baby_cry_infant_cry	Baby_cry_infant_cry	Baby_cry_infant_cry	multimodal	True	True
FgCtqIgZlkU_30_40	9	10	Baby_cry_infant_cry,Speech	Baby_cry_infant_cry	Speech	multimodal	True	True
FgEEN3Fh68Y_30_40	0	1	Speech,Dog	Dog	Speech	multimodal	True	True
FgEEN3Fh68Y_30_40	1	3	Dog	Dog	Dog	multimodal	True	True
FgEEN3Fh68Y_30_40	3	4	Speech,Dog	Dog	Speech	multimodal	True	True
FgEEN3Fh68Y_30_40	4	6	Speech,Dog	Dog	Speech,Dog	multimodal	True	True
FgEEN3Fh68Y_30_40	6	7	Dog	Dog	Dog	multimodal	True	True
FgEEN3Fh68Y_30_40	7	8	Dog	Dog		multimodal	True	False
FgEEN3Fh68Y_30_40	8	10	Speech,Dog	Dog	Speech	multimodal	True	True
Fh2-vVvxbnI_90_100	0	2	Speech,Acoustic_guitar	Acoustic_guitar,Speech	Speech	multimodal	True	True
Fh2-vVvxbnI_90_100	2	4	Singing,Acoustic_guitar	Acoustic_guitar	Singing	multimodal	True	True
Fh2-vVvxbnI_90_100	4	7	Speech,Acoustic_guitar	Acoustic_guitar,Speech	Speech	multimodal	True	True
Fh2-vVvxbnI_90_100	7	10	Singing,Speech,Acoustic_guitar	Acoustic_guitar,Speech	Speech,Singing	multimodal	True	True
Fhhi2v1P5tE_90_100	0	3	Speech,Dog	Dog	Speech	multimodal	True	True
Fhhi2v1P5tE_90_100	3	5	Dog	Dog		multimodal	True	False
Fhhi2v1P5tE_90_100	5	6	Speech,Dog	Dog	Speech	multimodal	True	True
Fhhi2v1P5tE_90_100	6	7	Dog	Dog		multimodal	True	False
Fhhi2v1P5tE_90_100	7	10	Vacuum_cleaner,Dog	Dog	Vacuum_cleaner	multimodal	True	True
FiQ6D89tciA_20_30	0	10	Singing	Singing	Singing	multimodal	True	True
FideUHWF5-4_50_60	0	5	Speech,Blender	Blender	Speech	multimodal	True	True
FideUHWF5-4_50_60	5	9	Blender	Blender		multimodal	True	False
FideUHWF5-4_50_60	9	10	Blender	Blender	Blender	multimodal	True	True
FjseijUfvlw_30_40	0	10	Accordion	Accordion	Accordion	multimodal	True	True
Fk8y6-wbBUk_20_30	0	3	Vacuum_cleaner	Vacuum_cleaner		multimodal	True	False
Fk8y6-wbBUk_20_30	3	4	Vacuum_cleaner,Speech	Vacuum_cleaner	Speech,Vacuum_cleaner	multimodal	True	True
Fk8y6-wbBUk_20_30	4	10	Vacuum_cleaner	Vacuum_cleaner	Vacuum_cleaner	multimodal	True	True
FmOBqP7psWU_40_50	0	2	Chainsaw		Chainsaw	multimodal	False	True
FmOBqP7psWU_40_50	2	4	Chainsaw	Chainsaw	Chainsaw	multimodal	True	True
FmOBqP7psWU_40_50	4	6	Chainsaw		Chainsaw	multimodal	False	True
FmOBqP7psWU_40_50	6	9	Chainsaw	Chainsaw	Chainsaw	multimodal	True	True
FmOBqP7psWU_40_50	9	10	Chainsaw	Chainsaw		multimodal	True	False
Fnq5BrdO0tc_280_290	0	1	Speech,Motorcycle	Motorcycle	Speech	multimodal	True	True
Fnq5BrdO0tc_280_290	1	3	Speech,Motorcycle	Motorcycle	Speech,Motorcycle	multimodal	True	True
Fnq5BrdO0tc_280_290	3	10	Speech,Motorcycle	Motorcycle	Speech	multimodal	True	True
FoTOD4HkfAM_30_40	0	5	Baby_cry_infant_cry	Baby_cry_infant_cry	Baby_cry_infant_cry	multimodal	True	True
FoTOD4HkfAM_30_40	8	9	Baby_cry_infant_cry	Baby_cry_infant_cry	Baby_cry_infant_cry	multimodal	True	True
FoTOD4HkfAM_30_40	9	10	Baby_cry_infant_cry,Speech	Baby_cry_infant_cry	Speech,Baby_cry_infant_cry	multimodal	True	True
FpnKchSo3VE_160_170	0	6	Motorcycle	Motorcycle	Motorcycle	multimodal	True	True
FpnKchSo3VE_160_170	6	7	Motorcycle	Motorcycle		multimodal	True	False
FpnKchSo3VE_160_170	7	8	Singing,Speech,Motorcycle	Motorcycle	Speech,Singing	multimodal	True	True
FpnKchSo3VE_160_170	8	10	Singing,Motorcycle	Motorcycle	Singing	multimodal	True	True
FqVYB3Z63uI_210_220	0	2	Speech,Frying_(food)	Frying_(food)	Frying_(food),Speech	multimodal	True	True
FqVYB3Z63uI_210_220	2	10	Frying_(food)	Frying_(food)	Frying_(food)	multimodal	True	True
Fr0MofY-CVo_20_30	0	2	Dog	Dog		multimodal	True	False
Fr0MofY-CVo_20_30	2	3	Speech,Dog	Dog	Speech	multimodal	True	True
Fr0MofY-CVo_20_30	3	4	Dog	Dog		multimodal	True	False
Fr0MofY-CVo_20_30	4	5	Speech,Dog	Dog	Speech	multimodal	True	True
Fr0MofY-CVo_20_30	5	10	Dog	Dog		multimodal	True	False
Fr_9CvC8Xxo_30_40	0	10	Baby_cry_infant_cry	Baby_cry_infant_cry	Baby_cry_infant_cry	multimodal	True	True
FsTXNxD8M2A_0_10	0	1	Dog	Dog		multimodal	True	False
FsTXNxD8M2A_0_10	1	3	Dog	Dog	Dog	multimodal	True	True
FsTXNxD8M2A_0_10	3	5	Dog	Dog		multimodal	True	False
FsTXNxD8M2A_0_10	5	6	Dog	Dog	Dog	multimodal	True	True
FsTXNxD8M2A_0_10	6	7	Dog	Dog		multimodal	True	False
FsTXNxD8M2A_0_10	7	10	Dog	Dog	Dog	multimodal	True	True
FtvApi4UlEM_30_40	0	3	Singing,Acoustic_guitar	Singing,Acoustic_guitar	Singing,Acoustic_guitar	multimodal	True	True
FtvApi4UlEM_30_40	3	4	Singing,Acoustic_guitar,Clapping	Singing,Acoustic_guitar,Clapping	Singing,Acoustic_guitar	multimodal	True	True
FtvApi4UlEM_30_40	4	10	Speech,Clapping	Clapping	Speech	multimodal	True	True
FwGq6BRGWns_40_50	0	1	Dog	Dog		multimodal	True	False
FwGq6BRGWns_40_50	1	6	Dog	Dog	Dog	multimodal	True	True
FwGq6BRGWns_40_50	6	7	Dog	Dog		multimodal	True	False
FwGq6BRGWns_40_50	7	9	Speech,Dog	Dog	Speech	multimodal	True	True
FwGq6BRGWns_40_50	9	10	Dog	Dog		multimodal	True	False
FwODSWGmEdY_80_90	0	1	Speech,Car,Dog	Dog,Speech,Car	Speech,Car,Dog	multimodal	True	True
FwODSWGmEdY_80_90	1	5	Car,Dog	Dog,Car	Car,Dog	multimodal	True	True
FwODSWGmEdY_80_90	5	9	Speech,Dog	Dog,Speech	Speech	multimodal	True	True
FwODSWGmEdY_80_90	9	10	Dog	Dog		multimodal	True	False
Fxb_iCsmqAM_30_40	0	10	Violin_fiddle,Acoustic_guitar	Violin_fiddle,Acoustic_guitar	Violin_fiddle,Acoustic_guitar	multimodal	True	True
Fygm03Gw19Y_30_40	0	10	Helicopter	Helicopter	Helicopter	multimodal	True	True
FzFRjoK--R0_30_40	0	10	Motorcycle	Motorcycle	Motorcycle	multimodal	True	True
FzpI8ggObiE_280_290	0	10	Violin_fiddle	Violin_fiddle	Violin_fiddle	multimodal	True	True
G-c_nrKUUIk_30_40	2	7	Car	Car		multimodal	True	False
G-c_nrKUUIk_30_40	7	9	Speech,Car	Car	Speech	multimodal	True	True
G-c_nrKUUIk_30_40	9	10	Car,Helicopter	Helicopter,Car	Helicopter	multimodal	True	True
G1Ef_w9jhE8_110_120	0	3	Banjo,Acoustic_guitar	Banjo,Acoustic_guitar		multimodal	True	False
G1Ef_w9jhE8_110_120	3	5	Banjo,Acoustic_guitar	Banjo,Acoustic_guitar	Banjo	multimodal	True	True
G1Ef_w9jhE8_110_120	5	6	Banjo,Acoustic_guitar	Banjo,Acoustic_guitar	Banjo,Acoustic_guitar	multimodal	True	True
G1Ef_w9jhE8_110_120	6	10	Banjo,Acoustic_guitar	Banjo,Acoustic_guitar	Acoustic_guitar	multimodal	True	True
G39FPqIZkAA_5_15	0	8	Helicopter	Helicopter	Helicopter	multimodal	True	True
G39FPqIZkAA_5_15	8	9	Helicopter		Helicopter	multimodal	False	True
G3Szo_Im5rs_30_40	0	10	Accordion	Accordion	Accordion	multimodal	True	True
G3pBZO5zFrE_340_350	0	10	Blender	Blender	Blender	multimodal	True	True
G4TowkVcclw_90_100	0	10	Lawn_mower	Lawn_mower	Lawn_mower	multimodal	True	True
G62jBqwUsac_90_100	0	3	Singing,Acoustic_guitar	Singing,Acoustic_guitar	Singing,Acoustic_guitar	multimodal	True	True
G62jBqwUsac_90_100	3	4	Acoustic_guitar	Acoustic_guitar	Acoustic_guitar	multimodal	True	True
G62jBqwUsac_90_100	4	8	Singing,Acoustic_guitar	Singing,Acoustic_guitar	Singing,Acoustic_guitar	multimodal	True	True
G62jBqwUsac_90_100	8	10	Acoustic_guitar	Acoustic_guitar	Acoustic_guitar	multimodal	True	True
G7jl8y17HNo_30_40	0	3	Chicken_rooster	Chicken_rooster		multimodal	True	False
G7jl8y17HNo_30_40	3	4	Chicken_rooster	Chicken_rooster	Chicken_rooster	multimodal	True	True
G7jl8y17HNo_30_40	4	10	Chicken_rooster	Chicken_rooster		multimodal	True	False
GB93d-uKICQ_310_320	0	1	Dog	Dog	Dog	multimodal	True	True
GB93d-uKICQ_310_320	1	2	Dog	Dog		multimodal	True	False
GB93d-uKICQ_310_320	2	3	Speech,Dog	Dog	Speech	multimodal	True	True
GB93d-uKICQ_310_320	3	6	Dog	Dog		multimodal	True	False
GB93d-uKICQ_310_320	6	7	Dog	Dog	Dog	multimodal	True	True
GB93d-uKICQ_310_320	7	8	Speech,Dog	Dog	Dog,Speech	multimodal	True	True
GB93d-uKICQ_310_320	8	10	Speech,Dog	Dog	Speech	multimodal	True	True
GBJGRSP2JFg_20_30	0	3	Speech	Speech	Speech	multimodal	True	True
GBJGRSP2JFg_20_30	3	4	Speech,Violin_fiddle	Speech	Speech,Violin_fiddle	multimodal	True	True
GBJGRSP2JFg_20_30	4	10	Violin_fiddle		Violin_fiddle	multimodal	False	True
GCnRAAmkmTw_30_40	0	10	Violin_fiddle,Cello	Cello,Violin_fiddle	Cello,Violin_fiddle	multimodal	True	True
GERse3o3Uuo_70_80	0	1	Singing	Singing	Singing	multimodal	True	True
GERse3o3Uuo_70_80	1	4	Speech		Speech	multimodal	False	True
GERse3o3Uuo_70_80	5	6	Speech		Speech	multimodal	False	True
GEoZoRyYc1Q_90_100	0	1	Baby_laughter	Baby_laughter	Baby_laughter	multimodal	True	True
GEoZoRyYc1Q_90_100	3	4	Baby_laughter,Speech	Baby_laughter	Baby_laughter,Speech	multimodal	True	True
GEoZoRyYc1Q_90_100	4	9	Baby_laughter	Baby_laughter	Baby_laughter	multimodal	True	True
GG5XSsexHGk_370_380	0	5	Fire_alarm	Fire_alarm	Fire_alarm	multimodal	True	True
GG5XSsexHGk_370_380	5	6	Fire_alarm,Speech	Fire_alarm	Fire_alarm,Speech	multimodal	True	True
GG5XSsexHGk_370_380	6	7	Fire_alarm,Speech		Fire_alarm,Speech	multimodal	False	True
GG5XSsexHGk_370_380	7	10	Fire_alarm	Fire_alarm	Fire_alarm	multimodal	True	True
GGr5RlDlG7U_90_100	0	1	Speech,Chainsaw	Chainsaw	Chainsaw,Speech	multimodal	True	True
GGr5RlDlG7U_90_100	1	4	Chainsaw	Chainsaw	Chainsaw	multimodal	True	True
GGr5RlDlG7U_90_100	4	5	Speech,Chainsaw	Chainsaw	Chainsaw,Speech	multimodal	True	True
GGr5RlDlG7U_90_100	5	6	Chainsaw	Chainsaw	Chainsaw	multimodal	True	True
GGr5RlDlG7U_90_100	6	7	Speech,Chainsaw	Chainsaw	Chainsaw,Speech	multimodal	True	True
GGr5RlDlG7U_90_100	7	9	Chainsaw	Chainsaw	Chainsaw	multimodal	True	True
GGr5RlDlG7U_90_100	9	10	Chainsaw	Chainsaw		multimodal	True	False
GIo3jkn2bt0_30_40	0	1	Speech,Violin_fiddle		Speech,Violin_fiddle	multimodal	False	True
GIo3jkn2bt0_30_40	1	5	Speech,Violin_fiddle	Speech	Speech,Violin_fiddle	multimodal	True	True
GIo3jkn2bt0_30_40	5	7	Speech,Violin_fiddle		Speech,Violin_fiddle	multimodal	False	True
GIo3jkn2bt0_30_40	7	9	Speech,Violin_fiddle	Violin_fiddle	Speech,Violin_fiddle	multimodal	True	True
GIo3jkn2bt0_30_40	9	10	Speech,Violin_fiddle		Speech,Violin_fiddle	multimodal	False	True
GJBUBAP_lf4_220_230	0	2	Singing	Singing	Singing	multimodal	True	True
GJBUBAP_lf4_220_230	2	3	Singing,Clapping	Singing	Singing,Clapping	multimodal	True	True
GJBUBAP_lf4_220_230	3	4	Singing	Singing	Singing	multimodal	True	True
GJBUBAP_lf4_220_230	4	5	Singing,Clapping	Singing	Singing,Clapping	multimodal	True	True
GJBUBAP_lf4_220_230	5	7	Singing	Singing	Singing	multimodal	True	True
GJBUBAP_lf4_220_230	7	8	Singing,Clapping	Singing	Singing,Clapping	multimodal	True	True
GJBUBAP_lf4_220_230	8	9	Singing	Singing	Singing	multimodal	True	True
GJBUBAP_lf4_220_230	9	10	Singing,Clapping	Singing	Singing,Clapping	multimodal	True	True
GJHdLtKI37w_10_20	0	10	Chicken_rooster	Chicken_rooster	Chicken_rooster	multimodal	True	True
GJaybsizzm4_30_40	0	4	Speech,Cat	Cat	Speech	multimodal	True	True
GJaybsizzm4_30_40	4	9	Cat	Cat		multimodal	True	False
GJaybsizzm4_30_40	9	10	Speech,Cat	Cat	Speech	multimodal	True	True
GKZvKWwrDcE_30_40	0	1	Speech,Clapping	Clapping,Speech	Clapping,Speech	multimodal	True	True
GKZvKWwrDcE_30_40	2	3	Speech,Clapping	Clapping,Speech	Clapping,Speech	multimodal	True	True
GKZvKWwrDcE_30_40	4	5	Speech,Clapping	Clapping,Speech	Clapping,Speech	multimodal	True	True
GKZvKWwrDcE_30_40	5	6	Speech	Speech	Speech	multimodal	True	True
GKZvKWwrDcE_30_40	7	8	Speech,Clapping	Clapping,Speech	Clapping,Speech	multimodal	True	True
GKZvKWwrDcE_30_40	8	9	Speech	Speech	Speech	multimodal	True	True
GKZvKWwrDcE_30_40	9	10	Speech,Clapping	Clapping,Speech	Clapping,Speech	multimodal	True	True
GLqZio7In10_30_40	0	10	Accordion	Accordion	Accordion	multimodal	True	True
GM9ooYeYcY0_90_100	0	1	Speech,Dog	Dog	Dog,Speech	multimodal	True	True
GM9ooYeYcY0_90_100	1	2	Dog	Dog	Dog	multimodal	True	True
GM9ooYeYcY0_90_100	2	4	Speech,Dog	Dog	Dog,Speech	multimodal	True	True
GM9ooYeYcY0_90_100	4	5	Speech,Dog	Dog	Speech	multimodal	True	True
GM9ooYeYcY0_90_100	5	6	Speech,Dog	Dog	Dog,Speech	multimodal	True	True
GM9ooYeYcY0_90_100	6	7	Dog	Dog	Dog	multimodal	True	True
GM9ooYeYcY0_90_100	7	10	Speech,Dog	Dog	Dog,Speech	multimodal	True	True
GMbYPPN6SNk_90_100	0	5	Violin_fiddle,Cello	Cello,Violin_fiddle	Violin_fiddle,Cello	multimodal	True	True
GMbYPPN6SNk_90_100	5	6	Violin_fiddle,Cello	Cello,Violin_fiddle		multimodal	True	False
GMbYPPN6SNk_90_100	6	8	Violin_fiddle,Cello	Cello,Violin_fiddle	Violin_fiddle	multimodal	True	True
GMbYPPN6SNk_90_100	8	9	Violin_fiddle,Cello	Cello,Violin_fiddle		multimodal	True	False
GMbYPPN6SNk_90_100	9	10	Violin_fiddle,Cello	Cello,Violin_fiddle	Cello,Violin_fiddle	multimodal	True	True
GOa3javNa-8_570_580	0	3	Speech,Frying_(food)	Frying_(food)	Frying_(food),Speech	multimodal	True	True
GOa3javNa-8_570_580	3	4	Frying_(food)	Frying_(food)	Frying_(food)	multimodal	True	True
GOa3javNa-8_570_580	4	10	Speech,Frying_(food)	Frying_(food)	Frying_(food),Speech	multimodal	True	True
GQJ3-6ZBsfg_200_210	2	3	Basketball_bounce	Basketball_bounce	Basketball_bounce	multimodal	True	True
GQJ3-6ZBsfg_200_210	7	8	Basketball_bounce	Basketball_bounce	Basketball_bounce	multimodal	True	True
GREbxPMiiFU_30_40	0	7	Violin_fiddle	Violin_fiddle	Violin_fiddle	multimodal	True	True
GREbxPMiiFU_30_40	7	9	Speech,Violin_fiddle	Violin_fiddle	Violin_fiddle,Speech	multimodal	True	True
GREbxPMiiFU_30_40	9	10	Violin_fiddle	Violin_fiddle	Violin_fiddle	multimodal	True	True
GRGvhudh9s0_30_40	0	10	Helicopter	Helicopter	Helicopter	multimodal	True	True
GSWybGaQQdc_340_350	0	1	Fire_alarm,Speech	Fire_alarm	Speech	multimodal	True	True
GSWybGaQQdc_340_350	1	2	Fire_alarm	Fire_alarm		multimodal	True	False
GSWybGaQQdc_340_350	2	5	Fire_alarm,Speech	Fire_alarm	Speech	multimodal	True	True
GSWybGaQQdc_340_350	5	8	Fire_alarm	Fire_alarm	Fire_alarm	multimodal	True	True
GSWybGaQQdc_340_350	8	10	Fire_alarm,Speech	Fire_alarm	Speech,Fire_alarm	multimodal	True	True
GSaAFfWgeb4_30_40	0	1	Speech,Chicken_rooster	Chicken_rooster	Speech	multimodal	True	True
GSaAFfWgeb4_30_40	1	2	Speech,Chicken_rooster	Chicken_rooster	Chicken_rooster,Speech	multimodal	True	True
GSaAFfWgeb4_30_40	2	3	Speech,Chicken_rooster	Chicken_rooster	Speech	multimodal	True	True
GSaAFfWgeb4_30_40	3	7	Speech,Chicken_rooster	Chicken_rooster	Chicken_rooster,Speech	multimodal	True	True
GSaAFfWgeb4_30_40	7	8	Speech,Chicken_rooster	Chicken_rooster	Speech	multimodal	True	True
GSaAFfWgeb4_30_40	8	10	Speech,Chicken_rooster	Chicken_rooster	Chicken_rooster,Speech	multimodal	True	True
GSovTky7XbU_120_130	0	10	Violin_fiddle,Cello	Cello,Violin_fiddle	Cello,Violin_fiddle	multimodal	True	True
GTMj6EZjRAg_120_130	0	7	Speech,Frying_(food)	Frying_(food)	Frying_(food),Speech	multimodal	True	True
GTMj6EZjRAg_120_130	7	10	Frying_(food)	Frying_(food)	Frying_(food)	multimodal	True	True
GTfbkrPPJjg_30_40	2	10	Baby_cry_infant_cry	Baby_cry_infant_cry	Baby_cry_infant_cry	multimodal	True	True
GThcvgY_HBU_210_220	0	10	Singing	Singing	Singing	multimodal	True	True
GTrzjZECYKI_50_60	0	3	Accordion	Accordion	Accordion	multimodal	True	True
GTrzjZECYKI_50_60	3	10	Singing,Accordion	Accordion,Singing	Accordion,Singing	multimodal	True	True
GTxET6TlBRM_30_40	0	3	Baby_cry_infant_cry,Speech	Baby_cry_infant_cry	Speech,Baby_cry_infant_cry	multimodal	True	True
GTxET6TlBRM_30_40	5	6	Speech		Speech	multimodal	False	True
GTxET6TlBRM_30_40	6	10	Baby_cry_infant_cry,Speech	Baby_cry_infant_cry	Speech,Baby_cry_infant_cry	multimodal	True	True
GUprpVDR2Hg_80_90	0	1	Violin_fiddle,Cello	Cello,Violin_fiddle	Cello,Violin_fiddle	multimodal	True	True
GUprpVDR2Hg_80_90	1	2	Violin_fiddle,Cello	Cello,Violin_fiddle	Cello	multimodal	True	True
GUprpVDR2Hg_80_90	2	10	Violin_fiddle,Cello	Cello,Violin_fiddle	Cello,Violin_fiddle	multimodal	True	True
GWFmUCizdfA_4_14	0	10	Helicopter	Helicopter	Helicopter	multimodal	True	True
GWg7TQYUHFo_30_40	0	3	Baby_cry_infant_cry,Speech	Baby_cry_infant_cry	Baby_cry_infant_cry,Speech	multimodal	True	True
GWg7TQYUHFo_30_40	3	7	Baby_cry_infant_cry	Baby_cry_infant_cry	Baby_cry_infant_cry	multimodal	True	True
GWg7TQYUHFo_30_40	7	9	Baby_cry_infant_cry,Speech	Baby_cry_infant_cry	Baby_cry_infant_cry,Speech	multimodal	True	True
GWg7TQYUHFo_30_40	9	10	Baby_cry_infant_cry		Baby_cry_infant_cry	multimodal	False	True
GWvtgDdwoT0_0_10	0	5	Dog	Dog	Dog	multimodal	True	True
GWvtgDdwoT0_0_10	5	9	Speech,Dog	Dog	Dog,Speech	multimodal	True	True
GWvtgDdwoT0_0_10	9	10	Dog	Dog	Dog	multimodal	True	True
GXIrtKSFXaM_30_40	0	10	Accordion	Accordion	Accordion	multimodal	True	True
GXdiEb8fkVQ_30_40	0	10	Speech,Accordion	Accordion	Accordion,Speech	multimodal	True	True
GXsoVZJpLEc_510_520	0	10	Violin_fiddle,Cello	Violin_fiddle,Cello	Violin_fiddle,Cello	multimodal	True	True
GY-a6Wh7o_g_60_70	0	5	Motorcycle	Motorcycle	Motorcycle	multimodal	True	True
GY-a6Wh7o_g_60_70	5	6	Speech,Motorcycle	Motorcycle	Speech	multimodal	True	True
GY-a6Wh7o_g_60_70	6	10	Motorcycle	Motorcycle		multimodal	True	False
GZYRcRlFjLA_0_10	0	1	Singing,Dog	Dog	Singing	multimodal	True	True
GZYRcRlFjLA_0_10	1	10	Singing,Dog	Dog	Singing,Dog	multimodal	True	True
GZx7ykInfR4_30_40	0	1	Speech,Violin_fiddle	Violin_fiddle,Speech	Speech	multimodal	True	True
GZx7ykInfR4_30_40	1	3	Speech,Violin_fiddle	Violin_fiddle,Speech	Speech,Violin_fiddle	multimodal	True	True
GZx7ykInfR4_30_40	3	10	Violin_fiddle	Violin_fiddle	Violin_fiddle	multimodal	True	True
Gb2iX2TZ5v8_290_300	0	5	Speech,Frying_(food)	Frying_(food)	Speech,Frying_(food)	multimodal	True	True
Gb2iX2TZ5v8_290_300	5	6	Frying_(food)	Frying_(food)	Frying_(food)	multimodal	True	True
Gb2iX2TZ5v8_290_300	6	10	Speech,Frying_(food)	Frying_(food)	Speech,Frying_(food)	multimodal	True	True
GdND_LYJtYg_30_40	0	10	Vacuum_cleaner	Vacuum_cleaner	Vacuum_cleaner	multimodal	True	True
Gfz5bt9Nz9c_390_400	0	1	Basketball_bounce	Basketball_bounce	Basketball_bounce	multimodal	True	True
Gg3pK71kApY_30_40	0	10	Motorcycle	Motorcycle	Motorcycle	multimodal	True	True
GgiYd4ZgsQA_50_60	0	10	Dog	Dog	Dog	multimodal	True	True
GhXg04KU9Ws_22_32	0	8	Chainsaw	Chainsaw	Chainsaw	multimodal	True	True
GhXg04KU9Ws_22_32	8	9	Speech,Chainsaw	Chainsaw	Chainsaw,Speech	multimodal	True	True
GhXg04KU9Ws_22_32	9	10	Speech,Chainsaw	Chainsaw,Speech	Chainsaw,Speech	multimodal	True	True
Gi1iUYh6ZUo_0_10	0	5	Speech	Speech	Speech	multimodal	True	True
Gi1iUYh6ZUo_0_10	6	7	Basketball_bounce		Basketball_bounce	multimodal	False	True
Gi1iUYh6ZUo_0_10	7	10	Basketball_bounce	Basketball_bounce	Basketball_bounce	multimodal	True	True
GiO1oSKGTxY_110_120	0	10	Speech,Violin_fiddle	Speech	Speech,Violin_fiddle	multimodal	True	True
GilJAJTcmo8_13_23	0	2	Baby_cry_infant_cry	Baby_cry_infant_cry	Baby_cry_infant_cry	multimodal	True	True
GilJAJTcmo8_13_23	2	3	Baby_cry_infant_cry,Speech	Baby_cry_infant_cry	Baby_cry_infant_cry,Speech	multimodal	True	True
GilJAJTcmo8_13_23	3	4	Baby_cry_infant_cry	Baby_cry_infant_cry	Baby_cry_infant_cry	multimodal	True	True
GilJAJTcmo8_13_23	6	10	Speech		Speech	multimodal	False	True
Gjk7H4JLso8_30_40	0	2	Speech	Speech	Speech	multimodal	True	True
Gjk7H4JLso8_30_40	2	4	Speech,Cheering		Speech,Cheering	multimodal	False	True
Gjk7H4JLso8_30_40	4	6	Speech		Speech	multimodal	False	True
GjoLR-sdj78_280_290	0	2	Speech,Acoustic_guitar	Acoustic_guitar	Acoustic_guitar,Speech	multimodal	True	True
GjoLR-sdj78_280_290	2	5	Acoustic_guitar	Acoustic_guitar	Acoustic_guitar	multimodal	True	True
GjoLR-sdj78_280_290	5	6	Speech,Acoustic_guitar	Acoustic_guitar	Acoustic_guitar,Speech	multimodal	True	True
GjoLR-sdj78_280_290	6	7	Speech,Acoustic_guitar	Acoustic_guitar	Speech	multimodal	True	True
GjoLR-sdj78_280_290	7	10	Acoustic_guitar	Acoustic_guitar	Acoustic_guitar	multimodal	True	True
GkjMWXHp0Ek_150_160	0	2	Blender	Blender	Blender	multimodal	True	True
GkjMWXHp0Ek_150_160	2	3	Blender	Blender		multimodal	True	False
GkjMWXHp0Ek_150_160	3	6	Speech,Blender	Blender	Speech	multimodal	True	True
GkjMWXHp0Ek_150_160	6	10	Blender	Blender		multimodal	True	False
GlucbS373WI_30_40	0	1	Lawn_mower	Lawn_mower	Lawn_mower	multimodal	True	True
GlucbS373WI_30_40	2	10	Lawn_mower	Lawn_mower	Lawn_mower	multimodal	True	True
GmetnCLxFHE_40_50	0	2	Speech,Dog	Dog	Speech	multimodal	True	True
GmetnCLxFHE_40_50	2	3	Speech,Dog	Dog	Dog,Speech	multimodal	True	True
GmetnCLxFHE_40_50	3	10	Dog	Dog	Dog	multimodal	True	True
GmxS8d0B1QE_20_30	0	2	Dog	Dog	Dog	multimodal	True	True
GmxS8d0B1QE_20_30	2	5	Speech,Dog	Dog	Dog,Speech	multimodal	True	True
GmxS8d0B1QE_20_30	5	10	Dog	Dog	Dog	multimodal	True	True
Godz5tRIaRU_30_40	0	10	Helicopter	Helicopter	Helicopter	multimodal	True	True
GpPcLJ0b40o_140_150	0	10	Singing,Banjo,Acoustic_guitar	Singing,Banjo,Acoustic_guitar	Singing,Banjo,Acoustic_guitar	multimodal	True	True
GsNgBm53CGw_250_260	0	2	Speech,Acoustic_guitar	Acoustic_guitar,Speech	Speech,Acoustic_guitar	multimodal	True	True
GsNgBm53CGw_250_260	2	3	Acoustic_guitar	Acoustic_guitar	Acoustic_guitar	multimodal	True	True
GsNgBm53CGw_250_260	3	5	Speech,Acoustic_guitar	Acoustic_guitar,Speech	Speech	multimodal	True	True
GsNgBm53CGw_250_260	5	10	Speech,Acoustic_guitar	Acoustic_guitar,Speech	Speech,Acoustic_guitar	multimodal	True	True
GsVzqrK242Y_30_40	0	10	Violin_fiddle	Violin_fiddle	Violin_fiddle	multimodal	True	True
GtiLAXlEZvU_40_50	0	5	Singing,Acoustic_guitar	Acoustic_guitar,Singing	Singing,Acoustic_guitar	multimodal	True	True
GtiLAXlEZvU_40_50	5	7	Singing,Acoustic_guitar	Singing	Singing,Acoustic_guitar	multimodal	True	True
GtiLAXlEZvU_40_50	7	8	Acoustic_guitar		Acoustic_guitar	multimodal	False	True
GtiLAXlEZvU_40_50	8	9	Speech,Acoustic_guitar		Speech,Acoustic_guitar	multimodal	False	True
GtiLAXlEZvU_40_50	9	10	Singing,Acoustic_guitar	Singing	Singing,Acoustic_guitar	multimodal	True	True
Gtie98Go8Wc_10_20	0	4	Motorcycle	Motorcycle	Motorcycle	multimodal	True	True
Gtie98Go8Wc_10_20	4	10	Speech,Motorcycle	Motorcycle	Speech	multimodal	True	True
Gtyp2DtLehs_10_20	0	1	Cat	Cat	Cat	multimodal	True	True
Gtyp2DtLehs_10_20	1	2	Speech,Cat	Cat	Speech	multimodal	True	True
Gtyp2DtLehs_10_20	2	3	Cat	Cat	Cat	multimodal	True	True
Gtyp2DtLehs_10_20	3	4	Speech,Cat	Cat	Speech	multimodal	True	True
Gtyp2DtLehs_10_20	4	5	Cat	Cat	Cat	multimodal	True	True
Gtyp2DtLehs_10_20	5	7	Speech,Cat	Cat	Cat,Speech	multimodal	True	True
Gtyp2DtLehs_10_20	7	9	Speech,Cat	Cat	Speech	multimodal	True	True
Gtyp2DtLehs_10_20	9	10	Cat	Cat		multimodal	True	False
Gu8zGt0iK7A_30_40	0	1	Violin_fiddle	Violin_fiddle	Violin_fiddle	multimodal	True	True
Gu8zGt0iK7A_30_40	1	2	Speech,Violin_fiddle	Violin_fiddle,Speech	Violin_fiddle,Speech	multimodal	True	True
Gu8zGt0iK7A_30_40	2	8	Speech,Violin_fiddle	Violin_fiddle,Speech	Speech	multimodal	True	True
Gu8zGt0iK7A_30_40	8	10	Violin_fiddle	Violin_fiddle	Violin_fiddle	multimodal	True	True
GubjpoIeZTc_180_190	0	2	Frying_(food)	Frying_(food)	Frying_(food)	multimodal	True	True
GubjpoIeZTc_180_190	2	3	Speech,Frying_(food)	Frying_(food),Speech	Frying_(food),Speech	multimodal	True	True
GubjpoIeZTc_180_190	3	7	Frying_(food)	Frying_(food)	Frying_(food)	multimodal	True	True
GubjpoIeZTc_180_190	7	9	Speech,Frying_(food)	Frying_(food),Speech	Frying_(food),Speech	multimodal	True	True
GubjpoIeZTc_180_190	9	10	Speech,Frying_(food)	Frying_(food)	Frying_(food),Speech	multimodal	True	True
Gus-voUdc1U_30_40	0	10	Accordion	Accordion	Accordion	multimodal	True	True
GvCEvNg0a9w_30_40	0	4	Speech,Dog	Dog,Speech	Dog,Speech	multimodal	True	True
GvCEvNg0a9w_30_40	4	5	Speech,Dog	Dog,Speech	Speech	multimodal	True	True
GvCEvNg0a9w_30_40	5	8	Speech,Dog	Dog,Speech	Dog,Speech	multimodal	True	True
GvCEvNg0a9w_30_40	8	10	Speech,Dog	Dog,Speech	Speech	multimodal	True	True
GvVdunhxlp4_80_90	0	10	Accordion	Accordion	Accordion	multimodal	True	True
Gw4emZzJtzo_90_100	0	6	Speech,Frying_(food)	Frying_(food)	Frying_(food),Speech	multimodal	True	True
Gw4emZzJtzo_90_100	6	8	Frying_(food)	Frying_(food)	Frying_(food)	multimodal	True	True
Gw4emZzJtzo_90_100	8	10	Speech,Frying_(food)	Frying_(food)	Frying_(food),Speech	multimodal	True	True
Gx1wfTlFui8_0_10	0	4	Speech,Dog	Dog	Speech	multimodal	True	True
Gx1wfTlFui8_0_10	4	5	Dog	Dog		multimodal	True	False
Gx1wfTlFui8_0_10	5	6	Speech,Dog	Dog	Speech	multimodal	True	True
Gx1wfTlFui8_0_10	6	10	Speech,Dog	Dog	Speech,Dog	multimodal	True	True
GxBAyAeGJFk_40_50	0	10	Singing	Singing	Singing	multimodal	True	True
GyOP7DP4wNU_0_10	0	1	Dog	Dog	Dog	multimodal	True	True
GyOP7DP4wNU_0_10	1	4	Speech,Dog	Dog	Dog,Speech	multimodal	True	True
GyOP7DP4wNU_0_10	4	5	Dog	Dog	Dog	multimodal	True	True
GyOP7DP4wNU_0_10	5	6	Dog	Dog		multimodal	True	False
GyOP7DP4wNU_0_10	7	10	Dog	Dog		multimodal	True	False
GzN_gQyCOms_430_440	0	2	Singing,Speech	Singing	Singing,Speech	multimodal	True	True
GzN_gQyCOms_430_440	2	3	Speech		Speech	multimodal	False	True
GzN_gQyCOms_430_440	3	7	Singing	Singing	Singing	multimodal	True	True
GzN_gQyCOms_430_440	7	8	Singing,Speech	Singing	Singing,Speech	multimodal	True	True
GzN_gQyCOms_430_440	8	9	Speech		Speech	multimodal	False	True
GzN_gQyCOms_430_440	9	10	Singing	Singing	Singing	multimodal	True	True
GzXz1u955mo_170_180	0	4	Speech,Acoustic_guitar	Acoustic_guitar	Speech	multimodal	True	True
GzXz1u955mo_170_180	4	5	Acoustic_guitar	Acoustic_guitar		multimodal	True	False
GzXz1u955mo_170_180	5	8	Speech,Acoustic_guitar	Acoustic_guitar	Speech	multimodal	True	True
GzXz1u955mo_170_180	8	9	Speech,Acoustic_guitar	Acoustic_guitar	Acoustic_guitar,Speech	multimodal	True	True
GzXz1u955mo_170_180	9	10	Acoustic_guitar	Acoustic_guitar	Acoustic_guitar	multimodal	True	True
H-zboGVCulQ_250_260	0	8	Singing	Singing	Singing	multimodal	True	True
H0EAcUmwbMs_30_40	0	10	Accordion	Accordion	Accordion	multimodal	True	True
H0j1eqsKVEw_120_130	0	10	Singing,Speech	Singing	Singing,Speech	multimodal	True	True
H1u4PtqVFMg_370_380	0	3	Speech	Speech	Speech	multimodal	True	True
H1u4PtqVFMg_370_380	3	7	Baby_laughter,Speech	Speech	Speech,Baby_laughter	multimodal	True	True
H1u4PtqVFMg_370_380	7	10	Speech	Speech	Speech	multimodal	True	True
H3RNXY2UgTI_30_40	0	2	Acoustic_guitar	Acoustic_guitar	Acoustic_guitar	multimodal	True	True
H3RNXY2UgTI_30_40	2	5	Singing,Acoustic_guitar	Acoustic_guitar,Singing	Singing,Acoustic_guitar	multimodal	True	True
H3RNXY2UgTI_30_40	5	6	Acoustic_guitar	Acoustic_guitar	Acoustic_guitar	multimodal	True	True
H3RNXY2UgTI_30_40	6	9	Singing,Acoustic_guitar	Acoustic_guitar,Singing	Singing,Acoustic_guitar	multimodal	True	True
H3RNXY2UgTI_30_40	9	10	Acoustic_guitar	Acoustic_guitar	Acoustic_guitar	multimodal	True	True
H49jElTxnzQ_50_60	0	2	Speech		Speech	multimodal	False	True
H49jElTxnzQ_50_60	2	3	Basketball_bounce,Speech	Basketball_bounce	Basketball_bounce,Speech	multimodal	True	True
H49jElTxnzQ_50_60	3	5	Speech		Speech	multimodal	False	True
H49jElTxnzQ_50_60	5	6	Basketball_bounce,Speech	Basketball_bounce	Basketball_bounce,Speech	multimodal	True	True
H49jElTxnzQ_50_60	6	8	Speech		Speech	multimodal	False	True
H49jElTxnzQ_50_60	8	10	Speech,Clapping	Clapping	Speech,Clapping	multimodal	True	True
H5WcJwyjxIg_2_12	0	10	Baby_cry_infant_cry	Baby_cry_infant_cry		multimodal	True	False
H74oGbW1sw8_10_20	0	7	Cello		Cello	multimodal	False	True
H74oGbW1sw8_10_20	7	9	Speech,Cello	Speech	Cello,Speech	multimodal	True	True
H74oGbW1sw8_10_20	9	10	Cello		Cello	multimodal	False	True
H7CSAnSPS28_18_28	0	9	Chicken_rooster	Chicken_rooster		multimodal	True	False
H7CSAnSPS28_18_28	9	10	Chicken_rooster	Chicken_rooster	Chicken_rooster	multimodal	True	True
H8FPgLh1mfg_50_60	0	3	Dog	Dog	Dog	multimodal	True	True
H8FPgLh1mfg_50_60	3	4	Dog	Dog		multimodal	True	False
H8FPgLh1mfg_50_60	4	6	Speech,Dog	Dog	Speech	multimodal	True	True
H8FPgLh1mfg_50_60	6	7	Dog	Dog		multimodal	True	False
H8FPgLh1mfg_50_60	7	10	Dog	Dog	Dog	multimodal	True	True
H8_q1ovRwv8_90_100	0	1	Dog	Dog		multimodal	True	False
H8_q1ovRwv8_90_100	1	4	Speech,Dog	Dog	Speech,Dog	multimodal	True	True
H8_q1ovRwv8_90_100	4	5	Speech,Dog	Dog	Speech	multimodal	True	True
H8_q1ovRwv8_90_100	5	8	Speech,Dog	Dog	Speech,Dog	multimodal	True	True
H8_q1ovRwv8_90_100	8	9	Speech,Dog	Dog	Speech	multimodal	True	True
H8_q1ovRwv8_90_100	9	10	Speech,Dog	Dog	Speech,Dog	multimodal	True	True
H8hkekh2YCw_50_60	4	10	Accordion	Accordion	Accordion	multimodal	True	True
H8wvllC_LOY_0_10	0	1	Cat	Cat		multimodal	True	False
H8wvllC_LOY_0_10	1	2	Cat	Cat	Cat	multimodal	True	True
H8wvllC_LOY_0_10	2	3	Speech,Cat	Cat	Speech	multimodal	True	True
H8wvllC_LOY_0_10	3	7	Cat	Cat		multimodal	True	False
H8wvllC_LOY_0_10	7	10	Cat	Cat	Cat	multimodal	True	True
H96RpfYiBNU_10_20	0	6	Violin_fiddle,Banjo,Acoustic_guitar	Banjo,Acoustic_guitar,Violin_fiddle	Banjo	multimodal	True	True
H96RpfYiBNU_10_20	6	10	Singing,Violin_fiddle,Banjo,Acoustic_guitar	Banjo,Acoustic_guitar,Violin_fiddle,Singing	Singing,Banjo	multimodal	True	True
HArFBr_65N4_90_100	0	7	Singing,Clapping	Clapping,Singing	Clapping,Singing	multimodal	True	True
HArFBr_65N4_90_100	7	8	Singing	Singing	Singing	multimodal	True	True
HArFBr_65N4_90_100	8	10	Singing,Clapping	Clapping,Singing	Clapping,Singing	multimodal	True	True
HAwbu6oNapk_130_140	0	5	Singing	Singing	Singing	multimodal	True	True
HAwbu6oNapk_130_140	5	7	Singing,Speech	Singing	Singing,Speech	multimodal	True	True
HAwbu6oNapk_130_140	7	10	Singing	Singing	Singing	multimodal	True	True
HBBZzLNKgPg_200_210	0	2	Violin_fiddle	Violin_fiddle	Violin_fiddle	multimodal	True	True
HBBZzLNKgPg_200_210	2	4	Speech,Violin_fiddle	Violin_fiddle,Speech	Speech	multimodal	True	True
HBBZzLNKgPg_200_210	4	7	Violin_fiddle	Violin_fiddle	Violin_fiddle	multimodal	True	True
HBBZzLNKgPg_200_210	7	10	Speech,Violin_fiddle	Violin_fiddle,Speech	Speech	multimodal	True	True
HBCBTYMw93s_350_360	0	10	Violin_fiddle,Cello	Cello	Cello,Violin_fiddle	multimodal	True	True
HFhl6brdHVU_30_40	0	3	Speech,Motorcycle	Motorcycle	Speech	multimodal	True	True
HFhl6brdHVU_30_40	3	4	Motorcycle	Motorcycle		multimodal	True	False
HFhl6brdHVU_30_40	4	6	Speech,Motorcycle	Motorcycle	Speech	multimodal	True	True
HFhl6brdHVU_30_40	6	10	Motorcycle	Motorcycle	Motorcycle	multimodal	True	True
HG8nmD-CHVQ_0_10	0	1	Speech	Speech	Speech	multimodal	True	True
HG8nmD-CHVQ_0_10	2	10	Singing	Singing	Singing	multimodal	True	True
HHO8LjlRIf4_30_40	0	1	Speech,Cat,Dog	Cat,Dog	Speech	multimodal	True	True
HHO8LjlRIf4_30_40	1	4	Cat,Dog	Cat,Dog		multimodal	True	False
HHO8LjlRIf4_30_40	4	7	Cat,Dog	Cat,Dog	Dog	multimodal	True	True
HHO8LjlRIf4_30_40	7	9	Cat,Dog	Cat,Dog		multimodal	True	False
HHO8LjlRIf4_30_40	9	10	Cat,Dog	Cat,Dog	Cat	multimodal	True	True
HHPykWws12s_30_40	0	10	Speech,Clapping	Clapping,Speech	Clapping,Speech	multimodal	True	True
HHZFo5HpEv0_0_10	0	5	Basketball_bounce,Speech	Basketball_bounce	Basketball_bounce,Speech	multimodal	True	True
HHZFo5HpEv0_0_10	5	6	Speech		Speech	multimodal	False	True
HHZFo5HpEv0_0_10	6	7	Basketball_bounce,Speech	Basketball_bounce	Basketball_bounce,Speech	multimodal	True	True
HHuHETn8hHA_50_60	0	2	Acoustic_guitar,Clapping	Acoustic_guitar,Clapping	Acoustic_guitar,Clapping	multimodal	True	True
HHuHETn8hHA_50_60	2	7	Singing,Acoustic_guitar,Clapping	Acoustic_guitar,Clapping,Singing	Singing,Acoustic_guitar,Clapping	multimodal	True	True
HHuHETn8hHA_50_60	7	9	Acoustic_guitar,Clapping	Acoustic_guitar,Clapping	Acoustic_guitar,Clapping	multimodal	True	True
HHuHETn8hHA_50_60	9	10	Singing,Acoustic_guitar,Clapping	Acoustic_guitar,Clapping,Singing	Singing,Acoustic_guitar,Clapping	multimodal	True	True
HJZUFlrj2xk_0_10	0	8	Motorcycle		Motorcycle	multimodal	False	True
HJZUFlrj2xk_0_10	8	9	Motorcycle	Motorcycle	Motorcycle	multimodal	True	True
HJZUFlrj2xk_0_10	9	10	Motorcycle	Motorcycle		multimodal	True	False
HJfi8BlRNYk_30_40	0	10	Speech,Helicopter	Helicopter	Helicopter,Speech	multimodal	True	True
HJwb4hoo0YI_0_10	0	2	Dog	Dog	Dog	multimodal	True	True
HJwb4hoo0YI_0_10	2	3	Speech,Dog	Dog	Speech	multimodal	True	True
HJwb4hoo0YI_0_10	3	4	Speech,Dog	Dog	Dog,Speech	multimodal	True	True
HJwb4hoo0YI_0_10	4	5	Dog	Dog	Dog	multimodal	True	True
HJwb4hoo0YI_0_10	5	6	Speech,Dog	Dog	Speech	multimodal	True	True
HJwb4hoo0YI_0_10	6	7	Dog	Dog		multimodal	True	False
HJwb4hoo0YI_0_10	7	8	Speech,Dog	Dog	Speech	multimodal	True	True
HJwb4hoo0YI_0_10	8	10	Dog	Dog	Dog	multimodal	True	True
HK1i4YyF5WU_30_40	0	1	Motorcycle	Motorcycle		multimodal	True	False
HK1i4YyF5WU_30_40	1	4	Speech,Motorcycle	Motorcycle	Speech	multimodal	True	True
HK1i4YyF5WU_30_40	4	5	Speech,Motorcycle	Motorcycle	Speech,Motorcycle	multimodal	True	True
HK1i4YyF5WU_30_40	5	6	Singing,Speech,Motorcycle	Motorcycle	Speech,Motorcycle,Singing	multimodal	True	True
HK1i4YyF5WU_30_40	6	7	Singing,Speech,Motorcycle	Motorcycle	Speech,Singing	multimodal	True	True
HK1i4YyF5WU_30_40	7	9	Singing,Motorcycle	Motorcycle	Singing	multimodal	True	True
HK1i4YyF5WU_30_40	9	10	Singing,Speech,Motorcycle	Motorcycle	Speech,Singing	multimodal	True	True
HKUHuK9_Jto_60_70	0	10	Singing,Cheering	Singing	Singing,Cheering	multimodal	True	True
HKYc0AlZp_A_10_20	0	4	Dog	Dog		multimodal	True	False
HKYc0AlZp_A_10_20	4	5	Dog	Dog	Dog	multimodal	True	True
HKYc0AlZp_A_10_20	5	7	Dog	Dog		multimodal	True	False
HKYc0AlZp_A_10_20	7	9	Speech,Dog	Dog	Speech	multimodal	True	True
HKYc0AlZp_A_10_20	9	10	Dog	Dog		multimodal	True	False
HLSZ-Me0hgg_510_520	8	10	Basketball_bounce,Speech	Basketball_bounce	Speech	multimodal	True	True
HLTZISEUndk_6_16	0	10	Chicken_rooster	Chicken_rooster	Chicken_rooster	multimodal	True	True
HLqE4iEyOrU_430_440	0	4	Dog	Dog	Dog	multimodal	True	True
HLqE4iEyOrU_430_440	4	5	Dog		Dog	multimodal	False	True
HLyZ9WSj8Ew_30_40	0	3	Singing	Singing	Singing	multimodal	True	True
HLyZ9WSj8Ew_30_40	8	10	Singing	Singing	Singing	multimodal	True	True
HNu8Dg0j7hY_570_580	0	10	Frying_(food)	Frying_(food)	Frying_(food)	multimodal	True	True
HPgh02VwZAI_17_27	0	9	Chicken_rooster	Chicken_rooster		multimodal	True	False
HPgh02VwZAI_17_27	9	10	Chicken_rooster	Chicken_rooster	Chicken_rooster	multimodal	True	True
HQcefyCi7bM_170_180	0	2	Speech,Frying_(food)	Frying_(food)	Frying_(food),Speech	multimodal	True	True
HQcefyCi7bM_170_180	2	10	Frying_(food)	Frying_(food)	Frying_(food)	multimodal	True	True
HUrt-wFxTEY_50_60	0	6	Baby_cry_infant_cry	Baby_cry_infant_cry	Baby_cry_infant_cry	multimodal	True	True
HUrt-wFxTEY_50_60	6	7	Baby_cry_infant_cry	Baby_cry_infant_cry		multimodal	True	False
HUrt-wFxTEY_50_60	7	10	Baby_cry_infant_cry	Baby_cry_infant_cry	Baby_cry_infant_cry	multimodal	True	True
HVDmckfsc4M_30_40	0	10	Baby_cry_infant_cry	Baby_cry_infant_cry	Baby_cry_infant_cry	multimodal	True	True
HXwYqGau-mk_230_240	0	6	Singing	Singing	Singing	multimodal	True	True
HXwYqGau-mk_230_240	6	10	Cheering,Clapping	Cheering,Clapping	Cheering,Clapping	multimodal	True	True
HZ_iK9BlTrA_30_40	0	1	Singing,Violin_fiddle	Violin_fiddle	Violin_fiddle,Singing	multimodal	True	True
HZ_iK9BlTrA_30_40	1	4	Singing,Violin_fiddle,Speech	Violin_fiddle	Violin_fiddle,Singing,Speech	multimodal	True	True
HZ_iK9BlTrA_30_40	4	5	Speech,Violin_fiddle	Violin_fiddle	Violin_fiddle,Speech	multimodal	True	True
HZ_iK9BlTrA_30_40	5	7	Violin_fiddle	Violin_fiddle	Violin_fiddle	multimodal	True	True
HZ_iK9BlTrA_30_40	7	8	Speech,Violin_fiddle	Violin_fiddle	Violin_fiddle,Speech	multimodal	True	True
HZ_iK9BlTrA_30_40	8	9	Violin_fiddle	Violin_fiddle	Violin_fiddle	multimodal	True	True
HZ_iK9BlTrA_30_40	9	10	Speech,Violin_fiddle	Violin_fiddle	Violin_fiddle,Speech	multimodal	True	True
H_8WC4u6Qyw_20_30	0	7	Motorcycle	Motorcycle	Motorcycle	multimodal	True	True
H_8WC4u6Qyw_20_30	7	8	Speech,Motorcycle	Motorcycle	Speech	multimodal	True	True
H_8WC4u6Qyw_20_30	8	10	Motorcycle	Motorcycle		multimodal	True	False
H_rWLZ4DNQU_30_40	0	2	Singing,Speech		Singing,Speech	multimodal	False	True
H_rWLZ4DNQU_30_40	2	3	Singing,Speech	Singing	Singing,Speech	multimodal	True	True
H_rWLZ4DNQU_30_40	3	4	Singing,Speech		Singing,Speech	multimodal	False	True
H_rWLZ4DNQU_30_40	4	8	Singing,Speech	Singing	Singing,Speech	multimodal	True	True
H_rWLZ4DNQU_30_40	8	10	Singing,Speech		Singing,Speech	multimodal	False	True
HaFqd2SZezE_20_30	0	1	Speech,Dog	Dog	Speech	multimodal	True	True
HaFqd2SZezE_20_30	1	7	Dog	Dog	Dog	multimodal	True	True
HaFqd2SZezE_20_30	7	10	Speech,Dog	Dog	Dog,Speech	multimodal	True	True
HbhIIXh9b-U_280_290	0	10	Vacuum_cleaner	Vacuum_cleaner	Vacuum_cleaner	multimodal	True	True
Hc1zpmHBVn0_370_380	0	4	Motorcycle	Motorcycle	Motorcycle	multimodal	True	True
Hc1zpmHBVn0_370_380	4	6	Speech,Motorcycle	Motorcycle	Motorcycle,Speech	multimodal	True	True
Hc1zpmHBVn0_370_380	6	10	Motorcycle	Motorcycle	Motorcycle	multimodal	True	True
Hd4Lrewto7Q_20_30	0	10	Accordion	Accordion	Accordion	multimodal	True	True
Hir4RLCwKg4_0_10	0	5	Speech,Cello	Speech	Speech,Cello	multimodal	True	True
Hir4RLCwKg4_0_10	5	6	Cello		Cello	multimodal	False	True
Hir4RLCwKg4_0_10	6	7	Speech,Cello	Speech	Speech,Cello	multimodal	True	True
Hir4RLCwKg4_0_10	7	9	Cello		Cello	multimodal	False	True
Hir4RLCwKg4_0_10	9	10	Speech,Cello		Speech,Cello	multimodal	False	True
Hky1DDrf23A_30_40	0	3	Speech,Cat	Cat	Speech	multimodal	True	True
Hky1DDrf23A_30_40	3	4	Speech,Cat	Cat,Speech	Speech	multimodal	True	True
Hky1DDrf23A_30_40	4	5	Speech	Speech	Speech	multimodal	True	True
Hky1DDrf23A_30_40	5	6	Speech,Cat	Speech	Speech,Cat	multimodal	True	True
Hky1DDrf23A_30_40	6	7	Speech,Cat	Cat	Speech,Cat	multimodal	True	True
Hky1DDrf23A_30_40	7	8	Cat	Cat		multimodal	True	False
Hky1DDrf23A_30_40	8	9	Speech,Cat	Cat	Speech	multimodal	True	True
Hky1DDrf23A_30_40	9	10	Speech		Speech	multimodal	False	True
HlFvWY0asH4_40_50	0	6	Basketball_bounce,Speech	Basketball_bounce	Basketball_bounce,Speech	multimodal	True	True
HlFvWY0asH4_40_50	6	10	Speech		Speech	multimodal	False	True
Hln9D0soCes_420_430	0	2	Speech,Banjo	Banjo	Speech	multimodal	True	True
Hln9D0soCes_420_430	2	8	Banjo	Banjo	Banjo	multimodal	True	True
Hln9D0soCes_420_430	8	9	Speech,Banjo	Banjo	Banjo,Speech	multimodal	True	True
Hln9D0soCes_420_430	9	10	Speech,Banjo	Banjo	Speech	multimodal	True	True
HlrhAru1e44_30_40	0	3	Violin_fiddle	Violin_fiddle	Violin_fiddle	multimodal	True	True
HlrhAru1e44_30_40	3	5	Speech,Violin_fiddle	Violin_fiddle	Violin_fiddle,Speech	multimodal	True	True
HlrhAru1e44_30_40	5	8	Violin_fiddle	Violin_fiddle	Violin_fiddle	multimodal	True	True
HlrhAru1e44_30_40	8	9	Speech,Violin_fiddle	Violin_fiddle	Violin_fiddle,Speech	multimodal	True	True
HlrhAru1e44_30_40	9	10	Violin_fiddle	Violin_fiddle	Violin_fiddle	multimodal	True	True
Hn5l7jGoTuc_100_110	0	4	Singing	Singing	Singing	multimodal	True	True
Hn5l7jGoTuc_100_110	4	10	Singing,Speech	Singing	Singing,Speech	multimodal	True	True
HnAoOz2WKAQ_8_18	0	3	Clapping,Helicopter	Helicopter	Helicopter,Clapping	multimodal	True	True
HnAoOz2WKAQ_8_18	3	6	Clapping,Cheering,Helicopter	Helicopter	Helicopter,Clapping,Cheering	multimodal	True	True
HnAoOz2WKAQ_8_18	6	10	Helicopter	Helicopter	Helicopter	multimodal	True	True
Hp4nx234ZsI_260_270	0	3	Singing,Acoustic_guitar	Singing	Singing,Acoustic_guitar	multimodal	True	True
Hp4nx234ZsI_260_270	3	6	Singing,Acoustic_guitar	Singing,Acoustic_guitar	Singing,Acoustic_guitar	multimodal	True	True
Hp4nx234ZsI_260_270	6	7	Singing,Speech,Acoustic_guitar	Singing,Acoustic_guitar	Singing,Speech,Acoustic_guitar	multimodal	True	True
Hp4nx234ZsI_260_270	7	8	Singing,Speech,Acoustic_guitar		Singing,Speech,Acoustic_guitar	multimodal	False	True
Hp4nx234ZsI_260_270	8	10	Singing,Acoustic_guitar		Singing,Acoustic_guitar	multimodal	False	True
HqNElboqs94_220_230	0	1	Speech,Blender	Blender,Speech	Speech	multimodal	True	True
HqNElboqs94_220_230	1	10	Blender	Blender	Blender	multimodal	True	True
HqP_9D8m2_o_50_60	1	10	Singing	Singing	Singing	multimodal	True	True
HqVapoaA2J4_10_20	0	10	Singing	Singing	Singing	multimodal	True	True
Hs7fnFd5tag_160_170	0	10	Speech,Cheering	Cheering	Cheering,Speech	multimodal	True	True
HsFjrit3z4M_310_320	0	3	Singing	Singing	Singing	multimodal	True	True
HsFjrit3z4M_310_320	4	6	Clapping	Clapping	Clapping	multimodal	True	True
HsFjrit3z4M_310_320	6	7	Cheering,Clapping	Clapping	Clapping,Cheering	multimodal	True	True
HsFjrit3z4M_310_320	7	10	Cheering		Cheering	multimodal	False	True
HsShknbuIK4_0_10	0	1	Cat	Cat		multimodal	True	False
HsShknbuIK4_0_10	1	2	Speech,Cat	Cat,Speech	Speech	multimodal	True	True
HsShknbuIK4_0_10	2	3	Cat	Cat	Cat	multimodal	True	True
HsShknbuIK4_0_10	3	5	Speech,Cat	Cat,Speech	Speech,Cat	multimodal	True	True
HsShknbuIK4_0_10	5	7	Cat	Cat	Cat	multimodal	True	True
HsShknbuIK4_0_10	7	9	Cat	Cat		multimodal	True	False
HsShknbuIK4_0_10	9	10	Speech,Cat	Cat,Speech	Speech,Cat	multimodal	True	True
Ht5wjEzlh0U_30_40	3	4	Telephone_bell_ringing	Telephone_bell_ringing		multimodal	True	False
Ht5wjEzlh0U_30_40	4	6	Telephone_bell_ringing	Telephone_bell_ringing	Telephone_bell_ringing	multimodal	True	True
Ht5wjEzlh0U_30_40	6	8	Telephone_bell_ringing	Telephone_bell_ringing		multimodal	True	False
HtMc8x6fmIM_70_80	0	1	Speech,Chicken_rooster		Speech,Chicken_rooster	multimodal	False	True
HtMc8x6fmIM_70_80	1	4	Chicken_rooster	Chicken_rooster	Chicken_rooster	multimodal	True	True
HtMc8x6fmIM_70_80	4	7	Speech,Chicken_rooster	Chicken_rooster	Speech,Chicken_rooster	multimodal	True	True
HtMc8x6fmIM_70_80	7	10	Speech,Chicken_rooster	Chicken_rooster	Speech	multimodal	True	True
HtrM3GQgaLE_370_380	0	10	Blender	Blender	Blender	multimodal	True	True
HuaiNWPbTFE_20_30	0	10	Chicken_rooster	Chicken_rooster	Chicken_rooster	multimodal	True	True
Hw9Z6LEsJ6E_180_190	0	6	Singing,Accordion,Clapping	Singing,Accordion	Singing,Clapping	multimodal	True	True
Hw9Z6LEsJ6E_180_190	6	9	Singing,Clapping	Singing	Singing,Clapping	multimodal	True	True
Hw9Z6LEsJ6E_180_190	9	10	Singing	Singing	Singing	multimodal	True	True
HxvLp4XAYM0_30_40	0	8	Lawn_mower	Lawn_mower	Lawn_mower	multimodal	True	True
HxvLp4XAYM0_30_40	8	10	Speech,Lawn_mower	Lawn_mower	Lawn_mower,Speech	multimodal	True	True
Hyegfva1pCA_14_24	0	2	Chicken_rooster	Chicken_rooster		multimodal	True	False
Hyegfva1pCA_14_24	2	3	Chicken_rooster	Chicken_rooster	Chicken_rooster	multimodal	True	True
Hyegfva1pCA_14_24	3	10	Chicken_rooster	Chicken_rooster		multimodal	True	False
HzzJAWWJ-pQ_30_40	0	2	Violin_fiddle	Violin_fiddle	Violin_fiddle	multimodal	True	True
HzzJAWWJ-pQ_30_40	2	5	Violin_fiddle	Violin_fiddle		multimodal	True	False
HzzJAWWJ-pQ_30_40	5	10	Violin_fiddle	Violin_fiddle	Violin_fiddle	multimodal	True	True
I--0mnbN4JI_10_20	0	2	Speech,Lawn_mower	Speech,Lawn_mower	Speech	multimodal	True	True
I--0mnbN4JI_10_20	2	3	Speech,Lawn_mower	Speech,Lawn_mower	Speech,Lawn_mower	multimodal	True	True
I--0mnbN4JI_10_20	3	10	Lawn_mower	Lawn_mower	Lawn_mower	multimodal	True	True
I-snPee8KXM_30_40	0	10	Speech,Violin_fiddle	Speech,Violin_fiddle	Speech,Violin_fiddle	multimodal	True	True
I-yer--Q2jU_28_38	0	10	Motorcycle	Motorcycle	Motorcycle	multimodal	True	True
I1KW_y86Ql8_90_100	0	1	Speech		Speech	multimodal	False	True
I1KW_y86Ql8_90_100	1	2	Basketball_bounce,Speech	Basketball_bounce	Speech,Basketball_bounce	multimodal	True	True
I1KW_y86Ql8_90_100	2	4	Speech		Speech	multimodal	False	True
I1KW_y86Ql8_90_100	6	10	Speech		Speech	multimodal	False	True
I35Xp8ugqj4_30_40	0	2	Speech,Violin_fiddle	Speech,Violin_fiddle	Speech	multimodal	True	True
I35Xp8ugqj4_30_40	2	4	Violin_fiddle	Violin_fiddle		multimodal	True	False
I35Xp8ugqj4_30_40	4	10	Violin_fiddle	Violin_fiddle	Violin_fiddle	multimodal	True	True
I3nMKP3u2Wc_30_40	0	10	Helicopter	Helicopter	Helicopter	multimodal	True	True
I4x9bRtdjI4_30_40	0	10	Violin_fiddle,Cello	Cello,Violin_fiddle	Cello,Violin_fiddle	multimodal	True	True
I5cPHUOT48U_110_120	0	10	Singing	Singing	Singing	multimodal	True	True
I6Drk3QmQn8_60_70	0	2	Speech,Dog	Dog	Speech	multimodal	True	True
I6Drk3QmQn8_60_70	2	5	Dog	Dog		multimodal	True	False
I6Drk3QmQn8_60_70	5	7	Dog		Dog	multimodal	False	True
I6Drk3QmQn8_60_70	7	9	Dog	Dog	Dog	multimodal	True	True
I6Drk3QmQn8_60_70	9	10	Dog	Dog		multimodal	True	False
I6i5F6GT4wo_0_10	1	2	Speech		Speech	multimodal	False	True
I6i5F6GT4wo_0_10	3	8	Baby_cry_infant_cry	Baby_cry_infant_cry	Baby_cry_infant_cry	multimodal	True	True
I6i5F6GT4wo_0_10	8	9	Baby_cry_infant_cry,Speech	Baby_cry_infant_cry	Baby_cry_infant_cry,Speech	multimodal	True	True
I6i5F6GT4wo_0_10	9	10	Baby_cry_infant_cry	Baby_cry_infant_cry	Baby_cry_infant_cry	multimodal	True	True
I7fdphE2vRM_200_210	0	5	Speech,Motorcycle	Motorcycle	Motorcycle,Speech	multimodal	True	True
I7fdphE2vRM_200_210	5	10	Motorcycle	Motorcycle	Motorcycle	multimodal	True	True
I89oTOuj1Ew_10_20	0	1	Speech,Dog	Dog	Speech	multimodal	True	True
I89oTOuj1Ew_10_20	1	2	Dog	Dog		multimodal	True	False
I89oTOuj1Ew_10_20	2	4	Dog	Dog	Dog	multimodal	True	True
I89oTOuj1Ew_10_20	4	5	Dog	Dog		multimodal	True	False
I89oTOuj1Ew_10_20	5	6	Speech,Dog	Dog	Speech	multimodal	True	True
I89oTOuj1Ew_10_20	6	10	Dog	Dog	Dog	multimodal	True	True
IABUo0b5tpc_30_40	0	1	Speech,Dog	Dog	Speech,Speech	multimodal	True	True
IABUo0b5tpc_30_40	1	3	Speech,Dog	Dog	Speech	multimodal	True	True
IABUo0b5tpc_30_40	3	6	Dog	Dog		multimodal	True	False
IABUo0b5tpc_30_40	6	10	Speech,Dog	Dog	Speech	multimodal	True	True
IAq7bVGH_zg_90_100	0	1	Singing	Singing	Singing	multimodal	True	True
IAq7bVGH_zg_90_100	1	2	Singing,Speech	Singing,Speech	Singing,Speech	multimodal	True	True
IAq7bVGH_zg_90_100	2	3	Speech	Speech	Speech	multimodal	True	True
IAq7bVGH_zg_90_100	3	10	Singing	Singing	Singing	multimodal	True	True
IBdAV36uQCg_0_10	0	1	Acoustic_guitar	Acoustic_guitar	Acoustic_guitar	multimodal	True	True
IBdAV36uQCg_0_10	1	6	Singing,Acoustic_guitar	Singing,Acoustic_guitar	Singing,Acoustic_guitar	multimodal	True	True
IBdAV36uQCg_0_10	6	7	Speech,Acoustic_guitar	Speech,Acoustic_guitar	Speech,Acoustic_guitar	multimodal	True	True
IBdAV36uQCg_0_10	7	8	Acoustic_guitar	Acoustic_guitar	Acoustic_guitar	multimodal	True	True
IBdAV36uQCg_0_10	8	10	Singing,Acoustic_guitar	Singing,Acoustic_guitar	Singing,Acoustic_guitar	multimodal	True	True
ICNjHa1pF0g_80_90	0	1	Speech		Speech	multimodal	False	True
ICNjHa1pF0g_80_90	1	2	Cheering		Cheering	multimodal	False	True
ICNjHa1pF0g_80_90	2	5	Speech,Cheering		Speech,Cheering	multimodal	False	True
ICNjHa1pF0g_80_90	5	6	Basketball_bounce	Basketball_bounce	Basketball_bounce	multimodal	True	True
ICNjHa1pF0g_80_90	6	7	Speech		Speech	multimodal	False	True
ICNjHa1pF0g_80_90	7	10	Speech,Cheering		Speech,Cheering	multimodal	False	True
ICZwwC37gsE_30_40	0	10	Cello	Cello	Cello	multimodal	True	True
ID7NdijmMvE_90_100	0	1	Cello,Speech,Banjo,Acoustic_guitar,Clapping	Cello,Banjo,Acoustic_guitar	Cello,Banjo,Acoustic_guitar,Speech,Clapping	multimodal	True	True
ID7NdijmMvE_90_100	1	2	Speech,Cello,Banjo,Acoustic_guitar	Cello,Banjo,Acoustic_guitar	Cello,Banjo,Acoustic_guitar,Speech	multimodal	True	True
ID7NdijmMvE_90_100	2	3	Cello,Speech,Banjo,Acoustic_guitar,Clapping	Cello,Banjo,Acoustic_guitar	Cello,Banjo,Acoustic_guitar,Speech,Clapping	multimodal	True	True
ID7NdijmMvE_90_100	3	5	Cello,Banjo,Acoustic_guitar,Clapping	Cello,Banjo,Acoustic_guitar	Cello,Banjo,Acoustic_guitar,Clapping	multimodal	True	True
ID7NdijmMvE_90_100	5	6	Speech,Cello,Banjo,Acoustic_guitar	Cello,Banjo,Acoustic_guitar	Cello,Banjo,Acoustic_guitar,Speech	multimodal	True	True
ID7NdijmMvE_90_100	6	8	Cello,Banjo,Acoustic_guitar	Cello,Banjo,Acoustic_guitar	Cello,Banjo,Acoustic_guitar	multimodal	True	True
ID7NdijmMvE_90_100	8	10	Speech,Cello,Banjo,Acoustic_guitar	Cello,Banjo,Acoustic_guitar	Cello,Banjo,Acoustic_guitar,Speech	multimodal	True	True
IDGj7JyTS2w_10_20	0	2	Speech,Dog	Dog	Dog,Speech	multimodal	True	True
IDGj7JyTS2w_10_20	2	4	Dog	Dog	Dog	multimodal	True	True
IDGj7JyTS2w_10_20	4	5	Speech,Dog	Dog	Dog,Speech	multimodal	True	True
IDGj7JyTS2w_10_20	5	6	Speech,Dog	Dog	Speech	multimodal	True	True
IDGj7JyTS2w_10_20	6	7	Dog	Dog	Dog	multimodal	True	True
IDGj7JyTS2w_10_20	7	10	Speech,Dog	Dog	Dog,Speech	multimodal	True	True
IF_wzyRY0K8_30_40	0	10	Helicopter	Helicopter	Helicopter	multimodal	True	True
IGPYTFL2vd4_20_30	0	2	Motorcycle	Motorcycle	Motorcycle	multimodal	True	True
IGPYTFL2vd4_20_30	2	3	Speech,Motorcycle	Motorcycle	Motorcycle,Speech	multimodal	True	True
IGPYTFL2vd4_20_30	3	10	Motorcycle	Motorcycle	Motorcycle	multimodal	True	True
IGaYfRj5dJQ_460_470	0	10	Speech,Cheering,Clapping	Cheering,Speech,Clapping	Cheering,Speech,Clapping	multimodal	True	True
IJtLxh3lMKA_0_10	0	1	Speech,Cat	Cat	Speech	multimodal	True	True
IJtLxh3lMKA_0_10	1	2	Cat	Cat		multimodal	True	False
IJtLxh3lMKA_0_10	2	3	Cat	Cat	Cat	multimodal	True	True
IJtLxh3lMKA_0_10	3	4	Speech,Cat	Cat	Speech,Cat	multimodal	True	True
IJtLxh3lMKA_0_10	4	6	Speech		Speech	multimodal	False	True
IJtLxh3lMKA_0_10	7	8	Speech		Speech	multimodal	False	True
IJtLxh3lMKA_0_10	8	9	Speech,Cat	Cat	Speech	multimodal	True	True
IJtLxh3lMKA_0_10	9	10	Cat	Cat		multimodal	True	False
IN_sIxaaRsY_380_390	0	3	Speech,Cat	Cat	Speech	multimodal	True	True
IN_sIxaaRsY_380_390	3	6	Speech,Cat	Cat	Cat,Speech	multimodal	True	True
IN_sIxaaRsY_380_390	6	10	Cat	Cat		multimodal	True	False
IPL838cX_FI_0_10	0	4	Speech		Speech	multimodal	False	True
IPL838cX_FI_0_10	4	6	Speech,Cheering		Speech,Cheering	multimodal	False	True
IPL838cX_FI_0_10	6	10	Cheering	Cheering	Cheering	multimodal	True	True
ISwSxZmWM24_170_180	0	1	Speech		Speech	multimodal	False	True
ISwSxZmWM24_170_180	1	2	Basketball_bounce,Speech	Basketball_bounce	Speech	multimodal	True	True
ISwSxZmWM24_170_180	2	3	Speech		Speech	multimodal	False	True
ISwSxZmWM24_170_180	3	5	Basketball_bounce,Speech,Cheering,Clapping	Basketball_bounce	Speech,Cheering,Clapping	multimodal	True	True
ISwSxZmWM24_170_180	5	6	Speech,Cheering,Clapping		Speech,Cheering,Clapping	multimodal	False	True
ISwSxZmWM24_170_180	6	7	Basketball_bounce,Speech,Cheering,Clapping	Basketball_bounce	Speech,Cheering,Clapping	multimodal	True	True
ISwSxZmWM24_170_180	7	10	Speech,Cheering,Clapping		Speech,Cheering,Clapping	multimodal	False	True
ITP2x6GZGOw_180_190	0	4	Speech,Frying_(food)	Frying_(food)	Frying_(food),Speech	multimodal	True	True
ITP2x6GZGOw_180_190	4	7	Frying_(food)	Frying_(food)	Frying_(food)	multimodal	True	True
ITP2x6GZGOw_180_190	7	8	Speech,Frying_(food)	Frying_(food)	Frying_(food),Speech	multimodal	True	True
ITP2x6GZGOw_180_190	8	9	Frying_(food)	Frying_(food)	Frying_(food)	multimodal	True	True
ITP2x6GZGOw_180_190	9	10	Speech,Frying_(food)	Frying_(food)	Frying_(food),Speech	multimodal	True	True
IU36VhygUGY_0_10	0	5	Speech,Lawn_mower	Lawn_mower	Lawn_mower,Speech	multimodal	True	True
IU36VhygUGY_0_10	5	7	Speech,Lawn_mower	Lawn_mower	Speech	multimodal	True	True
IU36VhygUGY_0_10	7	10	Speech,Lawn_mower	Lawn_mower	Lawn_mower,Speech	multimodal	True	True
IULwH9sT3R8_30_40	0	6	Vacuum_cleaner	Vacuum_cleaner	Vacuum_cleaner	multimodal	True	True
IULwH9sT3R8_30_40	6	7	Vacuum_cleaner,Speech	Vacuum_cleaner	Vacuum_cleaner,Speech	multimodal	True	True
IULwH9sT3R8_30_40	7	10	Vacuum_cleaner	Vacuum_cleaner	Vacuum_cleaner	multimodal	True	True
IUuUEvOBMIs_140_150	0	10	Speech,Violin_fiddle	Violin_fiddle	Violin_fiddle,Speech	multimodal	True	True
IVtnMeVpN1w_560_570	0	5	Acoustic_guitar	Acoustic_guitar	Acoustic_guitar	multimodal	True	True
IVtnMeVpN1w_560_570	5	6	Speech,Acoustic_guitar	Acoustic_guitar,Speech	Speech,Acoustic_guitar	multimodal	True	True
IVtnMeVpN1w_560_570	6	8	Speech,Acoustic_guitar	Acoustic_guitar,Speech	Speech	multimodal	True	True
IVtnMeVpN1w_560_570	8	10	Acoustic_guitar	Acoustic_guitar	Acoustic_guitar	multimodal	True	True
IXmenNs7MpI_10_20	0	10	Chicken_rooster	Chicken_rooster	Chicken_rooster	multimodal	True	True
IYjYzJXI-Oo_90_100	0	4	Speech	Speech	Speech	multimodal	True	True
IYjYzJXI-Oo_90_100	4	6	Singing	Singing	Singing	multimodal	True	True
IYjYzJXI-Oo_90_100	6	10	Singing,Acoustic_guitar	Singing,Acoustic_guitar	Singing,Acoustic_guitar	multimodal	True	True
IZbehUMEpxk_30_40	0	2	Speech,Violin_fiddle	Violin_fiddle,Speech		multimodal	True	False
IZbehUMEpxk_30_40	2	4	Violin_fiddle	Violin_fiddle	Violin_fiddle	multimodal	True	True
IZbehUMEpxk_30_40	4	5	Speech,Violin_fiddle	Violin_fiddle,Speech	Violin_fiddle	multimodal	True	True
IZbehUMEpxk_30_40	5	6	Speech,Violin_fiddle	Violin_fiddle,Speech		multimodal	True	False
IZbehUMEpxk_30_40	6	10	Speech,Violin_fiddle	Violin_fiddle,Speech	Violin_fiddle	multimodal	True	True
Ib7cg0gudCs_170_180	0	10	Vacuum_cleaner	Vacuum_cleaner	Vacuum_cleaner	multimodal	True	True
IbEqfqTarSQ_210_220	0	10	Vacuum_cleaner	Vacuum_cleaner	Vacuum_cleaner	multimodal	True	True
IfCB-RoiEGI_30_40	0	3	Speech,Acoustic_guitar,Clapping,Violin_fiddle	Speech,Violin_fiddle,Acoustic_guitar	Speech,Clapping	multimodal	True	True
IfCB-RoiEGI_30_40	3	7	Violin_fiddle,Acoustic_guitar,Clapping	Violin_fiddle,Acoustic_guitar	Clapping,Violin_fiddle	multimodal	True	True
IfCB-RoiEGI_30_40	7	10	Violin_fiddle,Acoustic_guitar	Violin_fiddle,Acoustic_guitar	Violin_fiddle	multimodal	True	True
IgN7v8nWmx8_30_40	0	1	Speech,Violin_fiddle	Violin_fiddle,Speech	Speech,Violin_fiddle	multimodal	True	True
IgN7v8nWmx8_30_40	1	5	Violin_fiddle	Violin_fiddle	Violin_fiddle	multimodal	True	True
IgN7v8nWmx8_30_40	5	6	Speech,Violin_fiddle	Violin_fiddle,Speech	Speech	multimodal	True	True
IgN7v8nWmx8_30_40	6	8	Speech,Violin_fiddle	Violin_fiddle,Speech	Speech,Violin_fiddle	multimodal	True	True
IgN7v8nWmx8_30_40	8	9	Speech,Violin_fiddle	Violin_fiddle,Speech	Speech	multimodal	True	True
IgN7v8nWmx8_30_40	9	10	Violin_fiddle	Violin_fiddle	Violin_fiddle	multimodal	True	True
IiOj18HpE8E_30_40	0	3	Chainsaw	Chainsaw	Chainsaw	multimodal	True	True
Ii_Tnig05Dk_300_310	0	2	Vacuum_cleaner	Vacuum_cleaner	Vacuum_cleaner	multimodal	True	True
Ii_Tnig05Dk_300_310	2	4	Vacuum_cleaner,Speech	Vacuum_cleaner	Vacuum_cleaner,Speech	multimodal	True	True
Ii_Tnig05Dk_300_310	4	9	Vacuum_cleaner	Vacuum_cleaner	Vacuum_cleaner	multimodal	True	True
Ii_Tnig05Dk_300_310	9	10	Vacuum_cleaner,Speech	Vacuum_cleaner	Vacuum_cleaner,Speech	multimodal	True	True
IjgCZlauTl8_40_50	5	6	Vacuum_cleaner	Vacuum_cleaner		multimodal	True	False
IjgCZlauTl8_40_50	6	8	Vacuum_cleaner,Speech	Vacuum_cleaner	Speech	multimodal	True	True
IjgCZlauTl8_40_50	8	10	Vacuum_cleaner	Vacuum_cleaner	Vacuum_cleaner	multimodal	True	True
IkFw4fRxtDM_100_110	0	4	Cheering		Cheering	multimodal	False	True
IkFw4fRxtDM_100_110	4	10	Singing,Cheering	Singing	Singing,Cheering	multimodal	True	True
IkyrCy-ErUE_0_10	0	1	Chicken_rooster	Chicken_rooster		multimodal	True	False
IkyrCy-ErUE_0_10	1	3	Chicken_rooster	Chicken_rooster	Chicken_rooster	multimodal	True	True
IkyrCy-ErUE_0_10	3	5	Chicken_rooster	Chicken_rooster		multimodal	True	False
IkyrCy-ErUE_0_10	5	8	Chicken_rooster	Chicken_rooster	Chicken_rooster	multimodal	True	True
IkyrCy-ErUE_0_10	8	10	Speech,Chicken_rooster	Chicken_rooster	Speech	multimodal	True	True
Im1UwtffSmY_30_40	0	4	Dog	Dog	Dog	multimodal	True	True
Im1UwtffSmY_30_40	4	6	Speech,Dog	Dog	Dog,Speech	multimodal	True	True
Im1UwtffSmY_30_40	6	8	Dog	Dog	Dog	multimodal	True	True
Im1UwtffSmY_30_40	8	9	Speech,Dog	Dog	Speech	multimodal	True	True
Im1UwtffSmY_30_40	9	10	Speech,Dog	Dog	Dog,Speech	multimodal	True	True
IoJRmwCoouc_20_30	0	7	Helicopter	Helicopter	Helicopter	multimodal	True	True
IoJRmwCoouc_20_30	7	8	Speech,Helicopter	Helicopter	Helicopter,Speech	multimodal	True	True
IoJRmwCoouc_20_30	8	10	Helicopter	Helicopter	Helicopter	multimodal	True	True
IopckGXSIIU_550_560	0	5	Speech		Speech	multimodal	False	True
IopckGXSIIU_550_560	5	6	Speech	Speech	Speech	multimodal	True	True
IopckGXSIIU_550_560	6	7	Basketball_bounce,Speech	Basketball_bounce,Speech	Speech	multimodal	True	True
IopckGXSIIU_550_560	7	8	Basketball_bounce	Basketball_bounce		multimodal	True	False
Ip3SFk3NsfE_150_160	0	10	Chicken_rooster	Chicken_rooster	Chicken_rooster	multimodal	True	True
Ir6xFmmEfEA_170_180	0	2	Dog	Dog		multimodal	True	False
Ir6xFmmEfEA_170_180	2	5	Speech,Dog	Dog	Speech	multimodal	True	True
Ir6xFmmEfEA_170_180	5	6	Dog	Dog	Dog	multimodal	True	True
Ir6xFmmEfEA_170_180	6	7	Dog	Dog		multimodal	True	False
Ir6xFmmEfEA_170_180	7	9	Speech,Dog	Dog	Speech	multimodal	True	True
Ir6xFmmEfEA_170_180	9	10	Dog	Dog		multimodal	True	False
IsKSYL5B-Us_10_20	0	2	Basketball_bounce,Speech		Basketball_bounce,Speech	multimodal	False	True
IsKSYL5B-Us_10_20	2	4	Basketball_bounce,Speech	Basketball_bounce	Basketball_bounce,Speech	multimodal	True	True
IsKSYL5B-Us_10_20	4	5	Basketball_bounce,Speech		Basketball_bounce,Speech	multimodal	False	True
IsKSYL5B-Us_10_20	5	6	Basketball_bounce,Speech	Speech	Basketball_bounce,Speech	multimodal	True	True
IsKSYL5B-Us_10_20	6	7	Basketball_bounce,Speech	Basketball_bounce,Speech	Basketball_bounce,Speech	multimodal	True	True
IsKSYL5B-Us_10_20	7	8	Basketball_bounce,Speech		Basketball_bounce,Speech	multimodal	False	True
IsKSYL5B-Us_10_20	8	10	Basketball_bounce,Speech	Basketball_bounce	Basketball_bounce,Speech	multimodal	True	True
Ishr8cHsJkc_180_190	0	1	Dog	Dog		multimodal	True	False
Ishr8cHsJkc_180_190	1	2	Dog	Dog	Dog	multimodal	True	True
Ishr8cHsJkc_180_190	2	3	Dog	Dog		multimodal	True	False
Ishr8cHsJkc_180_190	3	4	Dog	Dog	Dog	multimodal	True	True
Ishr8cHsJkc_180_190	4	5	Dog	Dog		multimodal	True	False
Ishr8cHsJkc_180_190	5	6	Speech,Dog	Dog	Speech,Speech	multimodal	True	True
Ishr8cHsJkc_180_190	6	7	Dog	Dog		multimodal	True	False
Ishr8cHsJkc_180_190	7	8	Speech,Dog	Dog	Speech,Speech	multimodal	True	True
Ishr8cHsJkc_180_190	8	10	Dog	Dog	Dog	multimodal	True	True
IspgiqrvIHE_240_250	0	10	Violin_fiddle,Cello	Cello,Violin_fiddle	Cello,Violin_fiddle	multimodal	True	True
It4a2G-gbPQ_40_50	0	7	Singing,Acoustic_guitar	Acoustic_guitar	Singing,Acoustic_guitar	multimodal	True	True
It4a2G-gbPQ_40_50	7	10	Acoustic_guitar	Acoustic_guitar	Acoustic_guitar	multimodal	True	True
ItmMVkEzs4E_50_60	0	5	Singing,Banjo	Banjo,Singing	Banjo,Singing	multimodal	True	True
ItmMVkEzs4E_50_60	5	10	Singing,Banjo	Banjo	Banjo,Singing	multimodal	True	True
Iui-6VAc1Lk_80_90	0	5	Singing	Singing	Singing	multimodal	True	True
Iui-6VAc1Lk_80_90	5	7	Singing,Cheering,Clapping	Singing,Cheering	Singing,Cheering,Clapping	multimodal	True	True
Iui-6VAc1Lk_80_90	7	9	Singing,Clapping	Singing	Singing,Clapping	multimodal	True	True
Iui-6VAc1Lk_80_90	9	10	Singing,Cheering,Clapping	Singing,Cheering	Singing,Cheering,Clapping	multimodal	True	True
IvxMdjfSvQQ_12_22	0	10	Baby_cry_infant_cry,Speech	Baby_cry_infant_cry	Baby_cry_infant_cry,Speech	multimodal	True	True
IwpvkdsO12s_230_240	0	10	Speech,Frying_(food)	Frying_(food)	Frying_(food),Speech	multimodal	True	True
IxUQZ_1JuFs_30_40	0	5	Speech,Clapping		Clapping,Speech	multimodal	False	True
IxUQZ_1JuFs_30_40	5	6	Speech,Clapping	Clapping	Clapping,Speech	multimodal	True	True
IxUQZ_1JuFs_30_40	6	10	Clapping	Clapping	Clapping	multimodal	True	True
IyBazGaHPeo_30_40	0	1	Cat	Cat	Cat	multimodal	True	True
IyBazGaHPeo_30_40	1	3	Cat	Cat		multimodal	True	False
IyBazGaHPeo_30_40	3	4	Cat	Cat	Cat	multimodal	True	True
IyBazGaHPeo_30_40	4	5	Cat	Cat		multimodal	True	False
IyBazGaHPeo_30_40	5	6	Speech,Cat	Cat	Speech	multimodal	True	True
IyBazGaHPeo_30_40	6	7	Speech,Cat	Cat	Cat,Speech	multimodal	True	True
IyBazGaHPeo_30_40	7	9	Speech,Cat	Cat	Cat,Speech	multimodal	True	True
IyBazGaHPeo_30_40	9	10	Cat	Cat	Cat	multimodal	True	True
IzJtqrr3_4o_30_40	0	10	Chainsaw	Chainsaw	Chainsaw	multimodal	True	True
IzLz4Ph3TCc_430_440	0	4	Speech,Cheering,Motorcycle	Motorcycle	Speech,Cheering	multimodal	True	True
IzLz4Ph3TCc_430_440	4	6	Cheering,Motorcycle	Motorcycle	Cheering	multimodal	True	True
IzLz4Ph3TCc_430_440	6	10	Speech,Cheering,Motorcycle	Motorcycle	Speech,Cheering	multimodal	True	True
J-PhnBJlJuU_160_170	0	7	Singing	Singing	Singing	multimodal	True	True
J1SkRrovroE_170_180	1	3	Basketball_bounce,Speech	Basketball_bounce	Basketball_bounce,Speech	multimodal	True	True
J1SkRrovroE_170_180	3	8	Speech		Speech	multimodal	False	True
J1SkRrovroE_170_180	8	10	Speech,Clapping		Speech,Clapping	multimodal	False	True
J1jvG3qD8K4_30_40	0	1	Dog	Dog		multimodal	True	False
J1jvG3qD8K4_30_40	1	2	Speech,Dog	Dog	Speech	multimodal	True	True
J1jvG3qD8K4_30_40	2	4	Speech,Dog	Dog	Dog,Speech	multimodal	True	True
J1jvG3qD8K4_30_40	4	6	Speech,Dog	Dog	Speech	multimodal	True	True
J1jvG3qD8K4_30_40	6	9	Dog	Dog		multimodal	True	False
J1jvG3qD8K4_30_40	9	10	Speech,Dog	Dog	Speech	multimodal	True	True
J1r2298msAc_30_40	1	2	Basketball_bounce,Speech	Basketball_bounce	Basketball_bounce,Speech	multimodal	True	True
J1r2298msAc_30_40	5	6	Basketball_bounce		Basketball_bounce	multimodal	False	True
J1r2298msAc_30_40	7	10	Basketball_bounce	Basketball_bounce	Basketball_bounce	multimodal	True	True
J2SFw1xdf8w_50_60	0	10	Accordion	Accordion	Accordion	multimodal	True	True
J3YTzD0N_kw_20_30	0	1	Speech	Speech	Speech	multimodal	True	True
J3YTzD0N_kw_20_30	1	10	Singing	Singing	Singing	multimodal	True	True
J6cBf-yBto0_140_150	0	1	Blender	Blender		multimodal	True	False
J6cBf-yBto0_140_150	1	3	Blender	Blender	Blender	multimodal	True	True
J6cBf-yBto0_140_150	3	9	Blender	Blender		multimodal	True	False
J6w_jYtQWbk_30_40	0	10	Speech,Violin_fiddle	Violin_fiddle	Violin_fiddle,Speech	multimodal	True	True
J73WaU8XiH4_30_40	0	2	Violin_fiddle,Cheering	Violin_fiddle	Cheering	multimodal	True	True
J73WaU8XiH4_30_40	2	5	Violin_fiddle	Violin_fiddle	Violin_fiddle	multimodal	True	True
J73WaU8XiH4_30_40	5	6	Speech,Violin_fiddle	Violin_fiddle	Violin_fiddle,Speech	multimodal	True	True
J73WaU8XiH4_30_40	6	10	Violin_fiddle	Violin_fiddle	Violin_fiddle	multimodal	True	True
J7H-6clOB-M_0_10	5	6	Singing,Acoustic_guitar	Singing,Acoustic_guitar	Singing	multimodal	True	True
J7H-6clOB-M_0_10	6	10	Singing,Acoustic_guitar	Singing,Acoustic_guitar	Acoustic_guitar,Singing	multimodal	True	True
J87ZTJnSuhw_20_30	0	1	Chicken_rooster	Chicken_rooster	Chicken_rooster	multimodal	True	True
J87ZTJnSuhw_20_30	1	2	Chicken_rooster		Chicken_rooster	multimodal	False	True
J87ZTJnSuhw_20_30	2	4	Chicken_rooster	Chicken_rooster	Chicken_rooster	multimodal	True	True
J87ZTJnSuhw_20_30	4	5	Chicken_rooster	Chicken_rooster		multimodal	True	False
J87ZTJnSuhw_20_30	5	8	Chicken_rooster	Chicken_rooster	Chicken_rooster	multimodal	True	True
J87ZTJnSuhw_20_30	8	9	Chicken_rooster	Chicken_rooster		multimodal	True	False
J87ZTJnSuhw_20_30	9	10	Chicken_rooster	Chicken_rooster	Chicken_rooster	multimodal	True	True
J8sZgIgUv6A_30_40	0	2	Speech		Speech	multimodal	False	True
J8sZgIgUv6A_30_40	2	4	Speech,Violin_fiddle	Violin_fiddle	Speech	multimodal	True	True
J8sZgIgUv6A_30_40	4	6	Speech,Violin_fiddle	Violin_fiddle	Violin_fiddle,Speech	multimodal	True	True
J8sZgIgUv6A_30_40	6	9	Violin_fiddle	Violin_fiddle	Violin_fiddle	multimodal	True	True
J8sZgIgUv6A_30_40	9	10	Speech,Violin_fiddle	Violin_fiddle	Violin_fiddle,Speech	multimodal	True	True
JBPezyDs1-k_24_34	0	10	Chainsaw	Chainsaw	Chainsaw	multimodal	True	True
JBqeIeNcy2o_30_40	0	2	Baby_cry_infant_cry,Speech	Baby_cry_infant_cry	Speech	multimodal	True	True
JBqeIeNcy2o_30_40	2	3	Baby_cry_infant_cry	Baby_cry_infant_cry	Baby_cry_infant_cry	multimodal	True	True
JBqeIeNcy2o_30_40	3	4	Baby_cry_infant_cry,Speech	Baby_cry_infant_cry	Baby_cry_infant_cry,Speech	multimodal	True	True
JBqeIeNcy2o_30_40	4	7	Baby_cry_infant_cry	Baby_cry_infant_cry	Baby_cry_infant_cry	multimodal	True	True
JBqeIeNcy2o_30_40	7	8	Baby_cry_infant_cry,Speech	Baby_cry_infant_cry	Baby_cry_infant_cry,Speech	multimodal	True	True
JBqeIeNcy2o_30_40	8	9	Baby_cry_infant_cry	Baby_cry_infant_cry	Baby_cry_infant_cry	multimodal	True	True
JBqeIeNcy2o_30_40	9	10	Baby_cry_infant_cry,Speech	Baby_cry_infant_cry	Baby_cry_infant_cry,Speech	multimodal	True	True
JC09Z7ExipY_200_210	0	1	Speech,Acoustic_guitar	Acoustic_guitar,Speech	Speech	multimodal	True	True
JC09Z7ExipY_200_210	1	3	Speech,Acoustic_guitar	Acoustic_guitar,Speech	Speech,Acoustic_guitar	multimodal	True	True
JC09Z7ExipY_200_210	3	10	Speech,Acoustic_guitar	Acoustic_guitar,Speech	Speech	multimodal	True	True
JCVDz4BeWTg_30_40	0	2	Violin_fiddle	Violin_fiddle	Violin_fiddle	multimodal	True	True
JCVDz4BeWTg_30_40	2	4	Speech,Violin_fiddle	Violin_fiddle	Violin_fiddle,Speech	multimodal	True	True
JCVDz4BeWTg_30_40	4	5	Violin_fiddle	Violin_fiddle	Violin_fiddle	multimodal	True	True
JCVDz4BeWTg_30_40	5	7	Speech,Violin_fiddle	Violin_fiddle	Violin_fiddle,Speech	multimodal	True	True
JCVDz4BeWTg_30_40	7	10	Violin_fiddle	Violin_fiddle	Violin_fiddle	multimodal	True	True
JCwLITKpcZ8_220_230	0	1	Dog	Dog	Dog	multimodal	True	True
JCwLITKpcZ8_220_230	1	6	Speech,Dog	Dog	Speech	multimodal	True	True
JCwLITKpcZ8_220_230	6	9	Dog	Dog		multimodal	True	False
JCwLITKpcZ8_220_230	9	10	Dog	Dog	Dog	multimodal	True	True
JDewbf6JixU_440_450	0	1	Acoustic_guitar	Acoustic_guitar	Acoustic_guitar	multimodal	True	True
JDewbf6JixU_440_450	1	5	Singing,Acoustic_guitar	Acoustic_guitar,Singing	Acoustic_guitar,Singing	multimodal	True	True
JDewbf6JixU_440_450	5	7	Acoustic_guitar	Acoustic_guitar	Acoustic_guitar	multimodal	True	True
JDewbf6JixU_440_450	7	10	Singing,Acoustic_guitar	Acoustic_guitar,Singing	Acoustic_guitar,Singing	multimodal	True	True
JFhegixCl3U_240_250	0	2	Cheering	Cheering	Cheering	multimodal	True	True
JFhegixCl3U_240_250	2	10	Speech,Cheering	Cheering	Cheering,Speech	multimodal	True	True
JGJe3zySkFU_10_20	0	4	Acoustic_guitar	Acoustic_guitar	Acoustic_guitar	multimodal	True	True
JGJe3zySkFU_10_20	4	5	Speech,Acoustic_guitar	Acoustic_guitar,Speech	Speech,Acoustic_guitar	multimodal	True	True
JGJe3zySkFU_10_20	5	10	Singing,Acoustic_guitar	Acoustic_guitar,Singing	Singing,Acoustic_guitar	multimodal	True	True
JGdkVx81S-k_20_30	0	10	Blender	Blender	Blender	multimodal	True	True
JHZgrp0pMaM_0_10	0	1	Vacuum_cleaner	Vacuum_cleaner		multimodal	True	False
JHZgrp0pMaM_0_10	2	10	Vacuum_cleaner	Vacuum_cleaner	Vacuum_cleaner	multimodal	True	True
JHxFlpU4aZg_100_110	0	3	Speech,Frying_(food)		Frying_(food),Speech	multimodal	False	True
JHxFlpU4aZg_100_110	3	8	Frying_(food)	Frying_(food)	Frying_(food)	multimodal	True	True
JHxFlpU4aZg_100_110	8	10	Speech		Speech	multimodal	False	True
JIT9v30weXs_20_30	0	2	Dog	Dog	Dog	multimodal	True	True
JIT9v30weXs_20_30	2	3	Speech,Dog	Dog	Dog,Speech	multimodal	True	True
JIT9v30weXs_20_30	3	10	Dog	Dog	Dog	multimodal	True	True
JKdmCnXxlKA_30_40	0	10	Chainsaw	Chainsaw	Chainsaw	multimodal	True	True
JMLZAxGosWI_220_230	0	2	Frying_(food)	Frying_(food)	Frying_(food)	multimodal	True	True
JMLZAxGosWI_220_230	2	9	Speech,Frying_(food)	Frying_(food)	Frying_(food),Speech	multimodal	True	True
JMLZAxGosWI_220_230	9	10	Frying_(food)	Frying_(food)	Frying_(food)	multimodal	True	True
JNxMBpxAor4_10_20	0	6	Violin_fiddle		Violin_fiddle	multimodal	False	True
JNxMBpxAor4_10_20	6	7	Violin_fiddle	Violin_fiddle	Violin_fiddle	multimodal	True	True
JNxMBpxAor4_10_20	7	10	Speech,Violin_fiddle	Violin_fiddle,Speech	Speech,Violin_fiddle	multimodal	True	True
JR09cQfpjqE_30_40	0	1	Violin_fiddle	Violin_fiddle		multimodal	True	False
JR09cQfpjqE_30_40	1	4	Speech,Violin_fiddle	Violin_fiddle,Speech		multimodal	True	False
JR09cQfpjqE_30_40	4	5	Speech,Violin_fiddle	Violin_fiddle,Speech	Violin_fiddle	multimodal	True	True
JR09cQfpjqE_30_40	5	10	Violin_fiddle	Violin_fiddle	Violin_fiddle	multimodal	True	True
JRavR1Wdnp0_0_10	0	1	Baby_cry_infant_cry	Baby_cry_infant_cry		multimodal	True	False
JRavR1Wdnp0_0_10	1	10	Baby_cry_infant_cry	Baby_cry_infant_cry	Baby_cry_infant_cry	multimodal	True	True
JRnkgiP2QSg_70_80	0	1	Speech,Chicken_rooster	Chicken_rooster	Chicken_rooster,Speech	multimodal	True	True
JRnkgiP2QSg_70_80	1	2	Speech,Chicken_rooster	Chicken_rooster	Speech	multimodal	True	True
JRnkgiP2QSg_70_80	2	5	Chicken_rooster	Chicken_rooster	Chicken_rooster	multimodal	True	True
JRnkgiP2QSg_70_80	5	10	Speech,Chicken_rooster	Chicken_rooster	Chicken_rooster,Speech	multimodal	True	True
JTGPavUwTC8_40_50	0	2	Speech,Dog	Dog	Dog,Speech	multimodal	True	True
JTGPavUwTC8_40_50	2	3	Dog	Dog	Dog	multimodal	True	True
JTGPavUwTC8_40_50	3	4	Speech,Dog	Dog	Dog,Speech	multimodal	True	True
JTGPavUwTC8_40_50	4	7	Dog	Dog	Dog	multimodal	True	True
JTGPavUwTC8_40_50	7	9	Speech,Dog	Dog	Dog,Speech	multimodal	True	True
JTGPavUwTC8_40_50	9	10	Dog	Dog	Dog	multimodal	True	True
JTbensAt_SE_120_130	4	6	Cat	Cat		multimodal	True	False
JTbensAt_SE_120_130	6	8	Cat	Cat	Cat	multimodal	True	True
JTbensAt_SE_120_130	8	9	Cat	Cat		multimodal	True	False
JTbensAt_SE_120_130	9	10	Cat	Cat	Cat	multimodal	True	True
JU78MHJ3bHc_10_20	0	2	Dog	Dog		multimodal	True	False
JU78MHJ3bHc_10_20	2	6	Speech,Dog	Dog	Speech	multimodal	True	True
JU78MHJ3bHc_10_20	6	7	Dog	Dog		multimodal	True	False
JU78MHJ3bHc_10_20	7	10	Speech,Dog	Dog	Speech	multimodal	True	True
JV4tgBESp1o_30_40	0	5	Baby_cry_infant_cry		Baby_cry_infant_cry	multimodal	False	True
JV4tgBESp1o_30_40	5	10	Speech	Speech	Speech	multimodal	True	True
JVgisBJ_Hss_30_40	0	4	Violin_fiddle	Violin_fiddle	Violin_fiddle	multimodal	True	True
JVgisBJ_Hss_30_40	4	5	Speech,Violin_fiddle	Violin_fiddle,Speech	Speech,Violin_fiddle	multimodal	True	True
JVgisBJ_Hss_30_40	5	10	Speech,Violin_fiddle	Violin_fiddle,Speech	Speech	multimodal	True	True
JVnyQw8ORJQ_10_20	0	1	Baby_laughter	Baby_laughter		multimodal	True	False
JVnyQw8ORJQ_10_20	1	8	Baby_laughter	Baby_laughter	Baby_laughter	multimodal	True	True
JVnyQw8ORJQ_10_20	8	10	Baby_laughter	Baby_laughter		multimodal	True	False
JX-yvRwRrEU_210_220	0	3	Speech,Blender	Speech,Blender	Speech	multimodal	True	True
JX-yvRwRrEU_210_220	3	10	Blender	Blender	Blender	multimodal	True	True
JZ82xaUBcIY_470_480	0	5	Fire_alarm,Speech	Fire_alarm	Speech	multimodal	True	True
JZ82xaUBcIY_470_480	5	6	Fire_alarm,Speech	Fire_alarm	Fire_alarm,Speech	multimodal	True	True
JZ82xaUBcIY_470_480	6	10	Fire_alarm	Fire_alarm	Fire_alarm	multimodal	True	True
J_uk2QJ9T_M_190_200	0	2	Speech	Speech	Speech	multimodal	True	True
J_uk2QJ9T_M_190_200	2	3	Speech		Speech	multimodal	False	True
J_uk2QJ9T_M_190_200	3	6	Speech	Speech	Speech	multimodal	True	True
J_uk2QJ9T_M_190_200	6	7	Speech		Speech	multimodal	False	True
J_uk2QJ9T_M_190_200	7	10	Car,Motorcycle	Motorcycle,Car	Motorcycle	multimodal	True	True
JaIFJM7blIw_20_30	0	7	Singing	Singing	Singing	multimodal	True	True
JaIFJM7blIw_20_30	7	8	Speech		Speech	multimodal	False	True
JcCvdDhZmOo_190_200	0	6	Speech,Frying_(food)	Frying_(food)	Frying_(food),Speech	multimodal	True	True
JcCvdDhZmOo_190_200	6	8	Frying_(food)	Frying_(food)	Frying_(food)	multimodal	True	True
JcCvdDhZmOo_190_200	8	10	Speech,Frying_(food)	Frying_(food)	Frying_(food),Speech	multimodal	True	True
Jcn4AhTKLuk_120_130	0	7	Car,Motorcycle	Motorcycle,Car	Motorcycle	multimodal	True	True
Jcn4AhTKLuk_120_130	7	10	Car,Speech,Motorcycle	Motorcycle,Speech,Car	Motorcycle,Speech	multimodal	True	True
JcunMsOU1g8_10_20	0	4	Speech,Motorcycle,Car	Car,Motorcycle	Speech	multimodal	True	True
JcunMsOU1g8_10_20	4	6	Speech,Motorcycle,Chicken_rooster,Car	Chicken_rooster,Car,Motorcycle	Speech	multimodal	True	True
JcunMsOU1g8_10_20	6	7	Speech,Chicken_rooster,Motorcycle	Chicken_rooster,Motorcycle	Speech	multimodal	True	True
JcunMsOU1g8_10_20	7	9	Speech,Chicken_rooster	Chicken_rooster	Speech	multimodal	True	True
JcunMsOU1g8_10_20	9	10	Chicken_rooster	Chicken_rooster		multimodal	True	False
JdYxbaszdxs_30_40	1	2	Speech,Cello,Acoustic_guitar	Cello,Acoustic_guitar	Speech	multimodal	True	True
JdYxbaszdxs_30_40	2	3	Cello,Acoustic_guitar	Cello,Acoustic_guitar	Acoustic_guitar	multimodal	True	True
JdYxbaszdxs_30_40	3	10	Cello,Acoustic_guitar	Cello,Acoustic_guitar	Acoustic_guitar,Cello	multimodal	True	True
Jf0uMVmb6fU_10_20	0	6	Acoustic_guitar	Acoustic_guitar	Acoustic_guitar	multimodal	True	True
Jf0uMVmb6fU_10_20	6	10	Singing,Acoustic_guitar	Acoustic_guitar,Singing	Acoustic_guitar,Singing	multimodal	True	True
JfKOvG5o6H0_0_10	0	1	Dog	Dog	Dog	multimodal	True	True
JfKOvG5o6H0_0_10	1	2	Speech,Dog	Dog	Dog,Speech	multimodal	True	True
JfKOvG5o6H0_0_10	2	3	Dog		Dog	multimodal	False	True
JfKOvG5o6H0_0_10	3	4	Speech,Dog	Dog	Dog,Speech	multimodal	True	True
JfKOvG5o6H0_0_10	4	7	Dog	Dog	Dog	multimodal	True	True
JfKOvG5o6H0_0_10	7	8	Speech,Dog	Dog	Dog,Speech	multimodal	True	True
JfKOvG5o6H0_0_10	8	9	Dog	Dog	Dog	multimodal	True	True
JfZEqeLZqWk_30_40	0	1	Baby_cry_infant_cry		Baby_cry_infant_cry	multimodal	False	True
JfZEqeLZqWk_30_40	1	6	Baby_cry_infant_cry	Baby_cry_infant_cry	Baby_cry_infant_cry	multimodal	True	True
JfZEqeLZqWk_30_40	6	10	Baby_cry_infant_cry		Baby_cry_infant_cry	multimodal	False	True
JfjB3Tz3U_U_30_40	0	10	Motorcycle	Motorcycle	Motorcycle	multimodal	True	True
JgZCSNt7s2I_17_27	0	5	Violin_fiddle	Violin_fiddle	Violin_fiddle	multimodal	True	True
JgZCSNt7s2I_17_27	5	7	Speech,Violin_fiddle	Violin_fiddle,Speech	Speech	multimodal	True	True
JgZCSNt7s2I_17_27	7	10	Violin_fiddle	Violin_fiddle		multimodal	True	False
JgsbmMljkfU_40_50	0	9	Chicken_rooster	Chicken_rooster	Chicken_rooster	multimodal	True	True
JgsbmMljkfU_40_50	9	10	Chicken_rooster	Chicken_rooster		multimodal	True	False
Jhls1-RQlTo_560_570	0	1	Speech,Acoustic_guitar	Acoustic_guitar	Speech	multimodal	True	True
Jhls1-RQlTo_560_570	1	3	Speech,Acoustic_guitar	Acoustic_guitar	Speech,Acoustic_guitar	multimodal	True	True
Jhls1-RQlTo_560_570	3	5	Acoustic_guitar	Acoustic_guitar	Acoustic_guitar	multimodal	True	True
Jhls1-RQlTo_560_570	5	6	Speech,Acoustic_guitar	Acoustic_guitar	Speech	multimodal	True	True
Jhls1-RQlTo_560_570	6	7	Acoustic_guitar	Acoustic_guitar		multimodal	True	False
Jhls1-RQlTo_560_570	7	10	Acoustic_guitar	Acoustic_guitar	Acoustic_guitar	multimodal	True	True
JiaubxT6-fs_20_30	0	5	Dog	Dog	Dog	multimodal	True	True
JiaubxT6-fs_20_30	5	6	Speech,Dog	Dog	Dog,Speech	multimodal	True	True
JiaubxT6-fs_20_30	6	7	Dog	Dog	Dog	multimodal	True	True
JiaubxT6-fs_20_30	7	9	Speech,Dog	Dog	Dog,Speech	multimodal	True	True
JiaubxT6-fs_20_30	9	10	Dog	Dog	Dog	multimodal	True	True
Jj3vSp0UYYk_30_40	0	4	Speech,Helicopter	Helicopter	Helicopter,Speech	multimodal	True	True
Jj3vSp0UYYk_30_40	4	10	Helicopter	Helicopter	Helicopter	multimodal	True	True
JmKW2s5XfYE_50_60	0	1	Speech	Speech	Speech	multimodal	True	True
JmKW2s5XfYE_50_60	1	2	Helicopter		Helicopter	multimodal	False	True
JmKW2s5XfYE_50_60	2	5	Speech,Helicopter	Speech	Helicopter,Speech	multimodal	True	True
JmKW2s5XfYE_50_60	5	9	Helicopter		Helicopter	multimodal	False	True
JmKW2s5XfYE_50_60	9	10	Speech,Helicopter		Helicopter,Speech	multimodal	False	True
Jmd4nOKYpsw_370_380	0	4	Frying_(food)	Frying_(food)	Frying_(food)	multimodal	True	True
JpcZzu4W_hM_100_110	0	2	Singing	Singing	Singing	multimodal	True	True
JpcZzu4W_hM_100_110	2	3	Singing,Cheering	Singing	Singing,Cheering	multimodal	True	True
JpcZzu4W_hM_100_110	3	10	Singing	Singing	Singing	multimodal	True	True
Jpg9gXXGO8o_30_40	0	10	Motorcycle	Motorcycle	Motorcycle	multimodal	True	True
JquimytXI2U_160_170	0	7	Singing,Acoustic_guitar	Acoustic_guitar,Singing	Acoustic_guitar,Singing	multimodal	True	True
JquimytXI2U_160_170	7	10	Acoustic_guitar	Acoustic_guitar	Acoustic_guitar	multimodal	True	True
Ju4o24LHKl0_30_40	0	4	Speech,Cat	Cat	Cat,Speech	multimodal	True	True
Ju4o24LHKl0_30_40	4	6	Speech,Cat	Cat	Speech	multimodal	True	True
Ju4o24LHKl0_30_40	6	10	Speech,Cat	Cat	Cat,Speech	multimodal	True	True
JurJCOlwHnI_30_40	0	10	Motorcycle	Motorcycle	Motorcycle	multimodal	True	True
Juv7x384pqI_27_37	0	10	Motorcycle	Motorcycle	Motorcycle	multimodal	True	True
Jxhxk43ruDk_140_150	0	5	Speech,Motorcycle,Car	Car	Motorcycle,Speech	multimodal	True	True
Jxhxk43ruDk_140_150	5	6	Motorcycle,Car	Car	Motorcycle	multimodal	True	True
Jxhxk43ruDk_140_150	6	7	Motorcycle		Motorcycle	multimodal	False	True
Jxhxk43ruDk_140_150	7	10	Motorcycle	Motorcycle	Motorcycle	multimodal	True	True
JzgRjsuSkao_10_20	0	7	Dog	Dog	Dog	multimodal	True	True
JzgRjsuSkao_10_20	7	8	Speech,Dog	Dog	Dog,Speech	multimodal	True	True
JzgRjsuSkao_10_20	8	9	Speech,Dog	Dog	Speech	multimodal	True	True
JzgRjsuSkao_10_20	9	10	Dog	Dog		multimodal	True	False
K-VmpXAYU6M_80_90	0	1	Singing,Basketball_bounce,Clapping	Clapping,Basketball_bounce	Clapping,Basketball_bounce,Singing	multimodal	True	True
K-VmpXAYU6M_80_90	1	2	Basketball_bounce,Clapping	Clapping,Basketball_bounce	Clapping,Basketball_bounce	multimodal	True	True
K-VmpXAYU6M_80_90	2	4	Singing,Basketball_bounce,Clapping	Clapping,Basketball_bounce	Clapping,Basketball_bounce,Singing	multimodal	True	True
K-VmpXAYU6M_80_90	4	5	Singing,Clapping	Clapping	Clapping,Singing	multimodal	True	True
K-VmpXAYU6M_80_90	5	6	Clapping	Clapping	Clapping	multimodal	True	True
K-VmpXAYU6M_80_90	6	7	Singing,Clapping	Clapping	Clapping,Singing	multimodal	True	True
K-VmpXAYU6M_80_90	7	8	Singing,Basketball_bounce,Clapping	Clapping,Basketball_bounce	Clapping,Basketball_bounce,Singing	multimodal	True	True
K-VmpXAYU6M_80_90	8	9	Singing,Clapping	Clapping	Clapping,Singing	multimodal	True	True
K-VmpXAYU6M_80_90	9	10	Speech,Clapping	Clapping	Clapping,Speech	multimodal	True	True
K-_lKMeitkU_200_210	0	3	Speech,Blender	Speech,Blender	Speech	multimodal	True	True
K-_lKMeitkU_200_210	3	10	Blender	Blender	Blender	multimodal	True	True
K-t3vHYBnmE_30_40	0	2	Baby_cry_infant_cry	Baby_cry_infant_cry	Baby_cry_infant_cry	multimodal	True	True
K-t3vHYBnmE_30_40	2	3	Baby_cry_infant_cry	Baby_cry_infant_cry		multimodal	True	False
K-t3vHYBnmE_30_40	3	8	Baby_cry_infant_cry	Baby_cry_infant_cry	Baby_cry_infant_cry	multimodal	True	True
K-t3vHYBnmE_30_40	8	9	Baby_cry_infant_cry	Baby_cry_infant_cry		multimodal	True	False
K06Ihpg5d4s_60_70	0	10	Cello,Accordion	Cello,Accordion	Cello,Accordion	multimodal	True	True
K1QrW6MVmjg_30_40	0	5	Violin_fiddle,Cello,Motorcycle	Violin_fiddle,Cello,Motorcycle	Violin_fiddle,Cello	multimodal	True	True
K1QrW6MVmjg_30_40	5	6	Violin_fiddle,Cello	Violin_fiddle,Cello	Violin_fiddle,Cello	multimodal	True	True
K1QrW6MVmjg_30_40	6	10	Violin_fiddle,Cello,Motorcycle	Violin_fiddle,Cello,Motorcycle	Violin_fiddle,Cello	multimodal	True	True
K1nl3lRbDHg_40_50	0	2	Speech,Dog	Dog	Dog,Speech	multimodal	True	True
K1nl3lRbDHg_40_50	2	5	Dog	Dog	Dog	multimodal	True	True
K1nl3lRbDHg_40_50	5	8	Speech,Dog	Dog	Dog,Speech	multimodal	True	True
K1nl3lRbDHg_40_50	8	10	Dog	Dog	Dog	multimodal	True	True
K20ST5Eksz4_20_30	0	2	Speech,Acoustic_guitar	Acoustic_guitar	Acoustic_guitar,Speech	multimodal	True	True
K20ST5Eksz4_20_30	2	10	Acoustic_guitar	Acoustic_guitar	Acoustic_guitar	multimodal	True	True
K2VYvpLh-CI_130_140	0	10	Cat	Cat	Cat	multimodal	True	True
K4CrCEHGnwU_10_20	0	3	Dog	Dog	Dog	multimodal	True	True
K4CrCEHGnwU_10_20	3	4	Speech,Dog	Dog	Dog,Speech	multimodal	True	True
K4CrCEHGnwU_10_20	4	9	Dog	Dog	Dog	multimodal	True	True
K4CrCEHGnwU_10_20	9	10	Speech,Dog	Dog	Dog,Speech	multimodal	True	True
K4SxwnI3EE4_70_80	0	4	Speech,Dog	Dog	Speech,Dog	multimodal	True	True
K4SxwnI3EE4_70_80	4	5	Speech,Dog	Dog	Speech	multimodal	True	True
K4SxwnI3EE4_70_80	5	7	Speech,Dog	Speech,Dog	Speech	multimodal	True	True
K4SxwnI3EE4_70_80	7	10	Dog	Dog		multimodal	True	False
K4dSVn0RLGM_20_30	0	10	Chainsaw	Chainsaw	Chainsaw	multimodal	True	True
K53-32lDqsA_60_70	0	4	Singing,Clapping	Clapping	Singing,Clapping	multimodal	True	True
K53-32lDqsA_60_70	4	5	Singing,Cheering,Clapping	Clapping	Singing,Clapping,Cheering	multimodal	True	True
K53-32lDqsA_60_70	5	7	Cheering,Clapping	Clapping	Cheering	multimodal	True	True
K53-32lDqsA_60_70	7	8	Clapping	Clapping		multimodal	True	False
K53-32lDqsA_60_70	8	10	Cheering,Clapping	Clapping,Cheering	Cheering	multimodal	True	True
K6-BOCjkeBE_10_20	0	1	Speech,Violin_fiddle	Speech	Speech,Violin_fiddle	multimodal	True	True
K6-BOCjkeBE_10_20	1	6	Violin_fiddle		Violin_fiddle	multimodal	False	True
K6-BOCjkeBE_10_20	6	10	Speech,Violin_fiddle	Speech	Speech,Violin_fiddle	multimodal	True	True
K7HLZeuyWjo_190_200	0	1	Banjo	Banjo	Banjo	multimodal	True	True
K7HLZeuyWjo_190_200	1	2	Speech,Banjo	Banjo	Banjo,Speech	multimodal	True	True
K7HLZeuyWjo_190_200	2	10	Speech,Banjo	Banjo	Speech	multimodal	True	True
K7O_jfofE6w_0_10	2	3	Speech,Car,Motorcycle	Motorcycle,Car	Speech	multimodal	True	True
K7O_jfofE6w_0_10	3	10	Car,Motorcycle	Motorcycle,Car	Motorcycle	multimodal	True	True
K8pU44rsLJY_150_160	0	4	Vacuum_cleaner	Vacuum_cleaner	Vacuum_cleaner	multimodal	True	True
K8pU44rsLJY_150_160	4	10	Vacuum_cleaner	Vacuum_cleaner		multimodal	True	False
K9KdTtdCRWw_30_40	0	1	Telephone_bell_ringing	Telephone_bell_ringing	Telephone_bell_ringing	multimodal	True	True
K9KdTtdCRWw_30_40	1	3	Speech,Telephone_bell_ringing	Telephone_bell_ringing,Speech	Telephone_bell_ringing,Speech	multimodal	True	True
K9KdTtdCRWw_30_40	3	7	Telephone_bell_ringing		Telephone_bell_ringing	multimodal	False	True
K9KdTtdCRWw_30_40	7	9	Speech,Telephone_bell_ringing		Telephone_bell_ringing,Speech	multimodal	False	True
K9KdTtdCRWw_30_40	9	10	Telephone_bell_ringing		Telephone_bell_ringing	multimodal	False	True
KBHjIrZuqTw_20_30	0	1	Acoustic_guitar	Acoustic_guitar	Acoustic_guitar	multimodal	True	True
KBHjIrZuqTw_20_30	1	3	Speech,Acoustic_guitar	Acoustic_guitar,Speech	Speech,Acoustic_guitar	multimodal	True	True
KBHjIrZuqTw_20_30	3	6	Speech,Acoustic_guitar	Acoustic_guitar,Speech	Speech	multimodal	True	True
KBHjIrZuqTw_20_30	6	10	Acoustic_guitar	Acoustic_guitar	Acoustic_guitar	multimodal	True	True
KCO8lQDHBJg_30_40	0	3	Baby_cry_infant_cry	Baby_cry_infant_cry	Baby_cry_infant_cry	multimodal	True	True
KCO8lQDHBJg_30_40	3	10	Baby_cry_infant_cry,Speech	Baby_cry_infant_cry	Baby_cry_infant_cry,Speech	multimodal	True	True
KCOHsYmUa20_190_200	0	4	Acoustic_guitar,Accordion	Accordion	Acoustic_guitar,Accordion	multimodal	True	True
KCOHsYmUa20_190_200	4	7	Acoustic_guitar,Accordion		Acoustic_guitar,Accordion	multimodal	False	True
KCOHsYmUa20_190_200	7	10	Acoustic_guitar,Accordion	Accordion,Acoustic_guitar	Acoustic_guitar,Accordion	multimodal	True	True
KCOcjOPIxJM_10_20	0	1	Speech,Cat,Chicken_rooster	Chicken_rooster,Cat,Speech	Speech,Chicken_rooster	multimodal	True	True
KCOcjOPIxJM_10_20	1	2	Speech,Cat,Chicken_rooster	Chicken_rooster,Cat,Speech	Speech	multimodal	True	True
KCOcjOPIxJM_10_20	2	3	Speech,Cat,Chicken_rooster	Chicken_rooster,Cat	Speech	multimodal	True	True
KCOcjOPIxJM_10_20	3	4	Speech,Cat,Chicken_rooster	Chicken_rooster,Cat,Speech	Speech	multimodal	True	True
KCOcjOPIxJM_10_20	4	5	Cat,Chicken_rooster	Chicken_rooster,Cat	Chicken_rooster	multimodal	True	True
KCOcjOPIxJM_10_20	5	6	Cat,Chicken_rooster	Chicken_rooster,Cat		multimodal	True	False
KCOcjOPIxJM_10_20	6	9	Speech,Cat,Chicken_rooster	Chicken_rooster,Cat	Speech	multimodal	True	True
KCOcjOPIxJM_10_20	9	10	Cat,Chicken_rooster	Chicken_rooster,Cat	Chicken_rooster	multimodal	True	True
KCckyE6pu0Q_140_150	0	1	Violin_fiddle,Acoustic_guitar	Violin_fiddle,Acoustic_guitar	Violin_fiddle,Acoustic_guitar	multimodal	True	True
KCckyE6pu0Q_140_150	1	3	Violin_fiddle,Acoustic_guitar	Violin_fiddle,Acoustic_guitar	Violin_fiddle	multimodal	True	True
KCckyE6pu0Q_140_150	3	7	Violin_fiddle,Acoustic_guitar	Violin_fiddle,Acoustic_guitar	Violin_fiddle,Acoustic_guitar	multimodal	True	True
KCckyE6pu0Q_140_150	7	8	Violin_fiddle,Acoustic_guitar	Violin_fiddle,Acoustic_guitar	Violin_fiddle	multimodal	True	True
KCckyE6pu0Q_140_150	8	10	Violin_fiddle,Acoustic_guitar	Violin_fiddle	Violin_fiddle,Acoustic_guitar	multimodal	True	True
KD141Cqf6Dg_130_140	0	5	Blender	Blender		multimodal	True	False
KD141Cqf6Dg_130_140	5	10	Blender	Blender	Blender	multimodal	True	True
KDLQygmUohg_30_40	0	4	Speech,Violin_fiddle	Violin_fiddle	Violin_fiddle,Speech	multimodal	True	True
KDLQygmUohg_30_40	4	5	Violin_fiddle	Violin_fiddle	Violin_fiddle	multimodal	True	True
KDLQygmUohg_30_40	5	10	Speech,Violin_fiddle	Violin_fiddle	Violin_fiddle,Speech	multimodal	True	True
KDN-h5yVWRw_25_35	0	1	Baby_cry_infant_cry	Baby_cry_infant_cry		multimodal	True	False
KDN-h5yVWRw_25_35	1	8	Baby_cry_infant_cry	Baby_cry_infant_cry	Baby_cry_infant_cry	multimodal	True	True
KDNnpxD4lWU_60_70	0	2	Baby_laughter,Dog	Dog	Baby_laughter	multimodal	True	True
KDNnpxD4lWU_60_70	2	3	Baby_laughter,Dog	Dog,Baby_laughter	Dog	multimodal	True	True
KDNnpxD4lWU_60_70	3	4	Baby_laughter,Dog	Dog,Baby_laughter	Baby_laughter,Dog	multimodal	True	True
KDNnpxD4lWU_60_70	4	5	Baby_laughter,Dog	Dog	Baby_laughter,Dog	multimodal	True	True
KDNnpxD4lWU_60_70	5	7	Baby_laughter,Dog	Dog	Baby_laughter	multimodal	True	True
KDNnpxD4lWU_60_70	7	8	Dog	Dog		multimodal	True	False
KDNnpxD4lWU_60_70	8	9	Baby_laughter,Dog	Dog	Baby_laughter	multimodal	True	True
KDNnpxD4lWU_60_70	9	10	Baby_laughter,Speech,Dog	Dog	Baby_laughter,Speech	multimodal	True	True
KEUQxR12Cfo_30_40	0	10	Violin_fiddle,Cello,Acoustic_guitar	Cello,Violin_fiddle,Acoustic_guitar	Cello,Violin_fiddle,Acoustic_guitar	multimodal	True	True
KFNee9YkgVI_17_27	0	1	Baby_cry_infant_cry	Baby_cry_infant_cry	Baby_cry_infant_cry	multimodal	True	True
KFNee9YkgVI_17_27	1	10	Baby_cry_infant_cry,Speech	Baby_cry_infant_cry	Baby_cry_infant_cry,Speech	multimodal	True	True
KFdPDpr62i0_190_200	0	5	Lawn_mower		Lawn_mower	multimodal	False	True
KFdPDpr62i0_190_200	5	10	Lawn_mower	Lawn_mower	Lawn_mower	multimodal	True	True
KGwKORR6L7w_30_40	0	2	Baby_cry_infant_cry		Baby_cry_infant_cry	multimodal	False	True
KGwKORR6L7w_30_40	2	3	Baby_cry_infant_cry,Speech		Baby_cry_infant_cry,Speech	multimodal	False	True
KGwKORR6L7w_30_40	3	4	Baby_cry_infant_cry,Speech	Baby_cry_infant_cry	Baby_cry_infant_cry,Speech	multimodal	True	True
KGwKORR6L7w_30_40	4	5	Baby_cry_infant_cry	Baby_cry_infant_cry	Baby_cry_infant_cry	multimodal	True	True
KGwKORR6L7w_30_40	5	7	Baby_cry_infant_cry,Speech	Baby_cry_infant_cry	Baby_cry_infant_cry,Speech	multimodal	True	True
KGwKORR6L7w_30_40	7	8	Baby_cry_infant_cry	Baby_cry_infant_cry	Baby_cry_infant_cry	multimodal	True	True
KGwKORR6L7w_30_40	8	10	Baby_cry_infant_cry,Speech	Baby_cry_infant_cry	Baby_cry_infant_cry,Speech	multimodal	True	True
KGxvfuRj444_160_170	0	2	Speech,Cat	Cat	Speech	multimodal	True	True
KGxvfuRj444_160_170	2	3	Speech		Speech	multimodal	False	True
KGxvfuRj444_160_170	3	4	Speech,Cat		Cat,Speech	multimodal	False	True
KGxvfuRj444_160_170	4	5	Speech		Speech	multimodal	False	True
KGxvfuRj444_160_170	6	9	Speech		Speech	multimodal	False	True
KGxvfuRj444_160_170	9	10	Speech,Cat		Cat,Speech	multimodal	False	True
KHVnB6XI7Q8_230_240	0	6	Singing,Acoustic_guitar	Singing,Acoustic_guitar	Singing,Acoustic_guitar	multimodal	True	True
KHVnB6XI7Q8_230_240	6	8	Acoustic_guitar	Acoustic_guitar	Acoustic_guitar	multimodal	True	True
KHVnB6XI7Q8_230_240	8	10	Singing,Acoustic_guitar	Singing,Acoustic_guitar	Singing,Acoustic_guitar	multimodal	True	True
KHeMI0Qmnqg_110_120	0	10	Vacuum_cleaner	Vacuum_cleaner	Vacuum_cleaner	multimodal	True	True
KHv3w-UiXeQ_20_30	0	1	Speech,Dog	Dog	Dog,Speech	multimodal	True	True
KHv3w-UiXeQ_20_30	1	2	Speech,Dog	Dog	Speech	multimodal	True	True
KHv3w-UiXeQ_20_30	2	5	Dog	Dog	Dog	multimodal	True	True
KHv3w-UiXeQ_20_30	5	6	Dog	Dog		multimodal	True	False
KHv3w-UiXeQ_20_30	6	10	Dog	Dog	Dog	multimodal	True	True
KKghPv944Ks_30_40	0	10	Vacuum_cleaner	Vacuum_cleaner	Vacuum_cleaner	multimodal	True	True
KL4uiNB7lMA_150_160	0	10	Vacuum_cleaner	Vacuum_cleaner	Vacuum_cleaner	multimodal	True	True
KMEisCK2xjQ_30_40	0	2	Speech,Violin_fiddle	Violin_fiddle	Speech	multimodal	True	True
KMEisCK2xjQ_30_40	2	4	Violin_fiddle	Violin_fiddle		multimodal	True	False
KMEisCK2xjQ_30_40	4	10	Violin_fiddle	Violin_fiddle	Violin_fiddle	multimodal	True	True
KMhuOpxiU5Y_0_10	0	1	Dog	Dog		multimodal	True	False
KMhuOpxiU5Y_0_10	1	2	Speech,Dog	Dog,Speech	Speech	multimodal	True	True
KMhuOpxiU5Y_0_10	2	4	Speech,Dog	Dog	Speech,Dog	multimodal	True	True
KMhuOpxiU5Y_0_10	4	5	Dog	Dog	Dog	multimodal	True	True
KMhuOpxiU5Y_0_10	5	6	Speech,Dog		Speech,Dog	multimodal	False	True
KMhuOpxiU5Y_0_10	6	9	Dog	Dog	Dog	multimodal	True	True
KMhuOpxiU5Y_0_10	9	10	Speech,Dog	Dog	Speech,Dog	multimodal	True	True
KNY4yu5-7kg_143_153	0	2	Fire_alarm,Speech	Fire_alarm	Speech	multimodal	True	True
KNY4yu5-7kg_143_153	2	3	Fire_alarm	Fire_alarm		multimodal	True	False
KNY4yu5-7kg_143_153	3	4	Fire_alarm,Speech	Fire_alarm	Speech	multimodal	True	True
KNY4yu5-7kg_143_153	4	6	Speech		Speech	multimodal	False	True
KNY4yu5-7kg_143_153	8	9	Fire_alarm		Fire_alarm	multimodal	False	True
KNY4yu5-7kg_143_153	9	10	Fire_alarm,Speech		Speech,Fire_alarm	multimodal	False	True
KP2H8e3MDBg_0_10	0	2	Speech		Speech	multimodal	False	True
KP2H8e3MDBg_0_10	2	4	Speech,Cat	Cat	Speech	multimodal	True	True
KP2H8e3MDBg_0_10	4	10	Cat	Cat	Cat	multimodal	True	True
KSRjje7GH44_60_70	0	8	Speech,Blender	Blender	Speech	multimodal	True	True
KSRjje7GH44_60_70	8	10	Blender	Blender	Blender	multimodal	True	True
KV4CpfKk7FY_30_40	0	2	Singing,Speech,Acoustic_guitar	Speech,Acoustic_guitar	Speech,Singing	multimodal	True	True
KV4CpfKk7FY_30_40	2	3	Speech,Acoustic_guitar	Speech,Acoustic_guitar	Speech	multimodal	True	True
KV4CpfKk7FY_30_40	3	10	Singing,Speech,Acoustic_guitar	Speech,Acoustic_guitar	Speech,Singing	multimodal	True	True
KW2B-Rv8bjs_30_40	0	1	Cat	Cat	Cat	multimodal	True	True
KW2B-Rv8bjs_30_40	1	2	Speech,Cat	Cat	Cat,Speech	multimodal	True	True
KW2B-Rv8bjs_30_40	2	7	Cat	Cat	Cat	multimodal	True	True
KW2B-Rv8bjs_30_40	7	8	Cat	Cat		multimodal	True	False
KW2B-Rv8bjs_30_40	8	9	Speech,Cat	Cat	Speech	multimodal	True	True
KW2B-Rv8bjs_30_40	9	10	Cat	Cat		multimodal	True	False
KWdhwfzfppg_260_270	0	10	Violin_fiddle,Cello,Accordion	Cello,Violin_fiddle,Accordion	Cello,Violin_fiddle,Accordion	multimodal	True	True
KWqZGTZQUwA_110_120	0	10	Lawn_mower	Lawn_mower	Lawn_mower	multimodal	True	True
KXQ0oFeq_8Q_10_20	0	10	Violin_fiddle,Cello	Cello,Violin_fiddle	Cello,Violin_fiddle	multimodal	True	True
KXZXHrLBpPo_350_360	0	2	Speech,Acoustic_guitar	Speech,Acoustic_guitar	Speech	multimodal	True	True
KXZXHrLBpPo_350_360	2	10	Acoustic_guitar	Acoustic_guitar	Acoustic_guitar	multimodal	True	True
KXumlH_SF5Y_100_110	0	1	Speech,Helicopter	Helicopter	Helicopter,Speech	multimodal	True	True
KXumlH_SF5Y_100_110	1	3	Helicopter	Helicopter	Helicopter	multimodal	True	True
KXumlH_SF5Y_100_110	3	5	Speech,Helicopter	Helicopter	Helicopter,Speech	multimodal	True	True
KXumlH_SF5Y_100_110	5	10	Helicopter	Helicopter	Helicopter	multimodal	True	True
KY_EJ9wCJ1E_320_330	0	2	Speech,Violin_fiddle	Speech	Violin_fiddle,Speech	multimodal	True	True
KY_EJ9wCJ1E_320_330	2	10	Violin_fiddle		Violin_fiddle	multimodal	False	True
KZbA2DuNLYM_23_33	2	8	Baby_cry_infant_cry	Baby_cry_infant_cry	Baby_cry_infant_cry	multimodal	True	True
KZbA2DuNLYM_23_33	8	9	Baby_cry_infant_cry	Baby_cry_infant_cry		multimodal	True	False
KZbA2DuNLYM_23_33	9	10	Baby_cry_infant_cry	Baby_cry_infant_cry	Baby_cry_infant_cry	multimodal	True	True
KZhSh9lwAoI_20_30	0	6	Baby_laughter,Speech	Baby_laughter	Speech,Baby_laughter	multimodal	True	True
KZhSh9lwAoI_20_30	6	7	Baby_laughter,Speech	Baby_laughter	Speech	multimodal	True	True
KZhSh9lwAoI_20_30	7	10	Baby_laughter,Speech	Baby_laughter	Speech,Baby_laughter	multimodal	True	True
KaNCiByIxx0_130_140	0	1	Speech,Chicken_rooster	Chicken_rooster	Chicken_rooster,Speech	multimodal	True	True
KaNCiByIxx0_130_140	1	10	Chicken_rooster	Chicken_rooster	Chicken_rooster	multimodal	True	True
KbeILnzvciI_30_40	0	5	Violin_fiddle	Violin_fiddle	Violin_fiddle	multimodal	True	True
KbeILnzvciI_30_40	5	6	Speech,Violin_fiddle	Violin_fiddle,Speech	Violin_fiddle,Speech	multimodal	True	True
KbeILnzvciI_30_40	6	10	Speech,Violin_fiddle	Violin_fiddle,Speech	Speech	multimodal	True	True
KcIu2WxoeiM_0_10	0	10	Helicopter	Helicopter	Helicopter	multimodal	True	True
KcXWxITU5s0_16_26	0	2	Speech,Dog	Dog	Speech	multimodal	True	True
KcXWxITU5s0_16_26	2	6	Dog	Dog	Dog	multimodal	True	True
KdIrYOmwm3M_150_160	0	8	Motorcycle,Car,Accordion	Car,Motorcycle	Accordion	multimodal	True	True
KdIrYOmwm3M_150_160	8	10	Accordion		Accordion	multimodal	False	True
KdlvYugCXvo_130_140	0	10	Helicopter	Helicopter	Helicopter	multimodal	True	True
Ke2-q_gw7-A_270_280	0	1	Speech,Acoustic_guitar	Acoustic_guitar,Speech	Speech,Acoustic_guitar	multimodal	True	True
Ke2-q_gw7-A_270_280	1	10	Acoustic_guitar	Acoustic_guitar	Acoustic_guitar	multimodal	True	True
Ke5YRnqT94o_130_140	0	10	Vacuum_cleaner	Vacuum_cleaner	Vacuum_cleaner	multimodal	True	True
KeVUagDleIg_30_40	0	1	Cat	Cat	Cat	multimodal	True	True
KeVUagDleIg_30_40	1	3	Cat	Cat		multimodal	True	False
KeVUagDleIg_30_40	3	4	Cat	Cat	Cat	multimodal	True	True
KeVUagDleIg_30_40	4	5	Cat	Cat		multimodal	True	False
KeVUagDleIg_30_40	5	6	Speech,Cat	Cat,Speech	Speech	multimodal	True	True
KeVUagDleIg_30_40	6	10	Speech,Cat	Cat,Speech	Speech,Cat	multimodal	True	True
Kecpmbnv2Qc_30_40	0	1	Speech,Chicken_rooster	Chicken_rooster	Speech	multimodal	True	True
Kecpmbnv2Qc_30_40	1	7	Chicken_rooster	Chicken_rooster		multimodal	True	False
Kecpmbnv2Qc_30_40	7	10	Chicken_rooster	Chicken_rooster	Chicken_rooster	multimodal	True	True
KgvsnA-mGRc_30_40	0	5	Motorcycle	Motorcycle		multimodal	True	False
KgvsnA-mGRc_30_40	5	10	Motorcycle	Motorcycle	Motorcycle	multimodal	True	True
KhYlQoDEtKI_50_60	0	2	Singing,Acoustic_guitar	Singing,Acoustic_guitar	Singing,Acoustic_guitar	multimodal	True	True
KhYlQoDEtKI_50_60	2	10	Acoustic_guitar	Acoustic_guitar	Acoustic_guitar	multimodal	True	True
KhxzuPjDjBc_50_60	0	10	Singing,Banjo,Acoustic_guitar	Acoustic_guitar	Singing,Banjo	multimodal	True	True
Ki5FZjVfs7s_190_200	0	4	Speech,Dog	Dog	Speech	multimodal	True	True
Ki5FZjVfs7s_190_200	4	9	Dog	Dog		multimodal	True	False
Ki5FZjVfs7s_190_200	9	10	Speech,Dog	Dog	Speech	multimodal	True	True
Kl7OB6fk26c_50_60	0	3	Speech,Cat,Dog	Dog	Cat,Speech	multimodal	True	True
Kl7OB6fk26c_50_60	3	5	Speech,Dog	Dog	Speech	multimodal	True	True
Kl7OB6fk26c_50_60	5	6	Speech,Cat,Dog	Dog	Cat,Speech	multimodal	True	True
Kl7OB6fk26c_50_60	6	7	Speech,Dog	Dog	Speech	multimodal	True	True
Kl7OB6fk26c_50_60	7	8	Cat,Dog	Dog	Cat	multimodal	True	True
Kl7OB6fk26c_50_60	8	10	Speech,Cat,Dog	Dog	Cat,Speech	multimodal	True	True
KliVsEcJ1Do_130_140	0	3	Speech	Speech	Speech	multimodal	True	True
KliVsEcJ1Do_130_140	4	9	Baby_laughter	Baby_laughter	Baby_laughter	multimodal	True	True
KliVsEcJ1Do_130_140	9	10	Baby_laughter,Speech	Baby_laughter,Speech	Speech,Baby_laughter	multimodal	True	True
KmN2GrhTxXE_10_20	0	4	Motorcycle	Motorcycle	Motorcycle	multimodal	True	True
KmN2GrhTxXE_10_20	4	5	Motorcycle	Motorcycle		multimodal	True	False
KmN2GrhTxXE_10_20	5	6	Speech,Motorcycle	Motorcycle	Speech	multimodal	True	True
KmN2GrhTxXE_10_20	6	10	Motorcycle	Motorcycle		multimodal	True	False
Knh6TSkrpU0_2_12	0	2	Speech,Dog	Dog	Speech	multimodal	True	True
Knh6TSkrpU0_2_12	2	3	Speech,Dog	Dog	Speech,Dog	multimodal	True	True
Knh6TSkrpU0_2_12	3	4	Dog	Dog		multimodal	True	False
Knh6TSkrpU0_2_12	4	5	Dog	Dog	Dog	multimodal	True	True
Knh6TSkrpU0_2_12	5	7	Speech,Dog	Speech,Dog	Speech,Dog	multimodal	True	True
Knh6TSkrpU0_2_12	7	8	Speech,Dog	Dog	Speech,Dog	multimodal	True	True
Knh6TSkrpU0_2_12	8	10	Dog	Dog	Dog	multimodal	True	True
KoBKt9OwUDA_0_10	0	1	Speech	Speech	Speech	multimodal	True	True
KoBKt9OwUDA_0_10	1	3	Basketball_bounce,Speech	Speech	Speech,Basketball_bounce	multimodal	True	True
KoBKt9OwUDA_0_10	3	6	Basketball_bounce,Speech	Speech	Speech,Speech,Basketball_bounce	multimodal	True	True
KoBKt9OwUDA_0_10	6	10	Basketball_bounce,Speech	Speech	Speech,Basketball_bounce	multimodal	True	True
KojwdV9dkBU_120_130	0	1	Speech,Cat	Cat	Speech	multimodal	True	True
KojwdV9dkBU_120_130	1	3	Speech,Cat,Dog	Cat	Dog,Speech	multimodal	True	True
KojwdV9dkBU_120_130	3	4	Cat	Cat		multimodal	True	False
KojwdV9dkBU_120_130	4	5	Cat,Dog	Cat	Dog	multimodal	True	True
KojwdV9dkBU_120_130	5	8	Cat	Cat		multimodal	True	False
KojwdV9dkBU_120_130	8	10	Speech,Cat	Cat	Speech	multimodal	True	True
Kqa-iC4cuMs_370_380	0	6	Speech		Speech	multimodal	False	True
Kqa-iC4cuMs_370_380	6	7	Vacuum_cleaner,Speech	Vacuum_cleaner	Vacuum_cleaner,Speech	multimodal	True	True
Kqa-iC4cuMs_370_380	7	10	Vacuum_cleaner	Vacuum_cleaner	Vacuum_cleaner	multimodal	True	True
Kqjqdx-jfMw_180_190	0	6	Speech,Blender	Blender	Speech	multimodal	True	True
Kqjqdx-jfMw_180_190	6	7	Speech,Blender	Blender	Speech,Speech	multimodal	True	True
Kqjqdx-jfMw_180_190	7	10	Speech,Blender	Blender	Speech	multimodal	True	True
Ks7Qzoz6bZM_30_40	0	1	Cat	Cat		multimodal	True	False
Ks7Qzoz6bZM_30_40	1	2	Cat	Cat	Cat	multimodal	True	True
Ks7Qzoz6bZM_30_40	2	3	Speech,Cat	Cat	Speech,Cat	multimodal	True	True
Ks7Qzoz6bZM_30_40	3	4	Speech,Cat	Cat	Speech	multimodal	True	True
Ks7Qzoz6bZM_30_40	4	5	Cat	Cat		multimodal	True	False
Ks7Qzoz6bZM_30_40	5	6	Cat	Cat	Cat	multimodal	True	True
Ks7Qzoz6bZM_30_40	6	10	Cat	Cat		multimodal	True	False
KsG6-R7HUJs_10_20	0	10	Helicopter	Helicopter	Helicopter	multimodal	True	True
KvIjsmANkxI_10_20	0	3	Speech,Cat	Cat	Speech	multimodal	True	True
KvIjsmANkxI_10_20	3	7	Speech,Cat	Cat	Cat,Speech	multimodal	True	True
KvIjsmANkxI_10_20	7	8	Speech,Cat	Cat	Speech	multimodal	True	True
KvIjsmANkxI_10_20	8	10	Speech,Cat	Cat	Cat,Speech	multimodal	True	True
Kw-PLfbmjvQ_30_40	0	10	Helicopter	Helicopter	Helicopter	multimodal	True	True
Kw7r1WV8y30_30_40	0	3	Violin_fiddle	Violin_fiddle	Violin_fiddle	multimodal	True	True
Kw7r1WV8y30_30_40	3	4	Speech,Violin_fiddle	Violin_fiddle	Violin_fiddle,Speech	multimodal	True	True
Kw7r1WV8y30_30_40	4	6	Speech,Violin_fiddle	Violin_fiddle	Speech	multimodal	True	True
Kw7r1WV8y30_30_40	6	10	Violin_fiddle	Violin_fiddle		multimodal	True	False
KwksDbd45Jc_220_230	0	6	Speech	Speech	Speech	multimodal	True	True
KwksDbd45Jc_220_230	6	8	Basketball_bounce,Speech	Speech,Basketball_bounce	Speech,Basketball_bounce	multimodal	True	True
KwksDbd45Jc_220_230	8	9	Basketball_bounce,Speech		Speech,Basketball_bounce	multimodal	False	True
KwksDbd45Jc_220_230	9	10	Basketball_bounce,Speech	Speech	Speech,Basketball_bounce	multimodal	True	True
KxJCFboTYeU_60_70	0	7	Chicken_rooster	Chicken_rooster	Chicken_rooster	multimodal	True	True
KxJCFboTYeU_60_70	7	8	Chicken_rooster	Chicken_rooster		multimodal	True	False
KxJCFboTYeU_60_70	8	10	Chicken_rooster	Chicken_rooster	Chicken_rooster	multimodal	True	True
KxhN4Y6eMRg_390_400	0	1	Speech	Speech	Speech	multimodal	True	True
KxhN4Y6eMRg_390_400	1	10	Singing		Singing	multimodal	False	True
Ky-u1jW0bLw_10_20	0	6	Speech	Speech	Speech	multimodal	True	True
Ky-u1jW0bLw_10_20	6	10	Cheering,Clapping	Clapping,Cheering	Clapping,Cheering	multimodal	True	True
KyZTzL7dzdg_30_40	0	6	Violin_fiddle	Violin_fiddle	Violin_fiddle	multimodal	True	True
KyZTzL7dzdg_30_40	6	7	Speech,Violin_fiddle	Violin_fiddle	Speech	multimodal	True	True
KyZTzL7dzdg_30_40	7	10	Violin_fiddle	Violin_fiddle		multimodal	True	False
KzrmSD86sr0_520_530	0	1	Speech,Blender	Blender	Speech	multimodal	True	True
KzrmSD86sr0_520_530	1	2	Blender	Blender	Blender	multimodal	True	True
KzrmSD86sr0_520_530	2	3	Speech,Blender	Blender	Blender,Speech	multimodal	True	True
KzrmSD86sr0_520_530	3	6	Speech,Blender	Blender	Speech	multimodal	True	True
KzrmSD86sr0_520_530	6	8	Blender	Blender		multimodal	True	False
KzrmSD86sr0_520_530	8	10	Blender	Blender	Blender	multimodal	True	True
L-42QHWGyJU_370_380	0	1	Basketball_bounce,Speech	Basketball_bounce	Speech	multimodal	True	True
L-42QHWGyJU_370_380	1	2	Speech		Speech	multimodal	False	True
L-42QHWGyJU_370_380	2	3	Basketball_bounce,Speech,Cheering	Basketball_bounce	Speech,Cheering	multimodal	True	True
L-42QHWGyJU_370_380	3	4	Speech,Cheering		Speech,Cheering	multimodal	False	True
L-42QHWGyJU_370_380	4	5	Cheering		Cheering	multimodal	False	True
L-42QHWGyJU_370_380	5	10	Speech,Cheering		Speech,Cheering	multimodal	False	True
L2jP-VQExGk_6_16	0	3	Baby_cry_infant_cry	Baby_cry_infant_cry	Baby_cry_infant_cry	multimodal	True	True
L2jP-VQExGk_6_16	3	5	Baby_cry_infant_cry	Baby_cry_infant_cry		multimodal	True	False
L2jP-VQExGk_6_16	5	10	Baby_cry_infant_cry	Baby_cry_infant_cry	Baby_cry_infant_cry	multimodal	True	True
L2zidDxyBjw_220_230	0	10	Accordion	Accordion	Accordion	multimodal	True	True
L9ft4YFUFmc_90_100	0	1	Motorcycle	Motorcycle		multimodal	True	False
L9ft4YFUFmc_90_100	1	6	Speech,Motorcycle	Motorcycle	Speech	multimodal	True	True
L9ft4YFUFmc_90_100	6	10	Motorcycle	Motorcycle	Motorcycle	multimodal	True	True
LAVr291jgR8_210_220	0	4	Speech	Speech	Speech	multimodal	True	True
LAVr291jgR8_210_220	5	10	Speech		Speech	multimodal	False	True
LAXWSmoMfNw_10_20	0	10	Speech,Dog	Dog	Dog,Speech	multimodal	True	True
LBbDtEE9l2Q_18_28	0	1	Cat	Cat		multimodal	True	False
LBbDtEE9l2Q_18_28	1	2	Cat	Cat	Cat	multimodal	True	True
LBbDtEE9l2Q_18_28	2	5	Speech,Cat	Cat	Speech	multimodal	True	True
LBbDtEE9l2Q_18_28	5	6	Cat	Cat		multimodal	True	False
LBbDtEE9l2Q_18_28	6	7	Speech,Cat	Cat	Speech	multimodal	True	True
LBbDtEE9l2Q_18_28	7	8	Cat	Cat	Cat	multimodal	True	True
LBbDtEE9l2Q_18_28	8	10	Cat	Cat		multimodal	True	False
LCv-gA_A7Pk_30_40	0	4	Speech,Acoustic_guitar	Acoustic_guitar	Acoustic_guitar,Speech	multimodal	True	True
LCv-gA_A7Pk_30_40	4	5	Speech,Acoustic_guitar	Acoustic_guitar	Speech	multimodal	True	True
LCv-gA_A7Pk_30_40	5	10	Speech,Acoustic_guitar	Acoustic_guitar	Acoustic_guitar,Speech	multimodal	True	True
LDXGQBKnIkU_14_24	0	7	Speech,Lawn_mower	Lawn_mower	Lawn_mower,Speech	multimodal	True	True
LDXGQBKnIkU_14_24	7	10	Lawn_mower	Lawn_mower	Lawn_mower	multimodal	True	True
LE3ux-hbUEg_160_170	0	8	Dog	Dog	Dog	multimodal	True	True
LE3ux-hbUEg_160_170	8	10	Speech,Dog	Dog	Dog,Speech	multimodal	True	True
LFW5265aG4w_30_40	0	1	Car	Car		multimodal	True	False
LFW5265aG4w_30_40	1	5	Car	Car	Car	multimodal	True	True
LFW5265aG4w_30_40	5	9	Speech,Car	Car	Car,Speech	multimodal	True	True
LFW5265aG4w_30_40	9	10	Car	Car	Car	multimodal	True	True
LFebeVofHyg_30_40	0	10	Clapping	Clapping	Clapping	multimodal	True	True
LGUdvF0PqC0_10_20	0	5	Speech,Cat	Cat	Speech	multimodal	True	True
LGUdvF0PqC0_10_20	5	6	Speech,Cat	Cat	Cat,Speech	multimodal	True	True
LGUdvF0PqC0_10_20	6	7	Cat	Cat	Cat	multimodal	True	True
LGUdvF0PqC0_10_20	7	10	Cat	Cat		multimodal	True	False
LGeLv_bEBSA_420_430	0	1	Violin_fiddle,Cello	Cello,Violin_fiddle	Violin_fiddle,Cello	multimodal	True	True
LGeLv_bEBSA_420_430	1	3	Violin_fiddle,Cello	Cello,Violin_fiddle	Violin_fiddle	multimodal	True	True
LGeLv_bEBSA_420_430	3	7	Violin_fiddle,Cello	Cello,Violin_fiddle	Cello	multimodal	True	True
LGeLv_bEBSA_420_430	7	10	Violin_fiddle,Cello	Cello,Violin_fiddle	Violin_fiddle,Cello	multimodal	True	True
LH_cTOUJPhU_330_340	0	5	Blender	Blender	Blender	multimodal	True	True
LH_cTOUJPhU_330_340	5	6	Blender	Blender		multimodal	True	False
LH_cTOUJPhU_330_340	6	10	Speech,Blender	Blender	Speech	multimodal	True	True
LIFlDrWOq8I_60_70	0	5	Speech,Lawn_mower	Lawn_mower	Speech	multimodal	True	True
LIFlDrWOq8I_60_70	5	8	Speech,Lawn_mower	Lawn_mower	Speech,Lawn_mower	multimodal	True	True
LIFlDrWOq8I_60_70	8	9	Lawn_mower	Lawn_mower	Lawn_mower	multimodal	True	True
LIFlDrWOq8I_60_70	9	10	Speech,Lawn_mower	Lawn_mower	Speech,Lawn_mower	multimodal	True	True
LJ-oWEBfvME_220_230	0	3	Vacuum_cleaner	Vacuum_cleaner		multimodal	True	False
LJ-oWEBfvME_220_230	3	10	Vacuum_cleaner	Vacuum_cleaner	Vacuum_cleaner	multimodal	True	True
LJPBzpoEJtw_30_40	0	10	Motorcycle	Motorcycle	Motorcycle	multimodal	True	True
LMKzjvc93sA_30_40	0	10	Frying_(food)	Frying_(food)	Frying_(food)	multimodal	True	True
LMqpXcUyLTU_0_10	0	1	Baby_cry_infant_cry,Speech	Speech,Baby_cry_infant_cry	Speech	multimodal	True	True
LMqpXcUyLTU_0_10	1	10	Baby_cry_infant_cry,Speech	Speech,Baby_cry_infant_cry	Speech,Baby_cry_infant_cry	multimodal	True	True
LNGPfZsCqKY_18_28	0	10	Helicopter	Helicopter	Helicopter	multimodal	True	True
LOXiJnA8M1Q_70_80	0	1	Speech,Frying_(food)	Frying_(food)	Frying_(food),Speech	multimodal	True	True
LOXiJnA8M1Q_70_80	1	2	Frying_(food)	Frying_(food)	Frying_(food)	multimodal	True	True
LOXiJnA8M1Q_70_80	2	4	Speech,Frying_(food)		Frying_(food),Speech	multimodal	False	True
LOXiJnA8M1Q_70_80	4	10	Speech,Frying_(food)	Frying_(food)	Frying_(food),Speech	multimodal	True	True
LO_DK-3poPg_130_140	0	2	Speech	Speech	Speech	multimodal	True	True
LO_DK-3poPg_130_140	2	3	Singing,Speech	Speech,Singing	Speech,Singing	multimodal	True	True
LO_DK-3poPg_130_140	3	10	Singing	Singing	Singing	multimodal	True	True
LQC5OxzWufM_20_30	0	1	Dog	Dog	Dog	multimodal	True	True
LQC5OxzWufM_20_30	1	2	Speech,Dog	Dog	Dog,Speech	multimodal	True	True
LQC5OxzWufM_20_30	2	10	Dog	Dog	Dog	multimodal	True	True
LS1OwvItlgM_210_220	0	2	Chicken_rooster	Chicken_rooster	Chicken_rooster	multimodal	True	True
LS1OwvItlgM_210_220	2	4	Speech,Chicken_rooster	Chicken_rooster	Chicken_rooster,Speech	multimodal	True	True
LS1OwvItlgM_210_220	4	5	Chicken_rooster	Chicken_rooster	Chicken_rooster	multimodal	True	True
LS1OwvItlgM_210_220	5	6	Speech,Chicken_rooster	Chicken_rooster,Speech	Chicken_rooster,Speech	multimodal	True	True
LS1OwvItlgM_210_220	6	8	Chicken_rooster	Chicken_rooster	Chicken_rooster	multimodal	True	True
LS1OwvItlgM_210_220	8	10	Chicken_rooster		Chicken_rooster	multimodal	False	True
LT23oUPcU_s_30_40	0	8	Dog	Dog	Dog	multimodal	True	True
LT23oUPcU_s_30_40	8	10	Speech,Dog	Dog	Dog,Speech	multimodal	True	True
LTmnYdPxCaw_24_34	0	9	Helicopter	Helicopter	Helicopter	multimodal	True	True
LWcZGccvDpg_80_90	0	1	Speech,Motorcycle	Motorcycle,Speech	Motorcycle,Speech	multimodal	True	True
LWcZGccvDpg_80_90	1	4	Motorcycle	Motorcycle	Motorcycle	multimodal	True	True
LWcZGccvDpg_80_90	4	10	Singing,Motorcycle	Motorcycle	Motorcycle,Singing	multimodal	True	True
LWlCh2pONQI_20_30	0	8	Singing,Acoustic_guitar	Acoustic_guitar,Singing	Acoustic_guitar,Singing	multimodal	True	True
LWlCh2pONQI_20_30	8	9	Acoustic_guitar	Acoustic_guitar	Acoustic_guitar	multimodal	True	True
LWlCh2pONQI_20_30	9	10	Singing,Acoustic_guitar	Acoustic_guitar,Singing	Acoustic_guitar,Singing	multimodal	True	True
LWlJFSROVXM_3_13	0	1	Chicken_rooster	Chicken_rooster	Chicken_rooster	multimodal	True	True
LWlJFSROVXM_3_13	1	8	Chicken_rooster	Chicken_rooster		multimodal	True	False
LWlJFSROVXM_3_13	8	10	Chicken_rooster	Chicken_rooster	Chicken_rooster	multimodal	True	True
LXXHu4LCMU0_310_320	0	10	Violin_fiddle,Cello	Violin_fiddle,Cello	Violin_fiddle,Cello	multimodal	True	True
LYadFGHyPow_350_360	0	7	Chainsaw	Chainsaw	Chainsaw	multimodal	True	True
LYadFGHyPow_350_360	7	8	Chainsaw	Chainsaw		multimodal	True	False
LYadFGHyPow_350_360	8	10	Chainsaw	Chainsaw	Chainsaw	multimodal	True	True
LZ6oDntUV2c_40_50	0	7	Chainsaw	Chainsaw	Chainsaw	multimodal	True	True
LZ6oDntUV2c_40_50	7	10	Chainsaw		Chainsaw	multimodal	False	True
LZGMn_8Ky-U_220_230	0	1	Speech,Acoustic_guitar	Acoustic_guitar,Speech	Speech	multimodal	True	True
LZGMn_8Ky-U_220_230	1	3	Speech,Acoustic_guitar	Acoustic_guitar,Speech	Speech,Speech	multimodal	True	True
LZGMn_8Ky-U_220_230	3	4	Speech,Acoustic_guitar	Acoustic_guitar	Speech	multimodal	True	True
LZGMn_8Ky-U_220_230	4	5	Speech,Acoustic_guitar	Acoustic_guitar,Speech	Speech,Speech	multimodal	True	True
LZGMn_8Ky-U_220_230	5	6	Speech,Acoustic_guitar	Acoustic_guitar,Speech	Speech	multimodal	True	True
LZGMn_8Ky-U_220_230	6	8	Acoustic_guitar	Acoustic_guitar		multimodal	True	False
LZGMn_8Ky-U_220_230	8	10	Speech,Acoustic_guitar	Acoustic_guitar,Speech	Speech	multimodal	True	True
L_NiIDd9qQQ_110_120	0	1	Speech,Dog	Dog,Speech	Dog,Speech	multimodal	True	True
L_NiIDd9qQQ_110_120	1	2	Dog	Dog		multimodal	True	False
L_NiIDd9qQQ_110_120	2	4	Speech,Dog	Dog,Speech	Speech	multimodal	True	True
L_NiIDd9qQQ_110_120	4	5	Dog	Dog		multimodal	True	False
L_NiIDd9qQQ_110_120	5	7	Speech,Dog	Dog,Speech	Speech	multimodal	True	True
L_NiIDd9qQQ_110_120	7	9	Dog	Dog		multimodal	True	False
L_NiIDd9qQQ_110_120	9	10	Speech,Dog	Dog	Speech	multimodal	True	True
LbQ1CDjxy0w_40_50	0	3	Cat	Cat	Cat	multimodal	True	True
LbQ1CDjxy0w_40_50	3	8	Speech,Cat	Cat	Cat,Speech	multimodal	True	True
LbQ1CDjxy0w_40_50	8	9	Cat	Cat	Cat	multimodal	True	True
LbQ1CDjxy0w_40_50	9	10	Speech,Cat	Cat	Cat,Speech	multimodal	True	True
LbVxnuv3Ebw_130_140	0	1	Speech,Motorcycle	Motorcycle	Speech	multimodal	True	True
LbVxnuv3Ebw_130_140	1	2	Speech,Motorcycle	Motorcycle	Motorcycle,Speech	multimodal	True	True
LbVxnuv3Ebw_130_140	2	8	Motorcycle	Motorcycle	Motorcycle	multimodal	True	True
LbVxnuv3Ebw_130_140	8	9	Motorcycle	Motorcycle		multimodal	True	False
LbVxnuv3Ebw_130_140	9	10	Speech,Motorcycle	Motorcycle	Speech	multimodal	True	True
LcFWKgFphXI_20_30	0	8	Singing,Clapping	Clapping,Singing	Clapping,Singing	multimodal	True	True
LcFWKgFphXI_20_30	8	9	Singing,Clapping	Singing	Clapping,Singing	multimodal	True	True
LcKlInyt_d4_10_20	0	10	Vacuum_cleaner	Vacuum_cleaner	Vacuum_cleaner	multimodal	True	True
LcP8X-b4SmI_60_70	0	7	Vacuum_cleaner,Dog	Dog,Vacuum_cleaner	Vacuum_cleaner	multimodal	True	True
LcP8X-b4SmI_60_70	7	10	Vacuum_cleaner	Vacuum_cleaner	Vacuum_cleaner	multimodal	True	True
LfJH5_vbZuk_170_180	2	3	Speech		Speech	multimodal	False	True
LfJH5_vbZuk_170_180	3	6	Speech,Cat	Cat	Speech	multimodal	True	True
LfJH5_vbZuk_170_180	6	7	Speech,Cat	Cat	Cat,Speech	multimodal	True	True
LfJH5_vbZuk_170_180	7	9	Speech,Cat	Cat	Speech	multimodal	True	True
LfJH5_vbZuk_170_180	9	10	Speech,Cat	Cat	Cat,Speech	multimodal	True	True
LfhdhtoK_dg_40_50	0	5	Singing,Speech	Speech	Speech,Singing	multimodal	True	True
LfhdhtoK_dg_40_50	5	6	Singing,Speech,Clapping	Speech	Speech,Singing,Clapping	multimodal	True	True
LfhdhtoK_dg_40_50	6	9	Singing,Speech,Clapping	Speech,Clapping	Speech,Singing	multimodal	True	True
LfhdhtoK_dg_40_50	9	10	Singing		Singing	multimodal	False	True
Li6s-vk_GQs_20_30	0	5	Speech,Lawn_mower	Lawn_mower	Speech	multimodal	True	True
Li6s-vk_GQs_20_30	5	8	Lawn_mower	Lawn_mower	Lawn_mower	multimodal	True	True
Li6s-vk_GQs_20_30	8	10	Lawn_mower	Lawn_mower		multimodal	True	False
LjBs2e_sW4E_160_170	0	1	Lawn_mower		Lawn_mower	multimodal	False	True
LjBs2e_sW4E_160_170	1	8	Lawn_mower	Lawn_mower	Lawn_mower	multimodal	True	True
LjBs2e_sW4E_160_170	8	10	Lawn_mower		Lawn_mower	multimodal	False	True
LlWf9r1ziZk_30_40	0	2	Violin_fiddle	Violin_fiddle	Violin_fiddle	multimodal	True	True
LlWf9r1ziZk_30_40	2	3	Speech,Violin_fiddle	Violin_fiddle,Speech	Violin_fiddle,Speech	multimodal	True	True
LlWf9r1ziZk_30_40	3	4	Speech,Violin_fiddle	Violin_fiddle,Speech	Speech	multimodal	True	True
LlWf9r1ziZk_30_40	4	6	Speech,Violin_fiddle	Violin_fiddle,Speech	Violin_fiddle,Speech	multimodal	True	True
LlWf9r1ziZk_30_40	6	9	Speech,Violin_fiddle	Violin_fiddle,Speech	Speech	multimodal	True	True
LlWf9r1ziZk_30_40	9	10	Speech,Violin_fiddle	Violin_fiddle,Speech	Violin_fiddle,Speech	multimodal	True	True
LmSXOOzCXu0_30_40	0	7	Vacuum_cleaner,Speech	Vacuum_cleaner	Speech	multimodal	True	True
LmSXOOzCXu0_30_40	7	8	Vacuum_cleaner,Speech	Vacuum_cleaner	Speech,Vacuum_cleaner	multimodal	True	True
LmSXOOzCXu0_30_40	8	10	Vacuum_cleaner	Vacuum_cleaner	Vacuum_cleaner	multimodal	True	True
Lnpe9u8cF50_90_100	0	1	Singing,Acoustic_guitar,Accordion	Singing	Acoustic_guitar,Accordion,Singing	multimodal	True	True
Lnpe9u8cF50_90_100	1	4	Singing,Acoustic_guitar,Accordion	Acoustic_guitar	Acoustic_guitar,Accordion,Singing	multimodal	True	True
Lnpe9u8cF50_90_100	4	5	Singing,Acoustic_guitar,Accordion	Acoustic_guitar,Accordion	Acoustic_guitar,Accordion,Singing	multimodal	True	True
Lnpe9u8cF50_90_100	5	8	Singing,Acoustic_guitar,Accordion	Accordion,Singing	Acoustic_guitar,Accordion,Singing	multimodal	True	True
Lnpe9u8cF50_90_100	8	10	Singing,Acoustic_guitar,Accordion	Singing	Acoustic_guitar,Accordion,Singing	multimodal	True	True
Lp6JViuKWlo_20_30	0	4	Baby_cry_infant_cry,Speech	Baby_cry_infant_cry	Baby_cry_infant_cry,Speech	multimodal	True	True
Lp6JViuKWlo_20_30	4	6	Speech		Speech	multimodal	False	True
Lp6JViuKWlo_20_30	6	7	Baby_cry_infant_cry	Baby_cry_infant_cry	Baby_cry_infant_cry	multimodal	True	True
Lp6JViuKWlo_20_30	9	10	Baby_cry_infant_cry	Baby_cry_infant_cry	Baby_cry_infant_cry	multimodal	True	True
Lpc7Ws6PSfg_2_12	0	10	Speech	Speech	Speech	multimodal	True	True
LqSxIzqYsfY_160_170	0	10	Violin_fiddle,Cello	Cello,Violin_fiddle	Cello,Violin_fiddle	multimodal	True	True
LrWwi0-wcrg_30_40	0	10	Chainsaw	Chainsaw	Chainsaw	multimodal	True	True
Ltx0lEqqoac_80_90	1	2	Basketball_bounce	Basketball_bounce	Basketball_bounce	multimodal	True	True
Ltx0lEqqoac_80_90	2	3	Basketball_bounce,Speech,Cheering	Basketball_bounce	Basketball_bounce,Speech,Cheering	multimodal	True	True
Ltx0lEqqoac_80_90	3	4	Speech,Cheering		Speech,Cheering	multimodal	False	True
Ltx0lEqqoac_80_90	5	10	Basketball_bounce	Basketball_bounce	Basketball_bounce	multimodal	True	True
LuChwFtVLpI_30_40	0	10	Lawn_mower	Lawn_mower	Lawn_mower	multimodal	True	True
Lw-mExSqCok_0_10	0	6	Cheering,Clapping	Cheering,Clapping	Clapping,Cheering	multimodal	True	True
Lw-mExSqCok_0_10	6	7	Clapping,Cheering,Helicopter	Helicopter	Helicopter,Clapping,Cheering	multimodal	True	True
Lw-mExSqCok_0_10	7	8	Cheering,Helicopter	Helicopter	Helicopter,Cheering	multimodal	True	True
Lw-mExSqCok_0_10	8	10	Chicken_rooster,Helicopter	Helicopter	Helicopter,Chicken_rooster	multimodal	True	True
Lw4uqIDhAa4_30_40	0	2	Singing,Violin_fiddle	Singing	Violin_fiddle,Singing	multimodal	True	True
Lw4uqIDhAa4_30_40	2	5	Singing,Violin_fiddle	Singing,Violin_fiddle	Violin_fiddle,Singing	multimodal	True	True
Lw4uqIDhAa4_30_40	5	6	Violin_fiddle		Violin_fiddle	multimodal	False	True
Lw4uqIDhAa4_30_40	6	8	Speech,Violin_fiddle	Violin_fiddle	Violin_fiddle,Speech	multimodal	True	True
Lw4uqIDhAa4_30_40	8	10	Singing,Violin_fiddle	Violin_fiddle	Violin_fiddle,Singing	multimodal	True	True
LxFenjME4NQ_0_10	0	6	Speech,Helicopter	Helicopter	Helicopter,Speech	multimodal	True	True
LxFenjME4NQ_0_10	6	10	Speech,Helicopter	Helicopter,Speech	Helicopter,Speech	multimodal	True	True
LxdLlDDQL84_42_52	0	10	Cat	Cat	Cat	multimodal	True	True
LzdgaHNurYc_380_390	0	3	Speech	Speech	Speech	multimodal	True	True
LzdgaHNurYc_380_390	3	6	Basketball_bounce,Speech	Basketball_bounce,Speech	Speech,Basketball_bounce	multimodal	True	True
LzdgaHNurYc_380_390	6	10	Basketball_bounce,Speech	Basketball_bounce	Speech,Basketball_bounce	multimodal	True	True
LzgeBj-P29Q_30_40	0	1	Speech,Violin_fiddle	Violin_fiddle,Speech	Speech	multimodal	True	True
LzgeBj-P29Q_30_40	1	3	Violin_fiddle,Clapping	Violin_fiddle	Violin_fiddle,Clapping	multimodal	True	True
LzgeBj-P29Q_30_40	3	7	Violin_fiddle,Cheering	Violin_fiddle	Violin_fiddle,Cheering	multimodal	True	True
LzgeBj-P29Q_30_40	7	10	Violin_fiddle	Violin_fiddle	Violin_fiddle	multimodal	True	True
M-EPKxTNfbQ_70_80	0	2	Chicken_rooster	Chicken_rooster	Chicken_rooster	multimodal	True	True
M-FcPJaD1cU_30_40	0	3	Chicken_rooster	Chicken_rooster	Chicken_rooster	multimodal	True	True
M-FcPJaD1cU_30_40	3	5	Speech,Chicken_rooster	Chicken_rooster	Chicken_rooster,Speech	multimodal	True	True
M-FcPJaD1cU_30_40	5	8	Chicken_rooster	Chicken_rooster	Chicken_rooster	multimodal	True	True
M-FcPJaD1cU_30_40	8	10	Speech,Chicken_rooster	Chicken_rooster	Chicken_rooster,Speech	multimodal	True	True
M0SxS0glJDU_180_190	0	3	Speech,Violin_fiddle,Accordion	Violin_fiddle	Violin_fiddle,Accordion,Speech	multimodal	True	True
M0SxS0glJDU_180_190	3	6	Speech,Violin_fiddle,Accordion	Accordion,Violin_fiddle	Violin_fiddle,Accordion,Speech	multimodal	True	True
M0SxS0glJDU_180_190	6	8	Speech,Violin_fiddle,Accordion	Accordion,Violin_fiddle	Speech	multimodal	True	True
M0SxS0glJDU_180_190	8	10	Speech		Speech	multimodal	False	True
M0viHJ8hTxE_70_80	1	6	Speech		Speech	multimodal	False	True
M0viHJ8hTxE_70_80	6	7	Basketball_bounce,Speech	Basketball_bounce	Basketball_bounce,Speech	multimodal	True	True
M0viHJ8hTxE_70_80	7	10	Speech		Speech	multimodal	False	True
M1467mz9VK0_30_40	0	1	Speech,Violin_fiddle	Speech,Violin_fiddle	Speech,Violin_fiddle	multimodal	True	True
M1467mz9VK0_30_40	1	6	Violin_fiddle	Violin_fiddle	Violin_fiddle	multimodal	True	True
M1467mz9VK0_30_40	6	7	Speech,Violin_fiddle	Violin_fiddle	Violin_fiddle,Speech	multimodal	True	True
M1467mz9VK0_30_40	7	9	Speech,Violin_fiddle		Violin_fiddle,Speech	multimodal	False	True
M1467mz9VK0_30_40	9	10	Violin_fiddle	Violin_fiddle	Violin_fiddle	multimodal	True	True
M1XqFQOvBMA_0_10	0	5	Chicken_rooster	Chicken_rooster	Chicken_rooster	multimodal	True	True
M1XqFQOvBMA_0_10	5	8	Speech,Chicken_rooster	Chicken_rooster	Speech	multimodal	True	True
M1XqFQOvBMA_0_10	8	9	Chicken_rooster	Chicken_rooster		multimodal	True	False
M1XqFQOvBMA_0_10	9	10	Speech,Chicken_rooster	Chicken_rooster	Speech	multimodal	True	True
M2UMpS30jRA_30_40	0	6	Baby_cry_infant_cry	Baby_cry_infant_cry	Baby_cry_infant_cry	multimodal	True	True
M2UMpS30jRA_30_40	6	9	Baby_cry_infant_cry,Speech	Baby_cry_infant_cry	Baby_cry_infant_cry,Speech	multimodal	True	True
M2UMpS30jRA_30_40	9	10	Baby_cry_infant_cry	Baby_cry_infant_cry	Baby_cry_infant_cry	multimodal	True	True
M5beD6jFbGY_120_130	0	4	Speech,Cello,Acoustic_guitar	Acoustic_guitar,Cello	Speech,Acoustic_guitar,Cello	multimodal	True	True
M5beD6jFbGY_120_130	4	10	Cello,Acoustic_guitar	Acoustic_guitar,Cello	Acoustic_guitar,Cello	multimodal	True	True
M6AZo0Z0xBo_30_40	0	10	Violin_fiddle,Cello	Cello,Violin_fiddle	Cello,Violin_fiddle	multimodal	True	True
M7jTWJYmgAc_30_40	0	6	Baby_cry_infant_cry	Baby_cry_infant_cry	Baby_cry_infant_cry	multimodal	True	True
M7jTWJYmgAc_30_40	6	9	Baby_cry_infant_cry,Speech	Baby_cry_infant_cry,Speech	Baby_cry_infant_cry,Speech	multimodal	True	True
M7jTWJYmgAc_30_40	9	10	Baby_cry_infant_cry	Baby_cry_infant_cry	Baby_cry_infant_cry	multimodal	True	True
M7mcD0npbjI_50_60	0	1	Basketball_bounce,Speech		Basketball_bounce,Speech	multimodal	False	True
M7mcD0npbjI_50_60	1	5	Basketball_bounce,Speech	Basketball_bounce	Basketball_bounce,Speech	multimodal	True	True
M7mcD0npbjI_50_60	8	10	Speech		Speech	multimodal	False	True
M8hUgx2y7qk_20_30	0	4	Vacuum_cleaner,Dog	Dog,Vacuum_cleaner	Vacuum_cleaner	multimodal	True	True
M8hUgx2y7qk_20_30	4	10	Vacuum_cleaner,Dog	Dog,Vacuum_cleaner	Vacuum_cleaner,Dog	multimodal	True	True
MCZem5teAUk_100_110	0	9	Lawn_mower	Lawn_mower		multimodal	True	False
MCZem5teAUk_100_110	9	10	Lawn_mower	Lawn_mower	Lawn_mower	multimodal	True	True
MChLOVodM5I_30_40	0	1	Speech,Dog	Dog	Speech,Dog	multimodal	True	True
MChLOVodM5I_30_40	1	2	Dog	Dog	Dog	multimodal	True	True
MChLOVodM5I_30_40	2	5	Speech,Dog	Dog	Speech,Dog	multimodal	True	True
MChLOVodM5I_30_40	5	10	Dog	Dog	Dog	multimodal	True	True
MELS2_bSaNU_80_90	0	8	Violin_fiddle	Violin_fiddle	Violin_fiddle	multimodal	True	True
MELS2_bSaNU_80_90	8	10	Violin_fiddle	Violin_fiddle		multimodal	True	False
MFJ198Kyb50_60_70	0	10	Speech,Accordion	Accordion	Accordion,Speech	multimodal	True	True
MFZa7e1Xkog_360_370	0	1	Frying_(food)	Frying_(food)	Frying_(food)	multimodal	True	True
MFZa7e1Xkog_360_370	1	2	Speech,Frying_(food)	Frying_(food)	Frying_(food),Speech	multimodal	True	True
MFZa7e1Xkog_360_370	2	3	Frying_(food)	Frying_(food)	Frying_(food)	multimodal	True	True
MFZa7e1Xkog_360_370	3	9	Speech,Frying_(food)	Frying_(food)	Frying_(food),Speech	multimodal	True	True
MFZa7e1Xkog_360_370	9	10	Frying_(food)	Frying_(food)	Frying_(food)	multimodal	True	True
MFaRhAq2JLw_10_20	0	1	Baby_cry_infant_cry	Baby_cry_infant_cry		multimodal	True	False
MFaRhAq2JLw_10_20	1	10	Baby_cry_infant_cry	Baby_cry_infant_cry	Baby_cry_infant_cry	multimodal	True	True
MIzRWcJCpHg_130_140	0	6	Singing	Singing	Singing	multimodal	True	True
MIzRWcJCpHg_130_140	6	7	Singing,Speech	Singing	Singing,Speech	multimodal	True	True
MIzRWcJCpHg_130_140	7	10	Singing	Singing	Singing	multimodal	True	True
MK0VVTjYX40_190_200	2	8	Dog	Dog	Dog	multimodal	True	True
MK0VVTjYX40_190_200	8	9	Speech,Dog	Dog	Dog,Speech	multimodal	True	True
MK0VVTjYX40_190_200	9	10	Dog	Dog		multimodal	True	False
MQWKt3_NVvM_70_80	0	1	Dog	Dog		multimodal	True	False
MQWKt3_NVvM_70_80	1	3	Speech,Dog	Dog	Speech	multimodal	True	True
MQWKt3_NVvM_70_80	3	6	Dog	Dog		multimodal	True	False
MQWKt3_NVvM_70_80	6	7	Dog	Dog	Dog	multimodal	True	True
MQWKt3_NVvM_70_80	7	9	Dog	Dog		multimodal	True	False
MQWKt3_NVvM_70_80	9	10	Dog	Dog	Dog	multimodal	True	True
MRHf3aoGygE_160_170	0	4	Lawn_mower	Lawn_mower	Lawn_mower	multimodal	True	True
MRHf3aoGygE_160_170	4	6	Lawn_mower		Lawn_mower	multimodal	False	True
MRHf3aoGygE_160_170	6	10	Lawn_mower	Lawn_mower	Lawn_mower	multimodal	True	True
MRaYiK3K0Rc_40_50	0	1	Speech,Frying_(food)	Frying_(food)	Speech	multimodal	True	True
MRaYiK3K0Rc_40_50	1	5	Frying_(food)	Frying_(food)		multimodal	True	False
MRaYiK3K0Rc_40_50	5	10	Speech,Frying_(food)	Frying_(food)	Speech	multimodal	True	True
MRe0mjPslrc_10_20	0	5	Violin_fiddle,Cello	Violin_fiddle,Cello	Violin_fiddle,Cello	multimodal	True	True
MRe0mjPslrc_10_20	5	10	Violin_fiddle,Cello	Violin_fiddle	Violin_fiddle,Cello	multimodal	True	True
MS8ycgmIHxQ_30_40	0	1	Chicken_rooster	Chicken_rooster		multimodal	True	False
MS8ycgmIHxQ_30_40	1	10	Chicken_rooster	Chicken_rooster	Chicken_rooster	multimodal	True	True
MT0Bxc0nkLc_120_130	0	1	Dog	Dog	Dog	multimodal	True	True
MT0Bxc0nkLc_120_130	1	5	Speech,Dog	Dog	Dog,Speech	multimodal	True	True
MT0Bxc0nkLc_120_130	5	10	Dog	Dog	Dog	multimodal	True	True
MTIfUXAtQcE_170_180	0	4	Speech,Helicopter	Helicopter	Helicopter,Speech	multimodal	True	True
MTIfUXAtQcE_170_180	4	6	Helicopter	Helicopter	Helicopter	multimodal	True	True
MTIfUXAtQcE_170_180	6	7	Helicopter		Helicopter	multimodal	False	True
MTIfUXAtQcE_170_180	7	8	Speech,Helicopter		Helicopter,Speech	multimodal	False	True
MTIfUXAtQcE_170_180	8	10	Helicopter	Helicopter	Helicopter	multimodal	True	True
MTOS1YA9cjI_30_40	0	1	Baby_cry_infant_cry	Baby_cry_infant_cry	Baby_cry_infant_cry	multimodal	True	True
MTOS1YA9cjI_30_40	1	2	Baby_cry_infant_cry,Speech,Dog	Baby_cry_infant_cry,Dog	Baby_cry_infant_cry,Speech	multimodal	True	True
MTOS1YA9cjI_30_40	2	3	Baby_cry_infant_cry,Dog	Baby_cry_infant_cry,Dog	Baby_cry_infant_cry	multimodal	True	True
MTOS1YA9cjI_30_40	3	4	Baby_cry_infant_cry,Dog	Baby_cry_infant_cry,Dog	Baby_cry_infant_cry,Dog	multimodal	True	True
MTOS1YA9cjI_30_40	4	5	Baby_cry_infant_cry,Dog	Baby_cry_infant_cry,Dog	Baby_cry_infant_cry	multimodal	True	True
MTOS1YA9cjI_30_40	5	6	Baby_cry_infant_cry,Dog	Baby_cry_infant_cry,Dog	Baby_cry_infant_cry,Dog	multimodal	True	True
MTOS1YA9cjI_30_40	6	7	Baby_cry_infant_cry	Baby_cry_infant_cry	Baby_cry_infant_cry	multimodal	True	True
MTOS1YA9cjI_30_40	7	8	Baby_cry_infant_cry,Dog	Baby_cry_infant_cry,Dog	Baby_cry_infant_cry	multimodal	True	True
MTOS1YA9cjI_30_40	8	10	Baby_cry_infant_cry,Dog	Baby_cry_infant_cry,Dog	Baby_cry_infant_cry,Dog	multimodal	True	True
MTkN3EBB1uY_70_80	0	1	Violin_fiddle,Banjo,Acoustic_guitar	Acoustic_guitar,Violin_fiddle	Acoustic_guitar,Violin_fiddle,Banjo	multimodal	True	True
MTkN3EBB1uY_70_80	1	3	Singing,Violin_fiddle,Banjo,Acoustic_guitar	Singing,Acoustic_guitar	Acoustic_guitar,Singing,Violin_fiddle,Banjo	multimodal	True	True
MTkN3EBB1uY_70_80	3	5	Singing,Violin_fiddle,Banjo,Acoustic_guitar	Singing,Acoustic_guitar,Banjo	Acoustic_guitar,Singing,Violin_fiddle,Banjo	multimodal	True	True
MTkN3EBB1uY_70_80	5	10	Singing,Violin_fiddle,Banjo,Acoustic_guitar	Singing,Acoustic_guitar	Acoustic_guitar,Singing,Violin_fiddle,Banjo	multimodal	True	True
MUmLS_Y_pmY_0_10	0	1	Speech,Dog	Dog	Speech	multimodal	True	True
MUmLS_Y_pmY_0_10	1	6	Dog	Dog		multimodal	True	False
MUmLS_Y_pmY_0_10	6	7	Speech,Dog	Dog	Speech	multimodal	True	True
MUmLS_Y_pmY_0_10	7	9	Dog	Dog	Dog	multimodal	True	True
MUmLS_Y_pmY_0_10	9	10	Dog	Dog		multimodal	True	False
MUv54DuYKBs_20_30	0	1	Helicopter	Helicopter	Helicopter	multimodal	True	True
MWNEee5N6SM_9_19	0	2	Speech,Cat	Cat	Speech	multimodal	True	True
MWNEee5N6SM_9_19	2	3	Cat	Cat		multimodal	True	False
MWNEee5N6SM_9_19	3	10	Speech,Cat	Cat	Speech	multimodal	True	True
MY2PFDV_S2s_140_150	0	1	Speech,Acoustic_guitar	Acoustic_guitar,Speech	Speech	multimodal	True	True
MY2PFDV_S2s_140_150	1	4	Speech,Acoustic_guitar	Acoustic_guitar,Speech	Speech,Acoustic_guitar	multimodal	True	True
MY2PFDV_S2s_140_150	4	5	Acoustic_guitar	Acoustic_guitar	Acoustic_guitar	multimodal	True	True
MY2PFDV_S2s_140_150	5	6	Acoustic_guitar	Acoustic_guitar		multimodal	True	False
MY2PFDV_S2s_140_150	6	9	Singing,Acoustic_guitar	Acoustic_guitar,Singing	Singing,Acoustic_guitar	multimodal	True	True
MY2PFDV_S2s_140_150	9	10	Acoustic_guitar	Acoustic_guitar	Acoustic_guitar	multimodal	True	True
MYhKZftZBOs_570_580	0	2	Violin_fiddle,Cello	Cello,Violin_fiddle		multimodal	True	False
MYhKZftZBOs_570_580	2	7	Violin_fiddle,Cello	Cello,Violin_fiddle	Cello,Violin_fiddle	multimodal	True	True
MYhKZftZBOs_570_580	7	8	Violin_fiddle,Cello	Cello,Violin_fiddle		multimodal	True	False
MYhKZftZBOs_570_580	8	10	Violin_fiddle,Cello	Cello,Violin_fiddle	Cello,Violin_fiddle	multimodal	True	True
MZVInVyY90o_20_30	0	9	Lawn_mower	Lawn_mower	Lawn_mower	multimodal	True	True
MZVInVyY90o_20_30	9	10	Lawn_mower	Lawn_mower		multimodal	True	False
M_9pQR8IFRs_10_20	0	1	Speech,Cat	Cat	Cat,Speech	multimodal	True	True
M_9pQR8IFRs_10_20	1	2	Speech,Cat	Cat	Speech	multimodal	True	True
M_9pQR8IFRs_10_20	2	6	Cat	Cat	Cat	multimodal	True	True
M_9pQR8IFRs_10_20	6	8	Speech,Cat	Cat	Cat,Speech	multimodal	True	True
M_9pQR8IFRs_10_20	8	9	Cat	Cat	Cat	multimodal	True	True
M_9pQR8IFRs_10_20	9	10	Speech,Cat	Cat	Cat,Speech	multimodal	True	True
M_Bk6sPg7O4_10_20	0	1	Dog	Dog		multimodal	True	False
M_Bk6sPg7O4_10_20	1	2	Speech,Dog	Dog	Speech	multimodal	True	True
M_Bk6sPg7O4_10_20	2	8	Dog	Dog		multimodal	True	False
M_Bk6sPg7O4_10_20	8	9	Speech,Dog	Dog	Speech	multimodal	True	True
M_Bk6sPg7O4_10_20	9	10	Speech,Dog	Dog	Speech,Dog	multimodal	True	True
Ma5OotVwCh0_100_110	0	10	Helicopter	Helicopter	Helicopter	multimodal	True	True
MawlYZVYOMo_30_40	0	3	Speech,Violin_fiddle	Violin_fiddle,Speech		multimodal	True	False
MawlYZVYOMo_30_40	3	10	Violin_fiddle	Violin_fiddle	Violin_fiddle	multimodal	True	True
Mc79pRPTjXw_10_20	0	1	Dog	Dog		multimodal	True	False
Mc79pRPTjXw_10_20	1	2	Speech,Dog	Dog	Dog,Speech	multimodal	True	True
Mc79pRPTjXw_10_20	2	3	Dog	Dog		multimodal	True	False
Mc79pRPTjXw_10_20	3	4	Speech,Dog	Dog	Speech	multimodal	True	True
Mc79pRPTjXw_10_20	4	10	Dog	Dog		multimodal	True	False
McK4y6_znE4_240_250	0	2	Motorcycle		Motorcycle	multimodal	False	True
McK4y6_znE4_240_250	2	3	Motorcycle	Motorcycle	Motorcycle	multimodal	True	True
McK4y6_znE4_240_250	3	10	Speech,Motorcycle	Motorcycle	Motorcycle,Speech	multimodal	True	True
McVcuryKUp4_160_170	0	2	Motorcycle	Motorcycle	Motorcycle	multimodal	True	True
McVcuryKUp4_160_170	3	6	Speech		Speech	multimodal	False	True
McVcuryKUp4_160_170	6	8	Speech	Speech	Speech	multimodal	True	True
McfGMq5A5G8_30_40	0	2	Singing,Violin_fiddle,Banjo,Acoustic_guitar	Acoustic_guitar,Singing,Banjo,Violin_fiddle	Singing,Banjo	multimodal	True	True
McfGMq5A5G8_30_40	2	3	Singing,Violin_fiddle,Banjo,Acoustic_guitar	Acoustic_guitar,Singing,Banjo,Violin_fiddle	Singing,Banjo,Violin_fiddle	multimodal	True	True
McfGMq5A5G8_30_40	3	6	Singing,Violin_fiddle,Banjo,Acoustic_guitar	Acoustic_guitar,Singing,Banjo	Singing,Banjo,Violin_fiddle	multimodal	True	True
McfGMq5A5G8_30_40	6	10	Singing,Violin_fiddle,Banjo,Acoustic_guitar	Acoustic_guitar,Singing,Banjo	Singing,Banjo,Violin_fiddle	multimodal	True	True
MdI_Wq_eoRU_220_230	0	10	Helicopter	Helicopter	Helicopter	multimodal	True	True
MdmawJ_wleI_30_40	0	6	Cat	Cat		multimodal	True	False
MdmawJ_wleI_30_40	6	8	Speech,Cat	Cat	Speech	multimodal	True	True
MdmawJ_wleI_30_40	8	10	Speech,Cat	Cat	Cat,Speech	multimodal	True	True
MeqqDSM5cPs_190_200	0	10	Helicopter	Helicopter	Helicopter	multimodal	True	True
MfWiB4-reII_30_40	0	10	Violin_fiddle,Cello	Violin_fiddle,Cello	Violin_fiddle,Cello	multimodal	True	True
Mgbg7X2pByE_270_280	0	3	Speech,Frying_(food)	Frying_(food)	Frying_(food),Speech	multimodal	True	True
Mgbg7X2pByE_270_280	3	4	Frying_(food)	Frying_(food)	Frying_(food)	multimodal	True	True
Mgbg7X2pByE_270_280	4	10	Speech,Frying_(food)	Frying_(food)	Frying_(food),Speech	multimodal	True	True
MgyoRSEhx-U_70_80	0	10	Motorcycle	Motorcycle	Motorcycle	multimodal	True	True
MjGmx90Za_M_10_20	0	1	Basketball_bounce,Speech,Accordion	Basketball_bounce	Accordion,Basketball_bounce,Speech	multimodal	True	True
MjGmx90Za_M_10_20	1	2	Accordion		Accordion	multimodal	False	True
MjGmx90Za_M_10_20	2	4	Basketball_bounce,Speech,Accordion	Basketball_bounce	Accordion,Basketball_bounce,Speech	multimodal	True	True
MjGmx90Za_M_10_20	4	5	Basketball_bounce,Speech,Accordion,Clapping	Basketball_bounce	Accordion,Basketball_bounce,Clapping,Speech	multimodal	True	True
MjGmx90Za_M_10_20	5	6	Accordion,Clapping		Accordion,Clapping	multimodal	False	True
MjGmx90Za_M_10_20	6	8	Accordion		Accordion	multimodal	False	True
MjGmx90Za_M_10_20	8	10	Basketball_bounce,Accordion	Basketball_bounce	Accordion,Basketball_bounce	multimodal	True	True
MlCY7E5IYbo_20_30	0	1	Speech,Acoustic_guitar	Acoustic_guitar	Speech	multimodal	True	True
MlCY7E5IYbo_20_30	1	10	Acoustic_guitar	Acoustic_guitar	Acoustic_guitar	multimodal	True	True
MlnBzUzGhlA_10_20	0	8	Lawn_mower	Lawn_mower		multimodal	True	False
MlnBzUzGhlA_10_20	8	10	Lawn_mower	Lawn_mower	Lawn_mower	multimodal	True	True
MmBKiw43TZg_30_40	0	8	Dog	Dog	Dog	multimodal	True	True
MmBKiw43TZg_30_40	8	9	Speech,Dog	Dog	Speech	multimodal	True	True
MmBKiw43TZg_30_40	9	10	Dog	Dog		multimodal	True	False
MnwwrlH3LOQ_90_100	0	1	Speech,Acoustic_guitar	Acoustic_guitar	Acoustic_guitar,Speech	multimodal	True	True
MnwwrlH3LOQ_90_100	1	3	Singing,Speech,Acoustic_guitar	Acoustic_guitar,Singing	Singing,Speech	multimodal	True	True
MnwwrlH3LOQ_90_100	3	4	Singing,Speech,Acoustic_guitar	Acoustic_guitar,Singing	Singing,Acoustic_guitar,Speech	multimodal	True	True
MnwwrlH3LOQ_90_100	4	7	Speech,Acoustic_guitar	Acoustic_guitar	Acoustic_guitar,Speech	multimodal	True	True
MnwwrlH3LOQ_90_100	7	9	Singing,Speech,Acoustic_guitar	Acoustic_guitar,Singing	Singing,Acoustic_guitar,Speech	multimodal	True	True
MnwwrlH3LOQ_90_100	9	10	Speech,Acoustic_guitar	Acoustic_guitar	Acoustic_guitar,Speech	multimodal	True	True
Mo-Z_28McaI_90_100	0	2	Baby_laughter	Baby_laughter	Baby_laughter	multimodal	True	True
Mo-Z_28McaI_90_100	3	9	Baby_laughter	Baby_laughter	Baby_laughter	multimodal	True	True
MoZc4IsdhiU_20_30	0	10	Helicopter	Helicopter	Helicopter	multimodal	True	True
MouGuIgIaXQ_120_130	0	3	Singing,Accordion	Accordion	Accordion,Singing	multimodal	True	True
MouGuIgIaXQ_120_130	3	10	Singing,Accordion		Accordion,Singing	multimodal	False	True
MpWZU83HzL8_30_40	0	5	Speech,Car,Helicopter	Helicopter,Car	Helicopter,Car,Speech	multimodal	True	True
MpWZU83HzL8_30_40	5	10	Car,Helicopter	Helicopter,Car	Helicopter,Car	multimodal	True	True
MqMKjrKRXmI_30_40	0	10	Baby_cry_infant_cry	Baby_cry_infant_cry	Baby_cry_infant_cry	multimodal	True	True
MrIfjRInMLU_0_10	0	10	Baby_laughter	Baby_laughter	Baby_laughter	multimodal	True	True
MsXnQIFU1Ek_30_40	0	10	Violin_fiddle,Cello	Violin_fiddle,Cello	Violin_fiddle,Cello	multimodal	True	True
Msme_HbKIik_30_40	0	10	Accordion	Accordion	Accordion	multimodal	True	True
Mte4VJKUkWQ_240_250	0	2	Singing,Cello	Cello,Singing	Cello,Singing	multimodal	True	True
Mte4VJKUkWQ_240_250	2	5	Cello	Cello	Cello	multimodal	True	True
Mte4VJKUkWQ_240_250	5	10	Singing,Cello	Cello,Singing	Cello,Singing	multimodal	True	True
Muh79_vUNTc_110_120	0	2	Violin_fiddle	Violin_fiddle		multimodal	True	False
Muh79_vUNTc_110_120	2	10	Violin_fiddle,Cello	Violin_fiddle	Violin_fiddle,Cello	multimodal	True	True
MvlIx9Dlf7U_180_190	0	5	Speech,Blender	Blender	Blender,Speech	multimodal	True	True
MvlIx9Dlf7U_180_190	5	10	Blender	Blender	Blender	multimodal	True	True
MvxuOggmXh0_0_10	0	1	Accordion	Accordion		multimodal	True	False
MvxuOggmXh0_0_10	1	2	Speech,Accordion	Accordion	Speech	multimodal	True	True
MvxuOggmXh0_0_10	2	3	Accordion	Accordion		multimodal	True	False
MvxuOggmXh0_0_10	3	4	Speech,Accordion	Accordion	Speech	multimodal	True	True
MvxuOggmXh0_0_10	4	5	Accordion	Accordion		multimodal	True	False
MvxuOggmXh0_0_10	5	6	Speech,Accordion	Accordion	Speech	multimodal	True	True
MvxuOggmXh0_0_10	6	7	Accordion	Accordion		multimodal	True	False
MvxuOggmXh0_0_10	7	10	Accordion	Accordion	Accordion	multimodal	True	True
MwoLwkYOtqM_240_250	0	10	Vacuum_cleaner	Vacuum_cleaner	Vacuum_cleaner	multimodal	True	True
MyaBGqF5RgQ_10_20	0	2	Vacuum_cleaner	Vacuum_cleaner	Vacuum_cleaner	multimodal	True	True
MyaBGqF5RgQ_10_20	2	3	Vacuum_cleaner		Vacuum_cleaner	multimodal	False	True
MyaBGqF5RgQ_10_20	3	10	Vacuum_cleaner	Vacuum_cleaner	Vacuum_cleaner	multimodal	True	True
Myu_pzGwbB4_90_100	0	2	Singing		Singing	multimodal	False	True
Myu_pzGwbB4_90_100	2	5	Singing	Singing	Singing	multimodal	True	True
Myu_pzGwbB4_90_100	7	9	Singing		Singing	multimodal	False	True
Myu_pzGwbB4_90_100	9	10	Singing	Singing	Singing	multimodal	True	True
Mzp5uTDaKog_120_130	0	6	Frying_(food)	Frying_(food)	Frying_(food)	multimodal	True	True
Mzp5uTDaKog_120_130	6	7	Speech,Frying_(food)	Frying_(food)	Frying_(food),Speech	multimodal	True	True
Mzp5uTDaKog_120_130	7	8	Frying_(food)	Frying_(food)	Frying_(food)	multimodal	True	True
Mzp5uTDaKog_120_130	8	10	Speech,Frying_(food)	Frying_(food)	Frying_(food),Speech	multimodal	True	True
N1cTKfsnr0c_30_40	0	1	Baby_cry_infant_cry	Baby_cry_infant_cry	Baby_cry_infant_cry	multimodal	True	True
N1cTKfsnr0c_30_40	1	3	Baby_cry_infant_cry,Speech	Baby_cry_infant_cry	Baby_cry_infant_cry,Speech	multimodal	True	True
N1cTKfsnr0c_30_40	3	4	Baby_cry_infant_cry,Speech	Baby_cry_infant_cry	Speech	multimodal	True	True
N1cTKfsnr0c_30_40	4	9	Baby_cry_infant_cry,Speech	Baby_cry_infant_cry	Baby_cry_infant_cry,Speech	multimodal	True	True
N1cTKfsnr0c_30_40	9	10	Baby_cry_infant_cry,Speech	Baby_cry_infant_cry	Speech	multimodal	True	True
N2PNOeYJB0c_30_40	0	4	Speech,Violin_fiddle	Violin_fiddle	Speech	multimodal	True	True
N2PNOeYJB0c_30_40	4	5	Violin_fiddle	Violin_fiddle	Violin_fiddle	multimodal	True	True
N2PNOeYJB0c_30_40	5	8	Speech,Violin_fiddle	Violin_fiddle	Speech,Violin_fiddle	multimodal	True	True
N2PNOeYJB0c_30_40	8	9	Violin_fiddle	Violin_fiddle	Violin_fiddle	multimodal	True	True
N2PNOeYJB0c_30_40	9	10	Speech,Violin_fiddle	Violin_fiddle	Speech,Violin_fiddle	multimodal	True	True
N30pd7uKMiM_480_490	0	1	Acoustic_guitar	Acoustic_guitar		multimodal	True	False
N30pd7uKMiM_480_490	1	4	Speech,Acoustic_guitar	Acoustic_guitar	Speech	multimodal	True	True
N30pd7uKMiM_480_490	4	5	Acoustic_guitar	Acoustic_guitar		multimodal	True	False
N30pd7uKMiM_480_490	5	7	Speech,Acoustic_guitar	Acoustic_guitar	Speech	multimodal	True	True
N30pd7uKMiM_480_490	7	9	Acoustic_guitar	Acoustic_guitar	Acoustic_guitar	multimodal	True	True
N30pd7uKMiM_480_490	9	10	Speech,Acoustic_guitar	Acoustic_guitar	Speech	multimodal	True	True
N4-YgaGOAYQ_30_40	0	4	Violin_fiddle	Violin_fiddle	Violin_fiddle	multimodal	True	True
N4-YgaGOAYQ_30_40	4	5	Speech,Violin_fiddle	Violin_fiddle	Speech	multimodal	True	True
N4-YgaGOAYQ_30_40	5	10	Violin_fiddle	Violin_fiddle	Violin_fiddle	multimodal	True	True
N4sW3gpEzfU_70_80	0	10	Chainsaw	Chainsaw	Chainsaw	multimodal	True	True
N6JTpk6UdgQ_30_40	0	1	Speech,Violin_fiddle	Violin_fiddle,Speech	Violin_fiddle,Speech	multimodal	True	True
N6JTpk6UdgQ_30_40	1	3	Violin_fiddle	Violin_fiddle	Violin_fiddle	multimodal	True	True
N6JTpk6UdgQ_30_40	3	7	Speech,Violin_fiddle	Violin_fiddle,Speech	Violin_fiddle,Speech	multimodal	True	True
N6JTpk6UdgQ_30_40	7	8	Violin_fiddle	Violin_fiddle	Violin_fiddle	multimodal	True	True
N6JTpk6UdgQ_30_40	8	10	Speech,Violin_fiddle	Violin_fiddle,Speech	Violin_fiddle,Speech	multimodal	True	True
N70uvJf6Fs4_30_40	0	3	Speech,Violin_fiddle		Violin_fiddle,Speech	multimodal	False	True
N70uvJf6Fs4_30_40	3	8	Speech,Violin_fiddle	Violin_fiddle	Violin_fiddle,Speech	multimodal	True	True
N70uvJf6Fs4_30_40	8	9	Speech,Violin_fiddle		Violin_fiddle,Speech	multimodal	False	True
N70uvJf6Fs4_30_40	9	10	Speech,Violin_fiddle	Violin_fiddle	Violin_fiddle,Speech	multimodal	True	True
N7FraoLwBiw_30_40	0	1	Speech,Cat	Cat	Speech,Cat	multimodal	True	True
N7FraoLwBiw_30_40	1	2	Speech,Cat	Cat	Speech	multimodal	True	True
N7FraoLwBiw_30_40	2	5	Speech,Cat	Cat	Speech,Cat	multimodal	True	True
N7FraoLwBiw_30_40	5	8	Cat	Cat	Cat	multimodal	True	True
N7FraoLwBiw_30_40	8	9	Cat	Cat		multimodal	True	False
N7FraoLwBiw_30_40	9	10	Speech,Cat	Cat	Speech,Cat	multimodal	True	True
N8o5qLz5974_10_20	0	2	Dog	Dog	Dog	multimodal	True	True
N8o5qLz5974_10_20	2	10	Speech,Dog	Dog	Speech,Dog	multimodal	True	True
NAkYzdSLN44_30_40	0	1	Basketball_bounce,Speech	Basketball_bounce	Basketball_bounce,Speech	multimodal	True	True
NAkYzdSLN44_30_40	1	2	Speech		Speech	multimodal	False	True
NAkYzdSLN44_30_40	2	3	Speech,Cheering		Speech,Cheering	multimodal	False	True
NAkYzdSLN44_30_40	3	4	Speech,Cheering,Clapping		Speech,Clapping,Cheering	multimodal	False	True
NAkYzdSLN44_30_40	4	8	Speech,Clapping		Speech,Clapping	multimodal	False	True
NAkYzdSLN44_30_40	8	10	Speech		Speech	multimodal	False	True
NBFMvfX_yWA_180_190	0	6	Speech,Violin_fiddle	Violin_fiddle,Speech	Speech	multimodal	True	True
NBFMvfX_yWA_180_190	6	9	Speech,Violin_fiddle	Violin_fiddle,Speech	Speech,Violin_fiddle	multimodal	True	True
NBFMvfX_yWA_180_190	9	10	Speech,Violin_fiddle	Violin_fiddle,Speech	Speech	multimodal	True	True
NDcJ3G22W0w_60_70	0	1	Basketball_bounce,Speech		Speech,Basketball_bounce	multimodal	False	True
NDcJ3G22W0w_60_70	1	2	Basketball_bounce,Speech	Basketball_bounce	Speech,Basketball_bounce	multimodal	True	True
NDcJ3G22W0w_60_70	2	6	Basketball_bounce,Speech		Speech,Basketball_bounce	multimodal	False	True
NDcJ3G22W0w_60_70	6	7	Basketball_bounce		Basketball_bounce	multimodal	False	True
NDcJ3G22W0w_60_70	7	9	Basketball_bounce	Basketball_bounce	Basketball_bounce	multimodal	True	True
NDcJ3G22W0w_60_70	9	10	Basketball_bounce		Basketball_bounce	multimodal	False	True
NDlK1ogSENw_16_26	0	2	Baby_cry_infant_cry,Speech	Baby_cry_infant_cry	Baby_cry_infant_cry,Speech	multimodal	True	True
NDlK1ogSENw_16_26	2	3	Baby_cry_infant_cry	Baby_cry_infant_cry	Baby_cry_infant_cry	multimodal	True	True
NDlK1ogSENw_16_26	3	7	Baby_cry_infant_cry,Speech	Baby_cry_infant_cry	Baby_cry_infant_cry,Speech	multimodal	True	True
NDlK1ogSENw_16_26	7	10	Baby_cry_infant_cry	Baby_cry_infant_cry	Baby_cry_infant_cry	multimodal	True	True
NFZ0U84FQ24_30_40	0	3	Lawn_mower	Lawn_mower	Lawn_mower	multimodal	True	True
NFZ0U84FQ24_30_40	3	5	Speech,Lawn_mower	Lawn_mower	Lawn_mower,Speech	multimodal	True	True
NFZ0U84FQ24_30_40	5	8	Lawn_mower	Lawn_mower	Lawn_mower	multimodal	True	True
NFZ0U84FQ24_30_40	8	10	Lawn_mower	Lawn_mower		multimodal	True	False
NHPWU9bKcc4_210_220	0	3	Violin_fiddle,Cello	Cello,Violin_fiddle	Cello,Violin_fiddle	multimodal	True	True
NHPWU9bKcc4_210_220	3	7	Violin_fiddle,Cello	Cello,Violin_fiddle	Cello	multimodal	True	True
NHPWU9bKcc4_210_220	7	10	Violin_fiddle,Cello	Cello,Violin_fiddle	Cello,Violin_fiddle	multimodal	True	True
NHs8LJTwrRU_13_23	0	6	Baby_cry_infant_cry	Baby_cry_infant_cry	Baby_cry_infant_cry	multimodal	True	True
NHs8LJTwrRU_13_23	6	8	Baby_cry_infant_cry,Speech	Baby_cry_infant_cry	Baby_cry_infant_cry,Speech	multimodal	True	True
NHs8LJTwrRU_13_23	8	10	Baby_cry_infant_cry	Baby_cry_infant_cry	Baby_cry_infant_cry	multimodal	True	True
NIlaWJiRnOQ_19_29	0	2	Speech,Frying_(food)	Frying_(food)	Frying_(food),Speech	multimodal	True	True
NIlaWJiRnOQ_19_29	2	3	Speech,Frying_(food)	Frying_(food),Speech	Frying_(food),Speech	multimodal	True	True
NIlaWJiRnOQ_19_29	3	10	Speech,Frying_(food)	Speech	Frying_(food),Speech	multimodal	True	True
NJQPNMG7dGw_30_40	0	10	Helicopter	Helicopter	Helicopter	multimodal	True	True
NM6U_DyP_0o_30_40	0	10	Speech,Frying_(food)	Frying_(food)	Frying_(food),Speech	multimodal	True	True
NMlfyPv2AqM_15_25	0	6	Baby_cry_infant_cry	Baby_cry_infant_cry	Baby_cry_infant_cry	multimodal	True	True
NMo2M0rO8Ag_30_40	0	10	Helicopter	Helicopter	Helicopter	multimodal	True	True
NQ5G3EpBpIY_30_40	0	2	Dog	Dog	Dog	multimodal	True	True
NQ5G3EpBpIY_30_40	2	3	Speech,Dog	Dog,Speech	Dog	multimodal	True	True
NQ5G3EpBpIY_30_40	3	4	Speech,Dog	Dog,Speech		multimodal	True	False
NQ5G3EpBpIY_30_40	4	6	Dog	Dog		multimodal	True	False
NQ5G3EpBpIY_30_40	6	8	Speech,Dog	Dog,Speech	Speech	multimodal	True	True
NQ5G3EpBpIY_30_40	8	9	Dog	Dog		multimodal	True	False
NQ5G3EpBpIY_30_40	9	10	Speech,Dog	Dog	Speech	multimodal	True	True
NQioJxQTs9I_60_70	0	2	Speech,Dog	Dog	Speech	multimodal	True	True
NQioJxQTs9I_60_70	2	3	Dog	Dog		multimodal	True	False
NQioJxQTs9I_60_70	3	5	Speech,Dog	Dog	Speech	multimodal	True	True
NQioJxQTs9I_60_70	5	6	Dog	Dog		multimodal	True	False
NQioJxQTs9I_60_70	6	7	Dog	Dog	Dog	multimodal	True	True
NQioJxQTs9I_60_70	7	10	Dog	Dog		multimodal	True	False
NS3brbiBM-4_30_40	0	6	Cheering,Clapping	Cheering,Clapping	Cheering,Clapping	multimodal	True	True
NS3brbiBM-4_30_40	6	10	Speech,Cheering,Car,Clapping	Cheering,Clapping,Car	Cheering,Clapping,Speech	multimodal	True	True
NT3BpX75ylU_30_40	0	8	Violin_fiddle	Violin_fiddle	Violin_fiddle	multimodal	True	True
NT3BpX75ylU_30_40	8	10	Speech,Violin_fiddle	Violin_fiddle	Violin_fiddle,Speech	multimodal	True	True
NTFPgBw8PlU_18_28	0	6	Baby_cry_infant_cry	Baby_cry_infant_cry	Baby_cry_infant_cry	multimodal	True	True
NZVSQRzo48o_30_40	0	1	Violin_fiddle	Violin_fiddle	Violin_fiddle	multimodal	True	True
NZVSQRzo48o_30_40	1	10	Speech	Speech	Speech	multimodal	True	True
NZqRiNeuko8_20_30	0	1	Speech,Cat	Cat	Speech	multimodal	True	True
NZqRiNeuko8_20_30	1	2	Cat	Cat		multimodal	True	False
NZqRiNeuko8_20_30	2	3	Speech,Cat	Cat	Speech	multimodal	True	True
NZqRiNeuko8_20_30	3	10	Cat	Cat		multimodal	True	False
N_x3pPx8TWk_470_480	0	5	Singing,Cheering	Singing	Singing,Cheering	multimodal	True	True
N_x3pPx8TWk_470_480	5	7	Singing	Singing	Singing	multimodal	True	True
N_x3pPx8TWk_470_480	7	8	Singing,Speech	Singing	Singing,Speech	multimodal	True	True
N_x3pPx8TWk_470_480	8	10	Singing,Speech,Cheering	Singing	Singing,Speech,Cheering	multimodal	True	True
NaSGRWCzZYM_0_10	0	7	Motorcycle	Motorcycle	Motorcycle	multimodal	True	True
NaSGRWCzZYM_0_10	7	8	Motorcycle		Motorcycle	multimodal	False	True
NaSGRWCzZYM_0_10	8	10	Motorcycle	Motorcycle	Motorcycle	multimodal	True	True
NageMZSe7OE_30_40	0	2	Violin_fiddle,Cello	Violin_fiddle,Cello	Violin_fiddle,Cello	multimodal	True	True
NageMZSe7OE_30_40	2	3	Violin_fiddle,Cello	Violin_fiddle	Violin_fiddle,Cello	multimodal	True	True
NageMZSe7OE_30_40	3	5	Violin_fiddle,Cello	Violin_fiddle,Cello	Violin_fiddle,Cello	multimodal	True	True
NageMZSe7OE_30_40	5	7	Violin_fiddle,Cello		Violin_fiddle,Cello	multimodal	False	True
NageMZSe7OE_30_40	7	8	Violin_fiddle,Cello	Violin_fiddle,Cello	Violin_fiddle,Cello	multimodal	True	True
NageMZSe7OE_30_40	8	10	Violin_fiddle,Cello		Violin_fiddle,Cello	multimodal	False	True
NbXrdnw7tjM_180_190	0	10	Accordion	Accordion	Accordion	multimodal	True	True
NdSOBMWdj3g_120_130	0	2	Blender	Blender		multimodal	True	False
NdSOBMWdj3g_120_130	2	10	Blender	Blender	Blender	multimodal	True	True
Nfg19Upom8A_0_10	0	10	Lawn_mower	Lawn_mower	Lawn_mower	multimodal	True	True
Ng0IR-V8t9k_7_17	0	1	Speech,Dog	Dog	Speech	multimodal	True	True
Ng0IR-V8t9k_7_17	1	2	Dog	Dog	Dog	multimodal	True	True
Ng0IR-V8t9k_7_17	2	3	Dog	Dog		multimodal	True	False
Ng0IR-V8t9k_7_17	3	4	Dog	Dog	Dog	multimodal	True	True
Ng0IR-V8t9k_7_17	4	5	Dog	Dog		multimodal	True	False
Ng0IR-V8t9k_7_17	5	6	Speech,Dog	Dog	Speech	multimodal	True	True
Ng0IR-V8t9k_7_17	6	7	Dog	Dog	Dog	multimodal	True	True
Ng0IR-V8t9k_7_17	7	10	Dog	Dog		multimodal	True	False
Nh-0sVtY4p8_18_28	0	8	Speech,Cat	Cat	Speech	multimodal	True	True
Nh-0sVtY4p8_18_28	8	9	Speech,Cat	Cat	Speech,Cat	multimodal	True	True
Nh-0sVtY4p8_18_28	9	10	Speech,Cat	Cat	Speech	multimodal	True	True
Nh3YTYgtEJs_180_190	0	6	Speech,Acoustic_guitar	Acoustic_guitar,Speech	Speech,Acoustic_guitar	multimodal	True	True
Nh3YTYgtEJs_180_190	6	7	Acoustic_guitar	Acoustic_guitar	Acoustic_guitar	multimodal	True	True
Nh3YTYgtEJs_180_190	7	10	Speech,Acoustic_guitar	Acoustic_guitar,Speech	Speech,Acoustic_guitar	multimodal	True	True
NhFBf-RKxnE_10_20	0	2	Speech,Motorcycle	Motorcycle	Speech	multimodal	True	True
NhFBf-RKxnE_10_20	2	3	Motorcycle	Motorcycle		multimodal	True	False
NhFBf-RKxnE_10_20	3	10	Motorcycle	Motorcycle	Motorcycle	multimodal	True	True
NiBG3iiTIl4_40_50	0	1	Dog	Dog		multimodal	True	False
NiBG3iiTIl4_40_50	1	5	Dog	Dog	Dog	multimodal	True	True
NiBG3iiTIl4_40_50	5	6	Dog	Dog		multimodal	True	False
NiBG3iiTIl4_40_50	6	8	Dog	Dog	Dog	multimodal	True	True
NiBG3iiTIl4_40_50	8	10	Speech,Dog	Dog	Speech	multimodal	True	True
NjIY8G7o-cI_120_130	0	5	Speech,Helicopter	Helicopter	Helicopter,Speech	multimodal	True	True
NjIY8G7o-cI_120_130	5	6	Helicopter	Helicopter	Helicopter	multimodal	True	True
NjIY8G7o-cI_120_130	6	10	Speech,Helicopter	Helicopter	Helicopter,Speech	multimodal	True	True
NjTazKop84Y_30_40	0	7	Speech,Violin_fiddle	Violin_fiddle,Speech	Speech	multimodal	True	True
NjTazKop84Y_30_40	7	8	Violin_fiddle	Violin_fiddle	Violin_fiddle	multimodal	True	True
NjTazKop84Y_30_40	8	9	Speech,Violin_fiddle	Violin_fiddle	Violin_fiddle,Speech	multimodal	True	True
NjTazKop84Y_30_40	9	10	Violin_fiddle	Violin_fiddle	Violin_fiddle	multimodal	True	True
Njs1QZwQ5jM_21_31	0	2	Baby_cry_infant_cry,Dog	Baby_cry_infant_cry,Dog	Baby_cry_infant_cry	multimodal	True	True
Njs1QZwQ5jM_21_31	2	3	Baby_cry_infant_cry,Dog	Baby_cry_infant_cry,Dog	Baby_cry_infant_cry,Dog	multimodal	True	True
Njs1QZwQ5jM_21_31	3	5	Baby_cry_infant_cry,Dog	Baby_cry_infant_cry	Baby_cry_infant_cry,Dog	multimodal	True	True
Njs1QZwQ5jM_21_31	5	10	Baby_cry_infant_cry	Baby_cry_infant_cry	Baby_cry_infant_cry	multimodal	True	True
NkHc5KOqJRg_20_30	0	7	Speech,Frying_(food)	Frying_(food)	Frying_(food),Speech	multimodal	True	True
NkHc5KOqJRg_20_30	7	10	Frying_(food)	Frying_(food)	Frying_(food)	multimodal	True	True
NkIhwefp87o_50_60	0	1	Vacuum_cleaner,Speech	Vacuum_cleaner	Vacuum_cleaner,Speech	multimodal	True	True
NkIhwefp87o_50_60	1	3	Vacuum_cleaner	Vacuum_cleaner	Vacuum_cleaner	multimodal	True	True
NkIhwefp87o_50_60	3	6	Vacuum_cleaner,Speech	Vacuum_cleaner	Vacuum_cleaner,Speech	multimodal	True	True
NkIhwefp87o_50_60	6	10	Vacuum_cleaner	Vacuum_cleaner	Vacuum_cleaner	multimodal	True	True
NkXfDQE9P70_50_60	0	1	Speech,Dog	Dog	Speech	multimodal	True	True
NkXfDQE9P70_50_60	1	3	Dog	Dog		multimodal	True	False
NkXfDQE9P70_50_60	3	5	Speech,Dog	Dog	Speech	multimodal	True	True
NkXfDQE9P70_50_60	5	6	Dog	Dog		multimodal	True	False
NkXfDQE9P70_50_60	6	7	Speech,Dog	Dog	Speech	multimodal	True	True
NkXfDQE9P70_50_60	7	8	Dog	Dog		multimodal	True	False
NkXfDQE9P70_50_60	8	9	Speech,Dog	Dog	Speech	multimodal	True	True
NkXfDQE9P70_50_60	9	10	Dog	Dog		multimodal	True	False
Nkv47Gmn66Q_40_50	0	9	Speech,Cat	Cat	Speech	multimodal	True	True
Nkv47Gmn66Q_40_50	9	10	Cat	Cat		multimodal	True	False
NmSWk0ZMobQ_40_50	0	3	Baby_laughter	Baby_laughter	Baby_laughter	multimodal	True	True
NmSWk0ZMobQ_40_50	3	4	Singing		Singing	multimodal	False	True
NmSWk0ZMobQ_40_50	4	6	Singing,Speech		Speech,Singing	multimodal	False	True
NmSWk0ZMobQ_40_50	6	8	Singing		Singing	multimodal	False	True
NmSWk0ZMobQ_40_50	8	10	Singing,Speech		Speech,Singing	multimodal	False	True
NmpQX6IohMY_140_150	0	4	Singing,Banjo,Acoustic_guitar	Acoustic_guitar,Singing	Singing,Acoustic_guitar,Banjo	multimodal	True	True
NmpQX6IohMY_140_150	4	6	Acoustic_guitar	Acoustic_guitar	Acoustic_guitar	multimodal	True	True
NmpQX6IohMY_140_150	6	10	Singing,Acoustic_guitar	Acoustic_guitar,Singing	Singing,Acoustic_guitar	multimodal	True	True
Nmqq83EfK8U_80_90	0	2	Speech,Dog	Dog	Speech	multimodal	True	True
Nmqq83EfK8U_80_90	2	3	Speech,Dog	Dog	Speech,Dog	multimodal	True	True
Nmqq83EfK8U_80_90	3	4	Dog	Dog		multimodal	True	False
Nmqq83EfK8U_80_90	4	8	Speech,Dog	Dog	Speech	multimodal	True	True
Nmqq83EfK8U_80_90	8	10	Dog	Dog		multimodal	True	False
NnGM88daFDU_30_40	3	6	Violin_fiddle,Cello	Violin_fiddle,Cello		multimodal	True	False
NnGM88daFDU_30_40	6	10	Violin_fiddle,Cello	Violin_fiddle,Cello	Violin_fiddle,Cello	multimodal	True	True
NokSF2SXqA8_30_40	0	1	Speech,Violin_fiddle	Speech	Speech,Violin_fiddle	multimodal	True	True
NokSF2SXqA8_30_40	1	4	Speech,Violin_fiddle	Violin_fiddle	Speech,Violin_fiddle	multimodal	True	True
NokSF2SXqA8_30_40	4	5	Speech,Violin_fiddle	Speech,Violin_fiddle	Speech,Violin_fiddle	multimodal	True	True
NokSF2SXqA8_30_40	5	9	Speech,Violin_fiddle	Speech	Speech,Violin_fiddle	multimodal	True	True
NokSF2SXqA8_30_40	9	10	Speech,Violin_fiddle		Speech,Violin_fiddle	multimodal	False	True
NorHGeReG2s_10_20	0	5	Speech	Speech	Speech	multimodal	True	True
NorHGeReG2s_10_20	7	10	Singing	Singing	Singing	multimodal	True	True
Nox8PbNaydY_60_70	0	1	Singing,Speech		Speech,Singing	multimodal	False	True
Nox8PbNaydY_60_70	1	7	Singing	Singing	Singing	multimodal	True	True
Nox8PbNaydY_60_70	7	8	Singing		Singing	multimodal	False	True
Np6XrFtNBY4_160_170	0	1	Dog	Dog	Dog	multimodal	True	True
Np6XrFtNBY4_160_170	1	2	Speech,Dog	Dog	Dog,Speech	multimodal	True	True
Np6XrFtNBY4_160_170	2	3	Speech,Dog	Dog	Speech	multimodal	True	True
Np6XrFtNBY4_160_170	3	4	Dog	Dog	Dog	multimodal	True	True
Np6XrFtNBY4_160_170	4	6	Speech,Dog	Dog	Dog,Speech	multimodal	True	True
Np6XrFtNBY4_160_170	6	9	Dog	Dog	Dog	multimodal	True	True
Np6XrFtNBY4_160_170	9	10	Speech,Dog	Dog	Dog,Speech	multimodal	True	True
NrCNo4V7RVM_30_40	0	10	Lawn_mower	Lawn_mower	Lawn_mower	multimodal	True	True
NryAmlnxqB0_10_20	0	9	Banjo,Acoustic_guitar	Banjo,Acoustic_guitar	Banjo,Acoustic_guitar	multimodal	True	True
NryAmlnxqB0_10_20	9	10	Singing,Banjo,Acoustic_guitar	Banjo,Acoustic_guitar,Singing	Banjo,Acoustic_guitar,Singing	multimodal	True	True
Nszf2gBWruU_30_40	0	10	Chainsaw	Chainsaw	Chainsaw	multimodal	True	True
NuTfSFkvlbE_130_140	0	10	Helicopter	Helicopter	Helicopter	multimodal	True	True
Nuwo-hdr__k_10_20	0	10	Helicopter	Helicopter	Helicopter	multimodal	True	True
NwnzqSSJ1wQ_230_240	0	10	Helicopter	Helicopter	Helicopter	multimodal	True	True
O0tHJP8wnRc_70_80	0	1	Singing,Speech,Clapping	Speech,Singing	Speech,Singing,Clapping	multimodal	True	True
O0tHJP8wnRc_70_80	1	5	Singing,Clapping	Singing	Singing,Clapping	multimodal	True	True
O0tHJP8wnRc_70_80	5	10	Singing,Clapping	Singing,Clapping	Singing,Clapping	multimodal	True	True
O1n-pt3waz8_30_40	0	8	Vacuum_cleaner	Vacuum_cleaner	Vacuum_cleaner	multimodal	True	True
O1n-pt3waz8_30_40	8	9	Vacuum_cleaner		Vacuum_cleaner	multimodal	False	True
O1n-pt3waz8_30_40	9	10	Vacuum_cleaner	Vacuum_cleaner	Vacuum_cleaner	multimodal	True	True
O4r45CKNnOc_10_20	0	3	Dog	Dog	Dog	multimodal	True	True
O4r45CKNnOc_10_20	3	5	Dog		Dog	multimodal	False	True
O4r45CKNnOc_10_20	5	6	Speech,Dog		Dog,Speech	multimodal	False	True
O4r45CKNnOc_10_20	6	7	Dog		Dog	multimodal	False	True
O4r45CKNnOc_10_20	7	10	Dog	Dog	Dog	multimodal	True	True
O5zoP2HCbCk_5_15	0	4	Speech,Chicken_rooster	Chicken_rooster,Speech	Speech,Chicken_rooster	multimodal	True	True
O5zoP2HCbCk_5_15	4	5	Chicken_rooster	Chicken_rooster	Chicken_rooster	multimodal	True	True
O5zoP2HCbCk_5_15	5	6	Chicken_rooster	Chicken_rooster		multimodal	True	False
O5zoP2HCbCk_5_15	6	8	Chicken_rooster	Chicken_rooster	Chicken_rooster	multimodal	True	True
O5zoP2HCbCk_5_15	8	10	Chicken_rooster	Chicken_rooster		multimodal	True	False
O7gn7LQV8yQ_21_31	0	1	Violin_fiddle		Violin_fiddle	multimodal	False	True
O7gn7LQV8yQ_21_31	1	2	Speech,Violin_fiddle		Violin_fiddle,Speech	multimodal	False	True
O7gn7LQV8yQ_21_31	2	3	Speech,Violin_fiddle	Violin_fiddle	Violin_fiddle,Speech	multimodal	True	True
O7gn7LQV8yQ_21_31	3	9	Violin_fiddle	Violin_fiddle	Violin_fiddle	multimodal	True	True
O7sBZWqwHig_30_40	0	6	Speech		Speech	multimodal	False	True
O7sBZWqwHig_30_40	6	7	Speech,Violin_fiddle		Violin_fiddle,Speech	multimodal	False	True
O7sBZWqwHig_30_40	7	10	Speech,Violin_fiddle	Violin_fiddle	Violin_fiddle,Speech	multimodal	True	True
O8jf3XyhkkY_30_40	0	4	Cat	Cat		multimodal	True	False
O8jf3XyhkkY_30_40	4	6	Speech,Cat	Cat	Speech	multimodal	True	True
O8jf3XyhkkY_30_40	6	10	Cat	Cat		multimodal	True	False
O94UDJiPfX8_310_320	0	1	Speech,Cello		Speech,Cello	multimodal	False	True
O94UDJiPfX8_310_320	1	4	Cello		Cello	multimodal	False	True
O94UDJiPfX8_310_320	4	6	Speech,Cello		Speech,Cello	multimodal	False	True
O94UDJiPfX8_310_320	6	8	Speech,Cello	Speech	Speech,Cello	multimodal	True	True
O94UDJiPfX8_310_320	8	10	Cello		Cello	multimodal	False	True
O9d8Yg9H0BQ_30_40	0	3	Violin_fiddle,Cello		Cello,Violin_fiddle	multimodal	False	True
O9d8Yg9H0BQ_30_40	3	10	Violin_fiddle,Cello	Cello,Violin_fiddle	Cello,Violin_fiddle	multimodal	True	True
OAzPNdL-wQI_480_490	0	10	Helicopter	Helicopter	Helicopter	multimodal	True	True
ODcTO7pKBFs_30_40	0	10	Chicken_rooster	Chicken_rooster	Chicken_rooster	multimodal	True	True
OEpENK6brCY_20_30	0	3	Chicken_rooster	Chicken_rooster	Chicken_rooster	multimodal	True	True
OEpENK6brCY_20_30	3	5	Chicken_rooster	Chicken_rooster	Chicken_rooster,Chicken_rooster	multimodal	True	True
OEpENK6brCY_20_30	5	7	Chicken_rooster	Chicken_rooster	Chicken_rooster	multimodal	True	True
OEpENK6brCY_20_30	7	10	Chicken_rooster	Chicken_rooster	Chicken_rooster,Chicken_rooster	multimodal	True	True
OFtExNYmSfM_30_40	0	1	Dog	Dog	Dog	multimodal	True	True
OFtExNYmSfM_30_40	1	5	Speech,Dog	Dog	Dog,Speech	multimodal	True	True
OFtExNYmSfM_30_40	5	7	Speech,Dog	Dog	Speech	multimodal	True	True
OFtExNYmSfM_30_40	7	8	Dog	Dog	Dog	multimodal	True	True
OFtExNYmSfM_30_40	8	10	Speech,Dog	Dog	Dog,Speech	multimodal	True	True
OGw7IRDLu4w_12_22	0	1	Speech,Cat	Cat	Speech	multimodal	True	True
OGw7IRDLu4w_12_22	1	2	Cat	Cat	Cat	multimodal	True	True
OGw7IRDLu4w_12_22	2	3	Speech,Cat	Cat	Speech,Cat	multimodal	True	True
OGw7IRDLu4w_12_22	3	4	Speech,Cat	Cat	Speech	multimodal	True	True
OGw7IRDLu4w_12_22	4	8	Cat	Cat		multimodal	True	False
OGw7IRDLu4w_12_22	8	10	Cat	Cat	Cat	multimodal	True	True
OHMoNFP6n9g_20_30	0	1	Speech,Chicken_rooster	Chicken_rooster	Speech,Chicken_rooster	multimodal	True	True
OHMoNFP6n9g_20_30	1	2	Chicken_rooster	Chicken_rooster	Chicken_rooster	multimodal	True	True
OHMoNFP6n9g_20_30	2	3	Speech,Chicken_rooster	Chicken_rooster	Speech,Chicken_rooster	multimodal	True	True
OHMoNFP6n9g_20_30	3	5	Speech		Speech	multimodal	False	True
OHMoNFP6n9g_20_30	5	6	Speech,Chicken_rooster	Chicken_rooster	Speech	multimodal	True	True
OHMoNFP6n9g_20_30	6	9	Speech,Chicken_rooster	Chicken_rooster	Speech,Chicken_rooster	multimodal	True	True
OHMoNFP6n9g_20_30	9	10	Chicken_rooster	Chicken_rooster	Chicken_rooster	multimodal	True	True
OJjDafCVsP4_70_80	0	4	Dog	Dog	Dog	multimodal	True	True
OJjDafCVsP4_70_80	4	7	Speech,Dog	Dog	Dog,Speech	multimodal	True	True
OJjDafCVsP4_70_80	7	10	Dog	Dog	Dog	multimodal	True	True
OK0pHsgHgDU_140_150	0	4	Singing	Singing	Singing	multimodal	True	True
OK0pHsgHgDU_140_150	4	7	Singing,Cheering	Singing	Singing,Cheering	multimodal	True	True
OK0pHsgHgDU_140_150	7	8	Singing	Singing	Singing	multimodal	True	True
OK0pHsgHgDU_140_150	8	10	Singing,Speech	Singing	Singing,Speech	multimodal	True	True
OLU25V3tlhg_30_40	0	1	Speech,Violin_fiddle	Violin_fiddle,Speech	Speech	multimodal	True	True
OLU25V3tlhg_30_40	1	3	Violin_fiddle	Violin_fiddle		multimodal	True	False
OLU25V3tlhg_30_40	3	10	Speech,Violin_fiddle	Violin_fiddle,Speech	Speech	multimodal	True	True
OMUTf4IC8ME_240_250	0	4	Dog	Dog		multimodal	True	False
OMUTf4IC8ME_240_250	4	5	Dog	Dog	Dog	multimodal	True	True
OMUTf4IC8ME_240_250	5	7	Dog	Dog	Dog,Dog	multimodal	True	True
OMUTf4IC8ME_240_250	7	8	Dog	Dog	Dog	multimodal	True	True
OMUTf4IC8ME_240_250	8	10	Dog	Dog		multimodal	True	False
OOX_Pf-aIoQ_90_100	1	2	Baby_laughter	Baby_laughter	Baby_laughter	multimodal	True	True
OOX_Pf-aIoQ_90_100	3	4	Speech		Speech	multimodal	False	True
OOX_Pf-aIoQ_90_100	4	10	Baby_laughter	Baby_laughter	Baby_laughter	multimodal	True	True
OOw5CoIgV00_30_40	0	4	Violin_fiddle,Accordion	Violin_fiddle	Violin_fiddle,Accordion	multimodal	True	True
OOw5CoIgV00_30_40	4	6	Violin_fiddle,Accordion	Violin_fiddle,Accordion	Violin_fiddle,Accordion	multimodal	True	True
OOw5CoIgV00_30_40	6	8	Violin_fiddle,Accordion	Violin_fiddle	Violin_fiddle,Accordion	multimodal	True	True
OOw5CoIgV00_30_40	8	10	Violin_fiddle,Accordion		Violin_fiddle,Accordion	multimodal	False	True
OP1HwnpjoX8_30_40	0	7	Dog	Dog		multimodal	True	False
OP1HwnpjoX8_30_40	7	9	Dog	Dog	Dog	multimodal	True	True
OP1HwnpjoX8_30_40	9	10	Speech,Dog	Dog	Dog,Speech	multimodal	True	True
OP7wbUmwMc8_30_40	0	4	Dog	Dog	Dog	multimodal	True	True
OP7wbUmwMc8_30_40	4	5	Speech,Dog	Dog	Dog,Speech	multimodal	True	True
OP7wbUmwMc8_30_40	5	10	Dog	Dog	Dog	multimodal	True	True
OPYtTs1AOAw_110_120	0	9	Helicopter	Helicopter	Helicopter	multimodal	True	True
OPYtTs1AOAw_110_120	9	10	Helicopter		Helicopter	multimodal	False	True
ORMBTAJOTQQ_30_40	0	10	Violin_fiddle,Cello	Cello,Violin_fiddle	Cello,Violin_fiddle	multimodal	True	True
OTattrwc_Qc_300_310	0	1	Basketball_bounce,Speech	Basketball_bounce,Speech	Basketball_bounce,Speech	multimodal	True	True
OTattrwc_Qc_300_310	1	3	Speech	Speech	Speech	multimodal	True	True
OTattrwc_Qc_300_310	5	6	Basketball_bounce,Speech	Basketball_bounce,Speech	Basketball_bounce,Speech	multimodal	True	True
OTattrwc_Qc_300_310	6	7	Basketball_bounce,Speech	Basketball_bounce	Basketball_bounce,Speech	multimodal	True	True
OTattrwc_Qc_300_310	9	10	Basketball_bounce	Basketball_bounce	Basketball_bounce	multimodal	True	True
OUoplkiyF54_30_40	0	10	Violin_fiddle,Acoustic_guitar	Acoustic_guitar,Violin_fiddle	Acoustic_guitar,Violin_fiddle	multimodal	True	True
OVsI6Z0ulVk_0_10	0	8	Baby_cry_infant_cry	Baby_cry_infant_cry	Baby_cry_infant_cry	multimodal	True	True
OVsI6Z0ulVk_0_10	8	10	Baby_cry_infant_cry,Speech	Baby_cry_infant_cry	Baby_cry_infant_cry,Speech	multimodal	True	True
OW-iRCDVysg_30_40	0	1	Speech		Speech	multimodal	False	True
OW-iRCDVysg_30_40	1	4	Baby_cry_infant_cry	Baby_cry_infant_cry	Baby_cry_infant_cry	multimodal	True	True
OW-iRCDVysg_30_40	4	7	Baby_cry_infant_cry,Speech	Baby_cry_infant_cry	Baby_cry_infant_cry,Speech	multimodal	True	True
OW-iRCDVysg_30_40	7	10	Baby_cry_infant_cry	Baby_cry_infant_cry	Baby_cry_infant_cry	multimodal	True	True
OW9bURekJ8s_20_30	0	10	Singing,Acoustic_guitar	Singing,Acoustic_guitar	Singing,Acoustic_guitar	multimodal	True	True
OXXRBxLShsk_140_150	0	1	Motorcycle	Motorcycle	Motorcycle	multimodal	True	True
OXXRBxLShsk_140_150	1	2	Speech,Motorcycle	Motorcycle	Motorcycle,Speech	multimodal	True	True
OXXRBxLShsk_140_150	2	4	Motorcycle	Motorcycle	Motorcycle	multimodal	True	True
OXXRBxLShsk_140_150	4	9	Speech,Motorcycle	Motorcycle	Motorcycle,Speech	multimodal	True	True
OXXRBxLShsk_140_150	9	10	Motorcycle	Motorcycle	Motorcycle	multimodal	True	True
OYAjIJa6FlM_60_70	0	2	Dog	Dog		multimodal	True	False
OYAjIJa6FlM_60_70	2	6	Dog	Dog	Dog	multimodal	True	True
OYAjIJa6FlM_60_70	6	10	Dog	Dog		multimodal	True	False
OYnra-ve09E_30_40	0	2	Speech,Chicken_rooster	Chicken_rooster	Speech	multimodal	True	True
OYnra-ve09E_30_40	2	3	Chicken_rooster	Chicken_rooster		multimodal	True	False
OYnra-ve09E_30_40	3	4	Speech,Chicken_rooster	Chicken_rooster	Speech	multimodal	True	True
OYnra-ve09E_30_40	4	5	Chicken_rooster	Chicken_rooster		multimodal	True	False
OYnra-ve09E_30_40	5	6	Speech,Chicken_rooster	Chicken_rooster	Speech	multimodal	True	True
OYnra-ve09E_30_40	6	10	Chicken_rooster	Chicken_rooster	Chicken_rooster	multimodal	True	True
OZIvnePrY8A_80_90	0	5	Blender	Blender	Blender	multimodal	True	True
OZIvnePrY8A_80_90	5	6	Blender	Blender		multimodal	True	False
OZIvnePrY8A_80_90	6	8	Speech,Blender	Blender	Speech	multimodal	True	True
OZIvnePrY8A_80_90	8	10	Speech	Speech	Speech	multimodal	True	True
O_P92jTlmg8_0_10	0	10	Speech,Dog	Dog	Dog,Speech	multimodal	True	True
OaJuXaA7tp8_30_40	0	10	Violin_fiddle,Cello	Cello,Violin_fiddle	Cello,Violin_fiddle	multimodal	True	True
OaXr8Ns_o9g_80_90	0	10	Vacuum_cleaner	Vacuum_cleaner	Vacuum_cleaner	multimodal	True	True
OdOIHGWEsqg_30_40	0	3	Chainsaw	Chainsaw	Chainsaw	multimodal	True	True
OdOIHGWEsqg_30_40	3	4	Chainsaw,Dog	Chainsaw	Chainsaw,Dog	multimodal	True	True
OdOIHGWEsqg_30_40	4	6	Chainsaw	Chainsaw	Chainsaw	multimodal	True	True
OdOIHGWEsqg_30_40	6	7	Chainsaw,Dog	Chainsaw	Chainsaw,Dog	multimodal	True	True
OdOIHGWEsqg_30_40	7	9	Chainsaw	Chainsaw	Chainsaw	multimodal	True	True
OdOIHGWEsqg_30_40	9	10	Speech,Chainsaw	Chainsaw	Chainsaw,Speech	multimodal	True	True
Of_01ci6ErU_20_30	0	1	Dog	Dog	Dog	multimodal	True	True
Of_01ci6ErU_20_30	1	2	Speech,Dog	Dog	Dog,Speech	multimodal	True	True
Of_01ci6ErU_20_30	2	6	Dog	Dog	Dog	multimodal	True	True
Of_01ci6ErU_20_30	6	7	Speech,Dog	Dog	Speech	multimodal	True	True
Of_01ci6ErU_20_30	7	9	Speech,Dog	Dog	Dog,Speech	multimodal	True	True
Of_01ci6ErU_20_30	9	10	Dog	Dog	Dog	multimodal	True	True
OgMQvYOyH4s_30_40	0	1	Vacuum_cleaner,Speech	Vacuum_cleaner	Speech,Vacuum_cleaner	multimodal	True	True
OgMQvYOyH4s_30_40	1	10	Vacuum_cleaner	Vacuum_cleaner	Vacuum_cleaner	multimodal	True	True
OiIaJb68Haw_50_60	0	2	Banjo,Acoustic_guitar	Acoustic_guitar	Acoustic_guitar,Banjo	multimodal	True	True
OiIaJb68Haw_50_60	2	9	Singing,Banjo,Acoustic_guitar	Acoustic_guitar	Singing,Acoustic_guitar,Banjo	multimodal	True	True
OiIaJb68Haw_50_60	9	10	Singing,Banjo,Acoustic_guitar	Acoustic_guitar,Banjo	Singing,Acoustic_guitar,Banjo	multimodal	True	True
Ok0jiYLIXEc_80_90	0	10	Accordion	Accordion	Accordion	multimodal	True	True
Ok7Cyiz1lr8_190_200	2	8	Blender	Blender	Blender	multimodal	True	True
Ok7Cyiz1lr8_190_200	8	9	Blender	Blender		multimodal	True	False
Ok7Cyiz1lr8_190_200	9	10	Speech,Blender	Blender,Speech	Speech	multimodal	True	True
Okt_lzkMWWU_30_40	0	10	Violin_fiddle,Cello	Cello,Violin_fiddle	Cello,Violin_fiddle	multimodal	True	True
OmgS8E_5N3U_280_290	0	7	Frying_(food)	Frying_(food)	Frying_(food)	multimodal	True	True
OmgS8E_5N3U_280_290	7	9	Speech,Frying_(food)	Frying_(food)	Frying_(food),Speech	multimodal	True	True
OmgS8E_5N3U_280_290	9	10	Frying_(food)	Frying_(food)	Frying_(food)	multimodal	True	True
OoTe9A7L7GQ_80_90	0	2	Singing,Violin_fiddle,Cello,Acoustic_guitar	Singing,Cello,Acoustic_guitar,Violin_fiddle	Singing,Acoustic_guitar,Cello	multimodal	True	True
OoTe9A7L7GQ_80_90	2	6	Singing,Violin_fiddle,Cello,Acoustic_guitar	Singing,Acoustic_guitar,Violin_fiddle	Singing,Acoustic_guitar,Cello	multimodal	True	True
OoTe9A7L7GQ_80_90	6	10	Violin_fiddle,Cello,Acoustic_guitar	Acoustic_guitar,Violin_fiddle	Violin_fiddle,Acoustic_guitar,Cello	multimodal	True	True
OrZKKcO1SQw_30_40	0	10	Violin_fiddle,Cello	Cello,Violin_fiddle	Cello,Violin_fiddle	multimodal	True	True
Os2-U4dwBs8_30_40	3	4	Basketball_bounce	Basketball_bounce	Basketball_bounce	multimodal	True	True
Os2-U4dwBs8_30_40	4	5	Basketball_bounce,Cheering	Cheering,Basketball_bounce	Cheering,Basketball_bounce	multimodal	True	True
Os2-U4dwBs8_30_40	5	10	Cheering	Cheering	Cheering	multimodal	True	True
OtdtxDfCEpI_40_50	0	4	Speech,Chicken_rooster	Chicken_rooster	Chicken_rooster,Speech	multimodal	True	True
OtdtxDfCEpI_40_50	4	5	Chicken_rooster	Chicken_rooster	Chicken_rooster	multimodal	True	True
OtdtxDfCEpI_40_50	5	10	Speech,Chicken_rooster	Chicken_rooster	Chicken_rooster,Speech	multimodal	True	True
OujGx4hYJog_0_10	0	10	Clapping	Clapping	Clapping	multimodal	True	True
OuzXjZb_amo_140_150	0	2	Speech,Acoustic_guitar	Acoustic_guitar	Speech,Acoustic_guitar	multimodal	True	True
OuzXjZb_amo_140_150	2	3	Acoustic_guitar	Acoustic_guitar	Acoustic_guitar	multimodal	True	True
OuzXjZb_amo_140_150	3	6	Speech,Acoustic_guitar	Acoustic_guitar	Speech,Acoustic_guitar	multimodal	True	True
OuzXjZb_amo_140_150	6	7	Acoustic_guitar	Acoustic_guitar	Acoustic_guitar	multimodal	True	True
OuzXjZb_amo_140_150	7	8	Speech,Acoustic_guitar	Acoustic_guitar	Speech	multimodal	True	True
OuzXjZb_amo_140_150	8	10	Speech,Acoustic_guitar	Acoustic_guitar	Speech,Acoustic_guitar	multimodal	True	True
Ow2ooQlgGV4_420_430	0	3	Chainsaw	Chainsaw	Chainsaw	multimodal	True	True
Ow2ooQlgGV4_420_430	7	10	Speech		Speech	multimodal	False	True
Ox-X4TyoLCw_120_130	0	1	Speech,Blender	Blender,Speech	Speech	multimodal	True	True
Ox-X4TyoLCw_120_130	1	10	Blender	Blender	Blender	multimodal	True	True
OxLXwhs0SKg_50_60	0	6	Speech,Dog	Dog	Speech	multimodal	True	True
OxLXwhs0SKg_50_60	6	9	Speech	Speech	Speech	multimodal	True	True
OxLXwhs0SKg_50_60	9	10	Dog	Dog	Dog	multimodal	True	True
OyR0xkg80-U_260_270	0	5	Singing,Cheering	Singing	Singing,Cheering	multimodal	True	True
OyR0xkg80-U_260_270	5	6	Cheering		Cheering	multimodal	False	True
OyR0xkg80-U_260_270	6	10	Speech,Cheering	Speech	Speech,Cheering	multimodal	True	True
Oym6YOjElyY_30_40	0	2	Violin_fiddle,Dog	Dog,Violin_fiddle	Dog,Violin_fiddle	multimodal	True	True
Oym6YOjElyY_30_40	2	4	Violin_fiddle,Dog	Dog	Dog,Violin_fiddle	multimodal	True	True
Oym6YOjElyY_30_40	4	7	Dog	Dog	Dog	multimodal	True	True
Oym6YOjElyY_30_40	7	10	Violin_fiddle,Dog	Dog,Violin_fiddle	Dog,Violin_fiddle	multimodal	True	True
OzCzfRutK8A_10_20	0	5	Speech,Dog	Dog	Speech,Dog	multimodal	True	True
OzCzfRutK8A_10_20	5	7	Speech,Dog	Dog	Speech	multimodal	True	True
OzCzfRutK8A_10_20	7	8	Dog	Dog		multimodal	True	False
OzCzfRutK8A_10_20	8	10	Speech,Dog	Dog	Speech	multimodal	True	True
P2cC4rFXr_4_30_40	0	10	Chainsaw	Chainsaw	Chainsaw	multimodal	True	True
P48JilRIyjc_30_40	0	9	Violin_fiddle	Violin_fiddle	Violin_fiddle	multimodal	True	True
P48JilRIyjc_30_40	9	10	Violin_fiddle	Violin_fiddle		multimodal	True	False
P4X2Gnt8_JE_30_40	0	1	Speech,Helicopter	Helicopter	Helicopter,Speech	multimodal	True	True
P4X2Gnt8_JE_30_40	1	2	Helicopter	Helicopter	Helicopter	multimodal	True	True
P4X2Gnt8_JE_30_40	2	5	Speech,Helicopter	Helicopter	Helicopter,Speech	multimodal	True	True
P4X2Gnt8_JE_30_40	5	6	Helicopter	Helicopter	Helicopter	multimodal	True	True
P4X2Gnt8_JE_30_40	6	8	Speech,Helicopter	Helicopter	Helicopter,Speech	multimodal	True	True
P4X2Gnt8_JE_30_40	8	10	Helicopter	Helicopter	Helicopter	multimodal	True	True
P5wB7xTZRR8_130_140	0	2	Singing	Singing	Singing	multimodal	True	True
P5wB7xTZRR8_130_140	6	8	Speech		Speech	multimodal	False	True
P5wB7xTZRR8_130_140	8	10	Singing		Singing	multimodal	False	True
P6DiuHkG52I_120_130	0	2	Frying_(food)		Frying_(food)	multimodal	False	True
P6DiuHkG52I_120_130	2	3	Speech,Frying_(food)		Frying_(food),Speech	multimodal	False	True
P6DiuHkG52I_120_130	3	4	Speech,Frying_(food)	Speech	Frying_(food),Speech	multimodal	True	True
P6DiuHkG52I_120_130	4	6	Speech,Frying_(food)	Frying_(food),Speech	Frying_(food),Speech	multimodal	True	True
P6DiuHkG52I_120_130	6	10	Speech,Frying_(food)	Frying_(food)	Frying_(food),Speech	multimodal	True	True
P6MHkI3K3PI_250_260	0	2	Blender	Blender	Blender	multimodal	True	True
P6MHkI3K3PI_250_260	2	3	Blender	Blender		multimodal	True	False
P6MHkI3K3PI_250_260	3	7	Blender	Blender	Blender	multimodal	True	True
P6MHkI3K3PI_250_260	7	10	Blender	Blender		multimodal	True	False
P6xxuZnRHXM_150_160	0	1	Singing,Acoustic_guitar	Acoustic_guitar	Singing,Acoustic_guitar	multimodal	True	True
P6xxuZnRHXM_150_160	1	5	Singing,Acoustic_guitar	Singing,Acoustic_guitar	Singing,Acoustic_guitar	multimodal	True	True
P6xxuZnRHXM_150_160	5	6	Singing,Acoustic_guitar	Acoustic_guitar	Singing,Acoustic_guitar	multimodal	True	True
P6xxuZnRHXM_150_160	6	10	Singing,Acoustic_guitar	Singing	Singing,Acoustic_guitar	multimodal	True	True
P8OY0pQgFjQ_50_60	0	5	Speech,Helicopter	Helicopter	Helicopter,Speech	multimodal	True	True
P8OY0pQgFjQ_50_60	5	6	Helicopter	Helicopter	Helicopter	multimodal	True	True
P8saKKI43tA_20_30	0	3	Vacuum_cleaner	Vacuum_cleaner		multimodal	True	False
P8saKKI43tA_20_30	3	10	Vacuum_cleaner	Vacuum_cleaner	Vacuum_cleaner	multimodal	True	True
PAsI01GRYlY_30_40	0	2	Chicken_rooster		Chicken_rooster	multimodal	False	True
PAsI01GRYlY_30_40	6	8	Chicken_rooster		Chicken_rooster	multimodal	False	True
PAsI01GRYlY_30_40	8	10	Speech,Chicken_rooster	Chicken_rooster	Chicken_rooster,Speech	multimodal	True	True
