filename	onset	offset	event_labels	modality
-0A9sun15YA_110_120	0,3,9	10,4,10	Car,Speech,Speech	audio
-0A9sun15YA_110_120	0	10	Car	visual
-0bNnlJmBM0_30_40	0,7	10,9	Car,Speech	audio
-0bNnlJmBM0_30_40	0	10	Chicken_rooster	visual
-14BFlDzjS4_6_16	0,3,9	10,5,10	Car,Speech,Speech	audio
-14BFlDzjS4_6_16	0	10	Car	visual
-1HZWgFylMQ_590_600	0,3,0	1,6,8	Speech,Speech,Car	audio
-1HZWgFylMQ_590_600	0	8	Car	visual
-2CdXt0-f0I_30_40	0,1,5	10,3,6	Car,Speech,Speech	audio
-2CdXt0-f0I_30_40	0	10	Car	visual
-2WeNked2Xs_30_40	0,0	10,10	Car,Speech	audio
-2WeNked2Xs_30_40	0	10	Car	visual
-2YWkWhIVtQ_30_40	0	10	Car	audio
-2YWkWhIVtQ_30_40	0	10	Car	visual
-3G-bs5JaW8_100_110	0	9	Vacuum_cleaner	audio
-3G-bs5JaW8_100_110	0	8	Vacuum_cleaner	visual
-3M-k4nIYIM_30_40	0,1,4,7,9	7,2,6,8,10	Car,Speech,Speech,Speech,Speech	audio
-3M-k4nIYIM_30_40	0,3	2,10	Car,Car	visual
-3zSILamaBM_16_26	0	10	Chainsaw	audio
-3zSILamaBM_16_26	0	8	Chainsaw	visual
-5uuZRObZH4_8_18	0,5	10,6	Car,Speech	audio
-5uuZRObZH4_8_18	0	7	Car	visual
-7tDh-UQR7Q_50_60	0,0,1	10,10,10	Cello,Violin_fiddle,Singing	audio
-7tDh-UQR7Q_50_60	0,0,1	4,4,10	Cello,Violin_fiddle,Singing	visual
-7yHd8yVL7o_10_20	0	10	Car	audio
-7yHd8yVL7o_10_20	0	10	Car	visual
-8J-J79jkIE_30_40	0	10	Car	audio
-8J-J79jkIE_30_40	0	10	Car	visual
-9D8GR2VBKE_40_50	0,0,3	10,2,4	Frying_(food),Speech,Speech	audio
-9D8GR2VBKE_40_50	9	10	Frying_(food)	visual
-9b-N3vQj2k_30_40	3	10	Cheering	audio
-9b-N3vQj2k_30_40	3	10	Cheering	visual
-9ummbDsgFM_30_40	0	10	Chainsaw	audio
-9ummbDsgFM_30_40	1	10	Chainsaw	visual
00m3AbSa21M_550_560	0,2,8	1,10,10	Speech,Speech,Blender	audio
00m3AbSa21M_550_560	0	10	Blender	visual
00v4G1YbJAE_30_40	0,1	10,5	Lawn_mower,Speech	audio
00v4G1YbJAE_30_40	0	10	Lawn_mower	visual
01zSTM-3yjk_10_20	0,0,7	10,2,10	Vacuum_cleaner,Speech,Speech	audio
01zSTM-3yjk_10_20	0	10	Vacuum_cleaner	visual
0292kQJnKos_30_40	0,4	4,10	Speech,Cheering	audio
0292kQJnKos_30_40	0,7	4,8	Speech,Cheering	visual
04I1mfPeAng_30_40	0,1	10,6	Car,Speech	audio
04I1mfPeAng_30_40	0	10	Car	visual
04TYhV8SKZ0_30_40	0,6	5,10	Singing,Singing	audio
04TYhV8SKZ0_30_40	0,6	5,10	Singing,Singing	visual
050iiMJKE20_180_190	0,5,7	5,7,10	Speech,Chainsaw,Speech	audio
050iiMJKE20_180_190	1,5	4,10	Helicopter,Chainsaw	visual
052B1KqZNvc_30_40	0,0,7	10,4,8	Car,Singing,Speech	audio
052B1KqZNvc_30_40	0	10	Car	visual
05pbHOqMVtg_140_150	0	10	Helicopter	audio
05pbHOqMVtg_140_150	0	10	Helicopter	visual
06xprMsre2M_80_90	0,3,5,8	10,4,7,10	Blender,Speech,Speech,Speech	audio
06xprMsre2M_80_90	0	10	Blender	visual
07QDI50hlec_50_60	0	1	Vacuum_cleaner	audio
07QDI50hlec_50_60	0	1	Vacuum_cleaner	visual
0A-Y2CvbVMs_30_40	0	10	Accordion	audio
0A-Y2CvbVMs_30_40	0	10	Accordion	visual
0AuRaeswC-8_20_30	4,0	10,5	Chicken_rooster,Speech	audio
0AuRaeswC-8_20_30	0	10	Chicken_rooster	visual
0DvICv9rCkM_70_80	4	7	Vacuum_cleaner	audio
0DvICv9rCkM_70_80	0	10	Vacuum_cleaner	visual
0EcfL54lGUA_30_40	0,0,7,7	10,5,10,10	Car,Speech,Clapping,Cheering	audio
0EcfL54lGUA_30_40	0,9,7	8,10,10	Car,Clapping,Cheering	visual
0F2XPtG9pJM_30_40	8	10	Violin_fiddle	audio
0F2XPtG9pJM_30_40	2	10	Violin_fiddle	visual
0Fc42_i3G80_100_110	0,1,0	10,10,1	Vacuum_cleaner,Vacuum_cleaner,Speech	audio
0Fc42_i3G80_100_110	1	10	Vacuum_cleaner	visual
0Ft06J1FdAo_420_430	0	10	Cheering	audio
0Ft06J1FdAo_420_430	0	10	Cheering	visual
0J3OzIVLnEI_50_60	0	10	Chicken_rooster	audio
0J3OzIVLnEI_50_60	0	10	Chicken_rooster	visual
0JAGPDtKZ68_350_360	0,0,0,3	5,10,1,10	Speech,Cheering,Clapping,Clapping	audio
0JAGPDtKZ68_350_360	5	10	Cheering	visual
0OD_03N7XTQ_250_260	0,0	10,3	Speech,Clapping	audio
0OD_03N7XTQ_250_260	0,0	10,3	Speech,Clapping	visual
0PxvBPOjDKI_30_40	0	10	Chainsaw	audio
0PxvBPOjDKI_30_40	0	8	Chainsaw	visual
0QFpWAP8fPs_390_400	0,4,8	10,6,10	Cheering,Clapping,Speech	audio
0QFpWAP8fPs_390_400	0,0	10,10	Cheering,Clapping	visual
0QPnouN3Hq8_30_40	0,0,6	10,5,8	Car,Speech,Speech	audio
0QPnouN3Hq8_30_40	0	10	Car	visual
0QXKGC5bXno_30_40	0,0	10,10	Cello,Violin_fiddle	audio
0QXKGC5bXno_30_40	0,0	10,10	Cello,Violin_fiddle	visual
0RFa3yJRuDg_80_90	0	10	Cheering	audio
0RFa3yJRuDg_80_90	0	10	Cheering	visual
0SavSPZveDc_380_390	0	10	Speech	audio
0SavSPZveDc_380_390	0	10	Speech	visual
0T4gZQwzyKY_30_40	9	10	Clapping	audio
0T4gZQwzyKY_30_40	0,8	10,9	Cheering,Clapping	visual
0ULOk49bHkI_180_190	0,0,3	10,2,4	Car,Speech,Speech	audio
0ULOk49bHkI_180_190	0	10	Car	visual
0W1sdHWIuAs_30_40	0,4	2,8	Dog,Dog	audio
0W1sdHWIuAs_30_40	0	10	Dog	visual
0XLFf3Qvahw_30_40	0,1,8	10,2,10	Car,Speech,Speech	audio
0XLFf3Qvahw_30_40	0	10	Car	visual
0YErPHsAxWM_80_90	0,4	10,10	Car,Speech	audio
0YErPHsAxWM_80_90	0	10	Car	visual
0ZAR-Tbrv3s_150_160	7	10	Singing	audio
0ZAR-Tbrv3s_150_160	7	10	Singing	visual
0Zn0yN14eh8_230_240	9	10	Chainsaw	audio
0Zn0yN14eh8_230_240	5	9	Chainsaw	visual
0_MLIPfb84s_30_40	1,0	10,10	Violin_fiddle,Acoustic_guitar	audio
0_MLIPfb84s_30_40	0,0	10,10	Violin_fiddle,Acoustic_guitar	visual
0aVst7GNuVM_30_40	0	10	Car	audio
0aVst7GNuVM_30_40	0	10	Car	visual
0bNb6oHg1_w_21_31	0,0	10,10	Car,Speech	audio
0bNb6oHg1_w_21_31	0	10	Car	visual
0dVXlandefw_4_14	0,4,6	10,6,7	Car,Speech,Speech	audio
0dVXlandefw_4_14	0	10	Car	visual
0dZis656VIo_30_40	0,0	10,10	Car,Speech	audio
0dZis656VIo_30_40	0	10	Car	visual
0dgKhlejMJ8_350_360	0,0	10,10	Cello,Violin_fiddle	audio
0dgKhlejMJ8_350_360	0,0	10,10	Cello,Violin_fiddle	visual
0dhEeSX-59I_25_35	0	10	Car	audio
0dhEeSX-59I_25_35	0	10	Car	visual
0eAGbJEQhJ8_0_10	0,5,9	1,8,10	Speech,Speech,Speech	audio
0eAGbJEQhJ8_0_10	0	10	Car	visual
0eLC4aFPpng_30_40	0	10	Car	audio
0eLC4aFPpng_30_40	0	10	Car	visual
0eaafXX-pPE_30_40	0,6,3,8	4,8,6,10	Baby_laughter,Baby_laughter,Speech,Speech	audio
0eaafXX-pPE_30_40	0,6	4,8	Baby_laughter,Baby_laughter	visual
0ehyZCP7iuQ_80_90	0	10	Vacuum_cleaner	audio
0ehyZCP7iuQ_80_90	0	10	Vacuum_cleaner	visual
0elWYlc8shc_30_40	0	10	Car	audio
0elWYlc8shc_30_40	0	10	Car	visual
0ezR24_jTDA_70_80	0,0,7	5,3,10	Basketball_bounce,Speech,Speech	audio
0ezR24_jTDA_70_80	0,7	5,10	Basketball_bounce,Speech	visual
0fLcfpmn38I_30_40	0	10	Car	audio
0fLcfpmn38I_30_40	0	10	Car	visual
0g-L2iF5y9k_140_150	2,5,4	9,8,5	Clapping,Speech,Cheering	audio
0g-L2iF5y9k_140_150	0	10	Acoustic_guitar	visual
0gJPpZXeGms_10_20	0,2	10,10	Car,Dog	audio
0gJPpZXeGms_10_20	0,0	10,10	Dog,Car	visual
0gfxwS7Wla8_30_40	0,5	10,8	Car,Speech	audio
0gfxwS7Wla8_30_40	0	10	Car	visual
0gmLAVhaTKE_5_15	0	10	Car	audio
0gmLAVhaTKE_5_15	0	7	Car	visual
0hE-lduyMng_150_160	0,1,6	10,5,10	Frying_(food),Speech,Speech	audio
0hE-lduyMng_150_160	0	10	Frying_(food)	visual
0iEtuM3NEKw_30_40	0	10	Car	audio
0iEtuM3NEKw_30_40	0	10	Car	visual
0iS6S7e_j8Q_20_30	0,0	10,10	Clapping,Singing	audio
0iS6S7e_j8Q_20_30	4	10	Singing	visual
0ioAyzjtiZI_30_40	0	10	Car	audio
0ioAyzjtiZI_30_40	0	10	Car	visual
0kAaPH2wrvM_140_150	0,2,7	10,5,9	Vacuum_cleaner,Speech,Speech	audio
0kAaPH2wrvM_140_150	0	10	Vacuum_cleaner	visual
0kNHMn3a6BM_30_40	2,9	5,10	Speech,Speech	audio
0kNHMn3a6BM_30_40	0	10	Car	visual
0kWsQAObBjo_30_40	0,0,0	10,10,10	Cheering,Speech,Clapping	audio
0kWsQAObBjo_30_40	0,0,0	10,10,10	Cheering,Speech,Clapping	visual
0l4rszJ8M9E_90_100	0,0	10,10	Banjo,Violin_fiddle	audio
0l4rszJ8M9E_90_100	0,0	10,10	Banjo,Violin_fiddle	visual
0lEavQUSRO4_410_420	0,0,6	10,3,10	Frying_(food),Speech,Speech	audio
0lEavQUSRO4_410_420	0	10	Frying_(food)	visual
0lpXFLNGM5E_130_140	7	10	Speech	audio
0lpXFLNGM5E_130_140	0	10	Dog	visual
0mIwyFySgjs_30_40	0,9	7,10	Car,Car	audio
0mIwyFySgjs_30_40	0,9	2,10	Car,Car	visual
0mKRXJhlMb0_120_130	0,9	3,10	Chicken_rooster,Chicken_rooster	audio
0mKRXJhlMb0_120_130	0	10	Chicken_rooster	visual
0mMAgkJc9DM_60_70	0	10	Singing	audio
0mMAgkJc9DM_60_70	0	6	Singing	visual
0o-DD4GwohU_110_120	0	10	Vacuum_cleaner	audio
0o-DD4GwohU_110_120	0	10	Vacuum_cleaner	visual
0oUbMWJgokM_170_180	0,0,5,7	10,1,6,10	Frying_(food),Speech,Speech,Speech	audio
0oUbMWJgokM_170_180	0	10	Frying_(food)	visual
0p9ClF5DXNo_160_170	0	9	Vacuum_cleaner	audio
0p9ClF5DXNo_160_170	0,0	9,10	Vacuum_cleaner,Cat	visual
0qx_L11zBAY_30_40	0,0	10,10	Cello,Violin_fiddle	audio
0qx_L11zBAY_30_40	0,0	10,10	Cello,Violin_fiddle	visual
0rrQS9Nt48s_180_190	0,0,7	10,2,10	Frying_(food),Speech,Speech	audio
0rrQS9Nt48s_180_190	0	10	Frying_(food)	visual
0sBkJR5Jads_8_18	0	7	Car	audio
0sBkJR5Jads_8_18	0	10	Car	visual
0sqE1PT9w4E_0_10	0	10	Singing	audio
0sqE1PT9w4E_0_10	9	10	Singing	visual
0tL1Mc95WyY_3_13	0	10	Car	audio
0tL1Mc95WyY_3_13	0	10	Car	visual
0vlayD4ueuA_0_10	0	10	Chainsaw	audio
0vlayD4ueuA_0_10	4	10	Chainsaw	visual
0wQpnBSQ4fY_350_360	0,0,5	6,4,10	Frying_(food),Speech,Speech	audio
0wQpnBSQ4fY_350_360	0	5	Frying_(food)	visual
0x4ozoZB_2M_0_10	0	10	Chicken_rooster	audio
0x4ozoZB_2M_0_10	0	10	Chicken_rooster	visual
0xvGvc-zADE_30_40	0	10	Car	audio
0xvGvc-zADE_30_40	0	10	Car	visual
0yCFCh8e10Y_10_20	0	10	Vacuum_cleaner	audio
0yCFCh8e10Y_10_20	0	10	Vacuum_cleaner	visual
0yW5XUGJsOU_8_18	8,5	9,8	Speech,Car	audio
0yW5XUGJsOU_8_18	0,8	8,9	Car,Speech	visual
0yleWcyPyx0_210_220	0	10	Lawn_mower	audio
0yleWcyPyx0_210_220	0	10	Lawn_mower	visual
0zAFUHzL5kU_23_33	0,6,1,0	1,10,8,10	Speech,Speech,Cheering,Car	audio
0zAFUHzL5kU_23_33	0	10	Car	visual
1-VMTJRpjbE_150_160	1,4,8	3,10,10	Speech,Fire_alarm,Speech	audio
1-VMTJRpjbE_150_160	2	10	Fire_alarm	visual
103Bq0x6Mkc_30_40	0	10	Car	audio
103Bq0x6Mkc_30_40	0	10	Car	visual
104Ghhu6mks_21_31	0,5	9,6	Speech,Car	audio
104Ghhu6mks_21_31	0	10	Car	visual
10e2PY0WjPY_30_40	0	10	Car	audio
10e2PY0WjPY_30_40	0	10	Car	visual
10lI3fjFrBU_30_40	0,6,1,4	2,10,4,6	Speech,Speech,Singing,Singing	audio
10lI3fjFrBU_30_40	0	10	Car	visual
12-uDhDhWOk_30_40	0	10	Car	audio
12-uDhDhWOk_30_40	0	10	Car	visual
12eWNawPekw_30_40	0	10	Helicopter	audio
12eWNawPekw_30_40	0,0	10,10	Helicopter,Car	visual
13jJ1DHgJgI_30_40	0	10	Car	audio
13jJ1DHgJgI_30_40	0	1	Car	visual
14ekd4nkpwc_28_38	0	9	Baby_cry_infant_cry	audio
14ekd4nkpwc_28_38	0	9	Baby_cry_infant_cry	visual
14lfcY6CwZY_30_40	0,0	10,10	Speech,Car	audio
14lfcY6CwZY_30_40	0,0	10,10	Speech,Car	visual
14xiJ2TAfI0_430_440	0,6	6,8	Speech,Clapping	audio
14xiJ2TAfI0_430_440	0	6	Speech	visual
15qmhCMftso_70_80	0,0	10,10	Accordion,Violin_fiddle	audio
15qmhCMftso_70_80	0,0	10,8	Accordion,Violin_fiddle	visual
16k-hKzQqKc_270_280	0	10	Helicopter	audio
16k-hKzQqKc_270_280	0	10	Helicopter	visual
187cVfWpf6Q_100_110	0	10	Helicopter	audio
187cVfWpf6Q_100_110	0	10	Helicopter	visual
18Upv_ZinJ0_90_100	0,2	2,10	Speech,Vacuum_cleaner	audio
18Upv_ZinJ0_90_100	0	10	Vacuum_cleaner	visual
18XhuufODY0_30_40	5,0,0	10,4,4	Speech,Cheering,Singing	audio
18XhuufODY0_30_40	5,0	10,4	Speech,Cheering	visual
18ga5cnUrmk_80_90	0,0	10,10	Frying_(food),Speech	audio
18ga5cnUrmk_80_90	0	10	Frying_(food)	visual
19jWnmYnlD8_30_40	0	10	Violin_fiddle	audio
19jWnmYnlD8_30_40	0	10	Violin_fiddle	visual
19jWnmYnlD8_30_400	0	10	Clapping	audio
19jWnmYnlD8_30_400	0	10	Clapping	visual
19kcipjzOGI_7_17	0	9	Baby_cry_infant_cry	audio
19kcipjzOGI_7_17	0	10	Baby_cry_infant_cry	visual
19lu7gR1je0_180_190	0	10	Car	audio
19lu7gR1je0_180_190	0	10	Car	visual
1AgD2StmjBo_30_40	0	10	Car	audio
1AgD2StmjBo_30_40	0	10	Car	visual
1BPMaFuSk5Y_12_22	0,1	8,8	Car,Speech	audio
1BPMaFuSk5Y_12_22	0	9	Car	visual
1BgsmndYANA_27_37	0,9	10,10	Car,Speech	audio
1BgsmndYANA_27_37	0	10	Car	visual
1CG8aPFUBOs_30_40	0	10	Car	audio
1CG8aPFUBOs_30_40	0	10	Car	visual
1DqXuuPiPho_240_250	0,3,0	2,7,10	Singing,Singing,Violin_fiddle	audio
1DqXuuPiPho_240_250	0,3,0	2,7,10	Singing,Singing,Violin_fiddle	visual
1ErafvijpM4_10_20	0	10	Car	audio
1ErafvijpM4_10_20	0	10	Car	visual
1F93M55BYbM_3_13	0	10	Car	audio
1F93M55BYbM_3_13	0,5	10,10	Car,Motorcycle	visual
1FKNzvUjZPw_30_40	0	10	Helicopter	audio
1FKNzvUjZPw_30_40	0	10	Helicopter	visual
1FkR8wkSGU8_30_40	0,1,8	10,5,10	Car,Speech,Speech	audio
1FkR8wkSGU8_30_40	0	10	Car	visual
1FlvObIkYvo_10_20	0,5,9	10,6,10	Car,Speech,Speech	audio
1FlvObIkYvo_10_20	0	10	Car	visual
1H0fdBjsZHc_30_40	0	10	Helicopter	audio
1H0fdBjsZHc_30_40	0	10	Helicopter	visual
1I3NxY6OZ5E_28_38	0	10	Car	audio
1I3NxY6OZ5E_28_38	0	10	Car	visual
1Lf1fIO2H2c_120_130	0,0	10,10	Cello,Violin_fiddle	audio
1Lf1fIO2H2c_120_130	0,0	10,4	Cello,Violin_fiddle	visual
1MMFztEi-Hk_240_250	0,2	10,10	Blender,Speech	audio
1MMFztEi-Hk_240_250	0,2	10,10	Blender,Speech	visual
1My2TdVmCsg_5_15	0	10	Car	audio
1My2TdVmCsg_5_15	0	10	Car	visual
1NAoH6dROvo_30_40	0	10	Cheering	audio
1NAoH6dROvo_30_40	0	10	Cheering	visual
1O0nWgEa8_w_30_40	0,9	10,10	Car,Speech	audio
1O0nWgEa8_w_30_40	0	10	Car	visual
1P-cBqOVT24_10_20	0	10	Car	audio
1P-cBqOVT24_10_20	0	10	Car	visual
1PW3CB-gkHk_30_40	0	10	Car	audio
1PW3CB-gkHk_30_40	0	10	Car	visual
1PflWBiH0m4_10_20	0,0	10,10	Car,Motorcycle	audio
1PflWBiH0m4_10_20	0,0,6	10,3,10	Car,Motorcycle,Motorcycle	visual
1Qcxwho5ZLQ_30_40	0	10	Accordion	audio
1Qcxwho5ZLQ_30_40	0	10	Accordion	visual
1RJsIRC9sVg_30_40	0	10	Car	audio
1RJsIRC9sVg_30_40	0	10	Car	visual
1S9eqzFk-IE_80_90	0	10	Helicopter	audio
1S9eqzFk-IE_80_90	0,3	1,10	Helicopter,Helicopter	visual
1SVwE8mtUG8_290_300	0,2	9,5	Chainsaw,Speech	audio
1SVwE8mtUG8_290_300	0	10	Chainsaw	visual
1TI0hV-FkKg_30_40	0	10	Car	audio
1TI0hV-FkKg_30_40	0	10	Car	visual
1TsbyCeoZ_E_30_40	0,0,6	10,1,10	Car,Speech,Speech	audio
1TsbyCeoZ_E_30_40	0	10	Car	visual
1TzFK50oG_g_0_10	0	10	Car	audio
1TzFK50oG_g_0_10	0	10	Car	visual
1VJRQfad9RM_30_40	0	10	Car	audio
1VJRQfad9RM_30_40	0	10	Car	visual
1W1G5xI6fdE_21_31	0,2,1	3,5,9	Car,Singing,Speech	audio
1W1G5xI6fdE_21_31	0	5	Car	visual
1XFai_UlKrY_20_30	0	10	Car	audio
1XFai_UlKrY_20_30	0	10	Car	visual
1XaDmkM-AAw_150_160	0,0	10,10	Acoustic_guitar,Violin_fiddle	audio
1XaDmkM-AAw_150_160	0,0	10,10	Acoustic_guitar,Violin_fiddle	visual
1Y5nXF9O1Ds_420_430	0	10	Car	audio
1Y5nXF9O1Ds_420_430	0	10	Car	visual
1ZDVv5aNQfk_30_40	0	10	Car	audio
1ZDVv5aNQfk_30_40	0	10	Car	visual
1asrcrzsvuo_160_170	0,2	10,3	Blender,Speech	audio
1asrcrzsvuo_160_170	0	10	Blender	visual
1cpo-8IgL2c_120_130	0,6,1	10,10,3	Cheering,Clapping,Clapping	audio
1cpo-8IgL2c_120_130	6,6	10,10	Cheering,Clapping	visual
1dXi63XBCOg_140_150	3	10	Singing	audio
1dXi63XBCOg_140_150	3	10	Singing	visual
1eLSrZhUwCM_30_40	0,8	10,10	Car,Speech	audio
1eLSrZhUwCM_30_40	0	10	Car	visual
1eOhQvtQHm0_160_170	0,1,6	10,3,10	Blender,Speech,Speech	audio
1eOhQvtQHm0_160_170	0,1,6	10,3,10	Blender,Speech,Speech	visual
1eZeaT7IfE4_4_14	0,2,4,6	10,3,5,9	Car,Speech,Speech,Speech	audio
1eZeaT7IfE4_4_14	0	10	Car	visual
1easzswv0OM_130_140	0,0,6	7,2,10	Blender,Speech,Speech	audio
1easzswv0OM_130_140	0	10	Blender	visual
1efQ-Expp4s_50_60	7,1	10,6	Vacuum_cleaner,Speech	audio
1efQ-Expp4s_50_60	0	10	Vacuum_cleaner	visual
1ewB56vAp7I_480_490	0,3,8	10,6,10	Vacuum_cleaner,Speech,Speech	audio
1ewB56vAp7I_480_490	0,9	4,10	Vacuum_cleaner,Vacuum_cleaner	visual
1jxqWh8kOgI_140_150	0	10	Helicopter	audio
1jxqWh8kOgI_140_150	0,8	8,10	Helicopter,Car	visual
1sF3r4jqCKI_30_40	0	10	Violin_fiddle	audio
1sF3r4jqCKI_30_40	0,0	10,10	Violin_fiddle,Acoustic_guitar	visual
1uy12CfHhDk_170_180	0,0,7	10,5,9	Acoustic_guitar,Singing,Singing	audio
1uy12CfHhDk_170_180	0	10	Acoustic_guitar	visual
1v8tkB9u7DI_10_20	0,1,7	10,5,9	Fire_alarm,Fire_alarm,Fire_alarm	audio
1v8tkB9u7DI_10_20	0	5	Fire_alarm	visual
1vQbUPX0-TY_140_150	0,3,0	1,10,10	Speech,Singing,Banjo	audio
1vQbUPX0-TY_140_150	0,0,3	10,1,10	Banjo,Speech,Singing	visual
1vdboF6KhB0_30_40	0,0	10,2	Car,Speech	audio
1vdboF6KhB0_30_40	0	10	Car	visual
1yoC00ssaXo_10_20	0,5	2,10	Chicken_rooster,Chicken_rooster	audio
1yoC00ssaXo_10_20	8	10	Chicken_rooster	visual
1ypY7k2Biao_90_100	0,1,7,0	10,8,10,10	Acoustic_guitar,Singing,Speech,Accordion	audio
1ypY7k2Biao_90_100	0,1,7	10,8,10	Accordion,Singing,Speech	visual
20ysZc0Bp5o_10_20	0,9	7,10	Chicken_rooster,Chicken_rooster	audio
20ysZc0Bp5o_10_20	0	10	Chicken_rooster	visual
21-5dmhWaS0_1_11	0,2,5,8	1,3,7,10	Telephone_bell_ringing,Telephone_bell_ringing,Telephone_bell_ringing,Telephone_bell_ringing	audio
21-5dmhWaS0_1_11	0	10	Telephone_bell_ringing	visual
28WMzKS8Mvg_40_50	0	10	Vacuum_cleaner	audio
28WMzKS8Mvg_40_50	0	10	Vacuum_cleaner	visual
28c_azOmujY_20_30	0	10	Vacuum_cleaner	audio
28c_azOmujY_20_30	0	10	Vacuum_cleaner	visual
2D2rAWKavS0_29_39	0	10	Helicopter	audio
2D2rAWKavS0_29_39	0	10	Helicopter	visual
2GNao3a40A4_30_40	0	10	Car	audio
2GNao3a40A4_30_40	0	10	Car	visual
2GfYNfKtpK0_30_40	0	10	Chainsaw	audio
2GfYNfKtpK0_30_40	0	10	Chainsaw	visual
2Lg4zowpNxE_30_40	0	10	Vacuum_cleaner	audio
2Lg4zowpNxE_30_40	0	10	Vacuum_cleaner	visual
2Lv-dLVRsaI_30_40	0,4	7,10	Speech,Car	audio
2Lv-dLVRsaI_30_40	0	10	Car	visual
2M4NSG-8NVw_30_40	0	10	Accordion	audio
2M4NSG-8NVw_30_40	0	10	Accordion	visual
2MCyHJKRLYA_20_30	0,0	10,10	Singing,Cheering	audio
2MCyHJKRLYA_20_30	0	10	Cheering	visual
2NRDi8g-6Qk_200_210	0	10	Fire_alarm	audio
2NRDi8g-6Qk_200_210	0	5	Fire_alarm	visual
2Ntn4KCnUqc_100_110	0,3	10,4	Singing,Cheering	audio
2Ntn4KCnUqc_100_110	0	10	Singing	visual
2OJw3xGALI4_60_70	0	10	Vacuum_cleaner	audio
2OJw3xGALI4_60_70	0	10	Vacuum_cleaner	visual
2QB4g9ZeJmw_60_70	0,0	10,10	Cheering,Clapping	audio
2QB4g9ZeJmw_60_70	0,0	10,10	Cheering,Clapping	visual
2QCkooK5ZuY_30_40	0	10	Speech	audio
2QCkooK5ZuY_30_40	0,1	10,6	Car,Speech	visual
2S5nRkhDT9M_240_250	0	10	Accordion	audio
2S5nRkhDT9M_240_250	0	10	Accordion	visual
2TIrLDa9ilo_90_100	0	10	Singing	audio
2TIrLDa9ilo_90_100	0	10	Singing	visual
2U6WeaRLEds_140_150	2,6,9,0,5	5,8,10,3,8	Speech,Speech,Speech,Blender,Blender	audio
2U6WeaRLEds_140_150	0,2,6,9	10,5,8,10	Blender,Speech,Speech,Speech	visual
2U6aYsjc1UM_130_140	0,9,1,6	7,10,3,10	Speech,Speech,Blender,Blender	audio
2U6aYsjc1UM_130_140	0,0,9	10,7,10	Blender,Speech,Speech	visual
2UZmUuUPqr8_90_100	0,6	10,10	Frying_(food),Speech	audio
2UZmUuUPqr8_90_100	0	10	Frying_(food)	visual
2UjAPgJudZU_100_110	0	10	Car	audio
2UjAPgJudZU_100_110	0	10	Car	visual
2UmXe6lOblE_30_40	0,3	10,7	Car,Speech	audio
2UmXe6lOblE_30_40	0	10	Car	visual
2UqkPdlcL9M_160_170	1,0	8,10	Speech,Car	audio
2UqkPdlcL9M_160_170	0	8	Car	visual
2UuUxUmhugo_0_10	0	10	Chainsaw	audio
2UuUxUmhugo_0_10	0	10	Chainsaw	visual
2VBTz0clX0U_60_70	0,0,6,0,6	10,3,10,3,10	Singing,Cello,Cello,Violin_fiddle,Violin_fiddle	audio
2VBTz0clX0U_60_70	0,0,0	10,10,10	Violin_fiddle,Cello,Singing	visual
2WjjywPOwuE_10_20	0,0,5	10,2,6	Basketball_bounce,Speech,Speech	audio
2WjjywPOwuE_10_20	0	10	Basketball_bounce	visual
2YJMfQdcVhY_180_190	0,3	10,9	Fire_alarm,Speech	audio
2YJMfQdcVhY_180_190	0,4	2,8	Fire_alarm,Cat	visual
2YMj5Li-_mU_140_150	0,0,9	10,8,10	Car,Speech,Speech	audio
2YMj5Li-_mU_140_150	0	10	Car	visual
2ZVFpnkD35M_10_20	0	10	Singing	audio
2ZVFpnkD35M_10_20	0	10	Car	visual
2_AFIyj9N_I_120_130	0	10	Singing	audio
2_AFIyj9N_I_120_130	6	10	Singing	visual
2aZlrW4h7Do_20_30	0	10	Singing	audio
2aZlrW4h7Do_20_30	0	10	Singing	visual
2cxmB7Zx6Po_4_14	0	9	Speech	audio
2cxmB7Zx6Po_4_14	0	9	Car	visual
2d8NZkctxm8_30_40	0,0	10,10	Speech,Car	audio
2d8NZkctxm8_30_40	0,3	10,6	Car,Speech	visual
2dBLvucCdj4_160_170	0,1,4,7,8	10,4,7,8,10	Cat,Baby_laughter,Speech,Baby_laughter,Speech	audio
2dBLvucCdj4_160_170	0,1,4,7,8	10,4,7,8,10	Cat,Baby_laughter,Speech,Baby_laughter,Speech	visual
2dih3AAlObo_10_20	1,4,6,0	2,5,7,6	Basketball_bounce,Basketball_bounce,Basketball_bounce,Speech	audio
2dih3AAlObo_10_20	1,4,6	2,5,7	Basketball_bounce,Basketball_bounce,Basketball_bounce	visual
2eCf9vVEnX8_19_29	0,6	4,9	Car,Speech	audio
2eCf9vVEnX8_19_29	0	6	Car	visual
2faB83bZ0B4_80_90	0	10	Singing	audio
2faB83bZ0B4_80_90	3,8	7,10	Singing,Singing	visual
2h_AK0OQ42o_30_40	0,0,2	10,1,9	Car,Speech,Speech	audio
2h_AK0OQ42o_30_40	0	10	Car	visual
2i82jVZy1pk_100_110	4	8	Baby_laughter	audio
2i82jVZy1pk_100_110	4	8	Baby_laughter	visual
2j2c4g39q14_60_70	0,7,4	6,10,7	Speech,Speech,Cheering	audio
2j2c4g39q14_60_70	0,7	6,10	Speech,Speech	visual
2jQwv1d0DyU_30_40	0	10	Vacuum_cleaner	audio
2jQwv1d0DyU_30_40	0	10	Vacuum_cleaner	visual
2jb3oGyRnWg_30_40	0,4	10,6	Car,Speech	audio
2jb3oGyRnWg_30_40	0	10	Car	visual
2jzZGsHGIGg_30_40	0,2,9	10,8,10	Motorcycle,Car,Car	audio
2jzZGsHGIGg_30_40	0,2,9	10,7,10	Motorcycle,Car,Car	visual
2kdeC1hA1hc_26_36	0	10	Chicken_rooster	audio
2kdeC1hA1hc_26_36	0	10	Chicken_rooster	visual
2macpFUgV7g_70_80	0,2,6,0	1,5,9,8	Fire_alarm,Fire_alarm,Fire_alarm,Speech	audio
2macpFUgV7g_70_80	0	3	Fire_alarm	visual
2o7p139v9n4_20_30	0,0	10,1	Car,Speech	audio
2o7p139v9n4_20_30	0	10	Car	visual
2oBqMCzlIKI_50_60	8,0	10,10	Speech,Vacuum_cleaner	audio
2oBqMCzlIKI_50_60	0,8,8	6,10,10	Vacuum_cleaner,Vacuum_cleaner,Speech	visual
2okJDQuTVF4_30_40	0	10	Helicopter	audio
2okJDQuTVF4_30_40	0	10	Helicopter	visual
2orWqNIpHOc_16_26	0	10	Car	audio
2orWqNIpHOc_16_26	0	10	Car	visual
2ostuog9wxQ_30_40	1,9,3	10,10,10	Cheering,Speech,Clapping	audio
2ostuog9wxQ_30_40	1,1	9,8	Cheering,Clapping	visual
2pUldlC4Pwc_30_40	0,6	5,10	Speech,Speech	audio
2pUldlC4Pwc_30_40	0,6,0,6	10,10,1,7	Car,Speech,Basketball_bounce,Basketball_bounce	visual
2rk3CP0wyTE_30_40	0	10	Frying_(food)	audio
2rk3CP0wyTE_30_40	0	10	Frying_(food)	visual
2syCCpacVu0_30_40	0,0	10,10	Cello,Violin_fiddle	audio
2syCCpacVu0_30_40	0,0	10,10	Cello,Violin_fiddle	visual
2t-wNPg6_hw_110_120	0,0	10,10	Cello,Violin_fiddle	audio
2t-wNPg6_hw_110_120	0,0	10,10	Cello,Violin_fiddle	visual
2u1uhPJjG0E_130_140	0,0	10,1	Frying_(food),Speech	audio
2u1uhPJjG0E_130_140	0	10	Frying_(food)	visual
2uAcTbCSTOg_20_30	0,3,8	1,5,10	Basketball_bounce,Basketball_bounce,Basketball_bounce	audio
2uAcTbCSTOg_20_30	0,3,8	1,5,10	Basketball_bounce,Basketball_bounce,Basketball_bounce	visual
2uNBP5Bm2to_30_40	0,0	10,2	Car,Speech	audio
2uNBP5Bm2to_30_40	0	10	Car	visual
2uYwx8DBmLc_140_150	0,7,5,9	6,10,8,10	Blender,Blender,Speech,Speech	audio
2uYwx8DBmLc_140_150	0	10	Blender	visual
2vUXdUrqSj0_70_80	0,0	10,10	Singing,Cheering	audio
2vUXdUrqSj0_70_80	8	10	Singing	visual
2vqn1vRl-No_30_40	0	10	Chainsaw	audio
2vqn1vRl-No_30_40	0	10	Chainsaw	visual
2vxm0s-RdOY_260_270	0,2,1	3,10,9	Cheering,Speech,Clapping	audio
2vxm0s-RdOY_260_270	4	7	Basketball_bounce	visual
2yWbTuh3Tsk_130_140	0	10	Car	audio
2yWbTuh3Tsk_130_140	0	10	Car	visual
2yanV6gJNV0_0_10	0,0	8,10	Speech,Car	audio
2yanV6gJNV0_0_10	0,0	8,10	Speech,Car	visual
2z8v0R3dq44_20_30	0,3,4,0,4	4,10,10,2,7	Basketball_bounce,Cheering,Clapping,Speech,Speech	audio
2z8v0R3dq44_20_30	0,5,4,5	4,6,7,7	Basketball_bounce,Basketball_bounce,Cheering,Clapping	visual
3-BAZ9IRM1s_530_540	0	10	Vacuum_cleaner	audio
3-BAZ9IRM1s_530_540	0	10	Vacuum_cleaner	visual
3-Zuj5gO60g_5_15	0	10	Dog	audio
3-Zuj5gO60g_5_15	0	10	Dog	visual
3-uc0WWeHtc_70_80	0,0,0,0	10,10,10,10	Acoustic_guitar,Singing,Clapping,Cheering	audio
3-uc0WWeHtc_70_80	0,0,0	10,10,10	Acoustic_guitar,Singing,Cheering	visual
30I48iihzy8_30_40	0	10	Chicken_rooster	audio
30I48iihzy8_30_40	0	10	Chicken_rooster	visual
31ZR-LROPaE_30_40	0,3,7	10,6,8	Car,Speech,Speech	audio
31ZR-LROPaE_30_40	0	10	Car	visual
31iv4K9G_4E_30_40	0,0	10,10	Car,Speech	audio
31iv4K9G_4E_30_40	0	10	Car	visual
32HDt9nk9io_22_32	0,2,6	9,4,7	Car,Speech,Speech	audio
32HDt9nk9io_22_32	0	9	Car	visual
33SlPXN3NPk_0_10	0	10	Chainsaw	audio
33SlPXN3NPk_0_10	0	10	Chainsaw	visual
35Id1r22ypE_30_40	0	10	Car	audio
35Id1r22ypE_30_40	0	10	Car	visual
36vbgLgd4t8_80_90	1,4,7	3,6,10	Cheering,Cheering,Cheering	audio
36vbgLgd4t8_80_90	1,4,9	3,6,10	Cheering,Cheering,Cheering	visual
37JtYiS-_E4_90_100	0,0	10,10	Violin_fiddle,Cello	audio
37JtYiS-_E4_90_100	0,0	10,10	Violin_fiddle,Cello	visual
37hqUFpvl6A_30_40	0,6,4	3,10,5	Baby_laughter,Baby_laughter,Speech	audio
37hqUFpvl6A_30_40	0,6	3,10	Baby_laughter,Baby_laughter	visual
37whM1O5Yy4_130_140	4,2,8	5,3,10	Basketball_bounce,Basketball_bounce,Clapping	audio
37whM1O5Yy4_130_140	4	5	Basketball_bounce	visual
38QzYOWXjM4_21_31	0	9	Speech	audio
38QzYOWXjM4_21_31	1,2,4	2,3,9	Car,Car,Speech	visual
38_sexPaGyc_30_40	0,0,0,5	10,10,4,10	Singing,Car,Speech,Speech	audio
38_sexPaGyc_30_40	0	10	Car	visual
38d1p_pi1Bs_190_200	0,9,7	7,10,9	Speech,Speech,Basketball_bounce	audio
38d1p_pi1Bs_190_200	7	9	Basketball_bounce	visual
38lBhABkGbA_50_60	0,0	10,10	Clapping,Cheering	audio
38lBhABkGbA_50_60	0,0	10,10	Clapping,Cheering	visual
39KgkK23Zmk_0_10	0,4,0,9,0,4	3,9,3,10,3,9	Speech,Speech,Acoustic_guitar,Acoustic_guitar,Speech,Speech	audio
39KgkK23Zmk_0_10	0,4,0,0,0	3,9,10,10,10	Speech,Speech,Cello,Banjo,Acoustic_guitar	visual
3AZw1zRDdcE_170_180	0,2	10,8	Frying_(food),Speech	audio
3AZw1zRDdcE_170_180	0	10	Frying_(food)	visual
3C1EACXWbnM_140_150	0,0	10,7	Chainsaw,Speech	audio
3C1EACXWbnM_140_150	0	10	Chainsaw	visual
3CBZqO2vioI_150_160	0,1,0	10,4,10	Cheering,Clapping,Singing	audio
3CBZqO2vioI_150_160	0,1	10,3	Cheering,Clapping	visual
3D8mfbjSp4w_8_18	0,0	9,6	Car,Speech	audio
3D8mfbjSp4w_8_18	0	10	Car	visual
3ERn2kwnfA4_2_12	0,5	2,10	Speech,Speech	audio
3ERn2kwnfA4_2_12	0	10	Car	visual
3F2x54nOz6g_30_40	0,2	10,3	Car,Speech	audio
3F2x54nOz6g_30_40	0	10	Car	visual
3F3bbl6t2_g_30_40	0,0	10,10	Acoustic_guitar,Violin_fiddle	audio
3F3bbl6t2_g_30_40	0,0	10,10	Acoustic_guitar,Violin_fiddle	visual
3FAtNPDE4ec_190_200	0,8	10,10	Vacuum_cleaner,Speech	audio
3FAtNPDE4ec_190_200	0,0	10,10	Vacuum_cleaner,Dog	visual
3FRbdOsd4m8_40_50	0,0	10,1	Banjo,Speech	audio
3FRbdOsd4m8_40_50	0	10	Banjo	visual
3GzSX64mz9A_120_130	0,2,5,8,0	1,3,7,10,10	Speech,Speech,Speech,Speech,Frying_(food)	audio
3GzSX64mz9A_120_130	0	10	Frying_(food)	visual
3IVP5Gna8sI_30_40	0,6	10,10	Car,Speech	audio
3IVP5Gna8sI_30_40	0	10	Car	visual
3JYZ7Ge0ETE_27_37	0	6	Car	audio
3JYZ7Ge0ETE_27_37	0	6	Car	visual
3K0ud-1Qk9c_60_70	0,0	10,10	Violin_fiddle,Banjo	audio
3K0ud-1Qk9c_60_70	0,0	10,10	Violin_fiddle,Banjo	visual
3KwxaHZD2yU_220_230	0,2	10,10	Cheering,Clapping	audio
3KwxaHZD2yU_220_230	0,2	10,4	Cheering,Clapping	visual
3MO-mchYrHA_30_40	0	10	Car	audio
3MO-mchYrHA_30_40	0,5	2,10	Car,Car	visual
3QBBpzE3_Qk_90_100	1,4,0	2,5,10	Speech,Speech,Motorcycle	audio
3QBBpzE3_Qk_90_100	0,9,1,4	10,10,2,5	Car,Motorcycle,Speech,Speech	visual
3RIFPfcoHEM_20_30	4,0,6	10,2,10	Basketball_bounce,Speech,Speech	audio
3RIFPfcoHEM_20_30	4	10	Basketball_bounce	visual
3TtTUhlMu7I_10_20	0,3	2,10	Speech,Speech	audio
3TtTUhlMu7I_10_20	0,7,9	4,8,10	Basketball_bounce,Basketball_bounce,Basketball_bounce	visual
3UKgtbHjTBo_60_70	0,0,7	10,5,10	Acoustic_guitar,Singing,Singing	audio
3UKgtbHjTBo_60_70	0,0,7	10,5,10	Acoustic_guitar,Singing,Singing	visual
3_MU0ugzqKI_16_26	0	9	Motorcycle	audio
3_MU0ugzqKI_16_26	0	6	Motorcycle	visual
3aHPlaGoyaA_30_40	0,9,9	10,10,10	Speech,Clapping,Cheering	audio
3aHPlaGoyaA_30_40	0	10	Speech	visual
3aO1wVxQhUk_590_600	4,0	10,4	Clapping,Speech	audio
3aO1wVxQhUk_590_600	0,1,4	4,4,8	Speech,Cheering,Clapping	visual
3c70Lv8GH48_90_100	0,1	4,10	Singing,Acoustic_guitar	audio
3c70Lv8GH48_90_100	0,0	10,4	Acoustic_guitar,Singing	visual
3dKj3OZw7OY_60_70	1,3,6,0,0	2,4,10,10,10	Basketball_bounce,Basketball_bounce,Basketball_bounce,Speech,Cheering	audio
3dKj3OZw7OY_60_70	0	10	Basketball_bounce	visual
3erZlRYYru8_140_150	0	10	Singing	audio
3erZlRYYru8_140_150	0	3	Singing	visual
3gf7VphLu4A_30_40	0,0,0,0,9	10,10,10,10,10	Acoustic_guitar,Violin_fiddle,Clapping,Cheering,Singing	audio
3gf7VphLu4A_30_40	0,0,9	10,10,10	Acoustic_guitar,Violin_fiddle,Singing	visual
3kUHtnaD2-Y_0_10	0,0	1,10	Basketball_bounce,Speech	audio
3kUHtnaD2-Y_0_10	0	1	Basketball_bounce	visual
3oZLoVYIHFQ_50_60	0	10	Vacuum_cleaner	audio
3oZLoVYIHFQ_50_60	0,5,9	3,7,10	Vacuum_cleaner,Vacuum_cleaner,Vacuum_cleaner	visual
3qFOzgoWALk_90_100	0,3	2,9	Baby_laughter,Baby_laughter	audio
3qFOzgoWALk_90_100	0,3	2,9	Baby_laughter,Baby_laughter	visual
3r9NflVxUQw_320_330	5,8	7,10	Blender,Blender	audio
3r9NflVxUQw_320_330	0	10	Blender	visual
3sZMw6BdA1Y_30_40	0,4	3,10	Baby_cry_infant_cry,Baby_cry_infant_cry	audio
3sZMw6BdA1Y_30_40	0,3,5,9	2,4,6,10	Speech,Speech,Speech,Speech	audio
3sZMw6BdA1Y_30_40	0,3,5,9	2,4,6,10	Speech,Speech,Speech,Speech	visual
3u96MxfeTVU_90_100	0,0,0,0	5,10,10,10	Singing,Acoustic_guitar,Banjo,Cello	audio
3u96MxfeTVU_90_100	0,0,0,0	5,10,10,10	Singing,Acoustic_guitar,Banjo,Cello	visual
3v7q1xTR2LQ_30_40	0	10	Baby_cry_infant_cry	audio
3v7q1xTR2LQ_30_40	0	10	Baby_cry_infant_cry	visual
3xgysBvOy6s_280_290	0,0	10,4	Speech,Clapping	audio
3xgysBvOy6s_280_290	0	4	Clapping	visual
3zWX4iDWwTE_30_40	0,0,4	10,10,10	Speech,Speech,Basketball_bounce	audio
3zWX4iDWwTE_30_40	0,4	10,10	Speech,Basketball_bounce	visual
3zt3Z3qEJvw_110_120	0,4,0	10,5,3	Speech,Basketball_bounce,Clapping	audio
3zt3Z3qEJvw_110_120	4,6	5,10	Basketball_bounce,Speech	visual
4-LmoEML4vQ_440_450	0,0	10,10	Violin_fiddle,Cello	audio
4-LmoEML4vQ_440_450	0,0	10,10	Violin_fiddle,Cello	visual
4-b0IdcVTqw_20_30	0	10	Cheering	audio
4-b0IdcVTqw_20_30	0	10	Cheering	visual
403Hzy9-EsY_550_560	0,0,7	10,10,10	Cheering,Speech,Clapping	audio
403Hzy9-EsY_550_560	7	10	Clapping	visual
40PKn0gnPJA_170_180	0	10	Singing	audio
40PKn0gnPJA_170_180	0,5,8	1,6,9	Singing,Singing,Singing	visual
41TTeZMRpzs_30_40	0,0,5	3,10,8	Dog,Vacuum_cleaner,Speech	audio
41TTeZMRpzs_30_40	0,0	10,4	Dog,Vacuum_cleaner	visual
435H0Ai36E4_40_50	0	10	Vacuum_cleaner	audio
435H0Ai36E4_40_50	0,0	10,10	Dog,Vacuum_cleaner	visual
43JvH6ly2rc_240_250	4,0,7	10,6,9	Singing,Acoustic_guitar,Acoustic_guitar	audio
43JvH6ly2rc_240_250	0,4	10,10	Acoustic_guitar,Singing	visual
44ieR06LA9s_220_230	2,8	8,10	Singing,Cheering	audio
44ieR06LA9s_220_230	2	8	Singing	visual
45wAIX6_eCo_100_110	0,3,5	2,4,8	Baby_laughter,Baby_laughter,Baby_laughter	audio
45wAIX6_eCo_100_110	0,3,5	2,4,8	Baby_laughter,Baby_laughter,Baby_laughter	visual
48iqWuaAkSU_140_150	0,0	10,10	Violin_fiddle,Cello	audio
48iqWuaAkSU_140_150	0	10	Violin_fiddle	visual
49zutSfmZ2o_90_100	0,0,7	10,6,10	Acoustic_guitar,Singing,Singing	audio
49zutSfmZ2o_90_100	0,0,7	10,6,10	Acoustic_guitar,Singing,Singing	visual
4ANSBlG1pfs_60_70	0,0	5,6	Vacuum_cleaner,Speech	audio
4ANSBlG1pfs_60_70	0	10	Vacuum_cleaner	visual
4F6dZyeUQ7o_0_10	1,5	3,10	Chicken_rooster,Chicken_rooster	audio
4F6dZyeUQ7o_0_10	0	10	Chicken_rooster	visual
4GsxyoB4aTc_490_500	1,3,5	3,10,10	Cheering,Speech,Clapping	audio
4GsxyoB4aTc_490_500	6	10	Clapping	visual
4HBpU0TRpYg_30_40	0	10	Motorcycle	audio
4HBpU0TRpYg_30_40	0	10	Motorcycle	visual
4HYZPiffsng_130_140	0,6	10,9	Singing,Cheering	audio
4HYZPiffsng_130_140	0	10	Singing	visual
4I7lDHX-3yw_30_40	0,0	10,10	Violin_fiddle,Cello	audio
4I7lDHX-3yw_30_40	0,0	10,10	Violin_fiddle,Cello	visual
4IVeDG3meqY_140_150	0,7	6,10	Lawn_mower,Speech	audio
4IVeDG3meqY_140_150	0	10	Lawn_mower	visual
4IXRJOyWD1c_190_200	2,0	9,10	Singing,Cello	audio
4IXRJOyWD1c_190_200	2,0	9,10	Singing,Cello	visual
4LrIrsf0-RQ_60_70	0,5,6,9	3,8,10,10	Cheering,Clapping,Speech,Cheering	audio
4LrIrsf0-RQ_60_70	3	5	Basketball_bounce	visual
4O9rI-FpqLg_10_20	0,0	10,10	Clapping,Speech	audio
4O9rI-FpqLg_10_20	0	10	Cheering	visual
4Q37R8tiQUo_370_380	0,2,8	3,6,10	Speech,Blender,Blender	audio
4Q37R8tiQUo_370_380	0	10	Blender	visual
4YdbENYcIyE_23_33	0	4	Baby_cry_infant_cry	audio
4YdbENYcIyE_23_33	0	10	Baby_cry_infant_cry	visual
4YevHVmj_Pw_20_30	0,2,8,8	1,10,10,10	Speech,Speech,Cheering,Clapping	audio
4YevHVmj_Pw_20_30	0,8,8	8,10,10	Basketball_bounce,Cheering,Clapping	visual
4Z9beOADIII_160_170	0,8,9,7	3,9,10,8	Speech,Speech,Speech,Cheering	audio
4Z9beOADIII_160_170	2,7	3,9	Basketball_bounce,Clapping	visual
4bSKwakkWIE_0_10	1	10	Chicken_rooster	audio
4bSKwakkWIE_0_10	0	10	Chicken_rooster	visual
4c4B-5YpkVc_370_380	0	10	Helicopter	audio
4c4B-5YpkVc_370_380	0	10	Helicopter	visual
4dG9F_XdFR4_200_210	4,0	10,8	Speech,Telephone_bell_ringing	audio
4dG9F_XdFR4_200_210	0	10	Telephone_bell_ringing	visual
4ejLeuJcmoQ_25_35	0	10	Helicopter	audio
4ejLeuJcmoQ_25_35	0	10	Helicopter	visual
4gZQO_9-HPI_330_340	0,0,8	10,5,9	Frying_(food),Speech,Speech	audio
4gZQO_9-HPI_330_340	0	10	Frying_(food)	visual
4hrI2M7j8WA_30_40	0	9	Baby_cry_infant_cry	audio
4hrI2M7j8WA_30_40	0	10	Baby_cry_infant_cry	visual
4iJQqql5fNo_30_40	0	10	Violin_fiddle	audio
4iJQqql5fNo_30_40	0	10	Violin_fiddle	visual
4ji654VwS1Y_30_40	0,3,4,4	1,4,8,9	Basketball_bounce,Speech,Basketball_bounce,Dog	audio
4ji654VwS1Y_30_40	0,4,3	1,8,5	Basketball_bounce,Basketball_bounce,Dog	visual
4jmv1XpnR90_50_60	2,4	3,10	Baby_laughter,Baby_laughter	audio
4jmv1XpnR90_50_60	1,4	3,10	Baby_laughter,Baby_laughter	visual
4m4aH1ZE9gI_370_380	0,5	10,7	Speech,Banjo	audio
4m4aH1ZE9gI_370_380	0,0	10,10	Banjo,Speech	visual
4qcrawQOVTM_260_270	0,0	2,9	Blender,Speech	audio
4qcrawQOVTM_260_270	0	3	Blender	visual
4sXCFq_FrPo_100_110	0,0	10,10	Speech,Banjo	audio
4sXCFq_FrPo_100_110	0	10	Speech	visual
4si49U1zha4_30_40	0,3	10,10	Clapping,Singing	audio
4si49U1zha4_30_40	8,0	10,10	Singing,Clapping	visual
4tnW9atZKo0_30_40	0,0	10,10	Cello,Violin_fiddle	audio
4tnW9atZKo0_30_40	0,0	6,10	Cello,Violin_fiddle	visual
4zPHNzZiZlU_280_290	0,0	10,10	Singing,Acoustic_guitar	audio
4zPHNzZiZlU_280_290	0,0	10,10	Singing,Acoustic_guitar	visual
5-2Tt3g6A8c_310_320	0	10	Helicopter	audio
5-2Tt3g6A8c_310_320	0	10	Helicopter	visual
530yiQ7x99E_570_580	1,4	5,10	Speech,Blender	audio
530yiQ7x99E_570_580	0	10	Blender	visual
53ZLWPGoQ8o_40_50	0,7	10,9	Clapping,Speech	audio
53ZLWPGoQ8o_40_50	0,0	8,10	Clapping,Acoustic_guitar	visual
54Ool76D12Q_70_80	0,0,4	10,3,5	Vacuum_cleaner,Speech,Speech	audio
54Ool76D12Q_70_80	0,9	7,10	Vacuum_cleaner,Vacuum_cleaner	visual
55GEs-yyOXc_80_90	0,6	10,10	Basketball_bounce,Speech	audio
55GEs-yyOXc_80_90	0	10	Basketball_bounce	visual
585sVgKWYHg_130_140	0	10	Blender	audio
585sVgKWYHg_130_140	0	10	Blender	visual
5Ewue2D1aeo_80_90	0	10	Cello	audio
5Ewue2D1aeo_80_90	0,0	10,10	Cello,Violin_fiddle	visual
5FmalezMAls_13_23	0,0	10,10	Cheering,Speech	audio
5FmalezMAls_13_23	0	10	Cheering	visual
5G6b_QWL3nY_60_70	0,0	10,10	Frying_(food),Speech	audio
5G6b_QWL3nY_60_70	1	10	Frying_(food)	visual
5GFWog3rkOo_190_200	6	10	Fire_alarm	audio
5GFWog3rkOo_190_200	1	10	Fire_alarm	visual
5IDCyA2GDgs_30_40	0	10	Blender	audio
5IDCyA2GDgs_30_40	0	10	Blender	visual
5JBkO-Dyuis_0_10	0,5,8,6,6	3,7,10,10,10	Basketball_bounce,Speech,Speech,Cheering,Clapping	audio
5JBkO-Dyuis_0_10	0,6,6,6	3,10,9,9	Basketball_bounce,Basketball_bounce,Cheering,Clapping	visual
5JFecNRvbog_150_160	0,0	10,10	Lawn_mower,Speech	audio
5JFecNRvbog_150_160	0	10	Lawn_mower	visual
5KPr4Na_STc_30_40	0	10	Lawn_mower	audio
5KPr4Na_STc_30_40	0	10	Lawn_mower	visual
5M-KlyJmQPE_310_320	0	10	Speech	audio
5M-KlyJmQPE_310_320	0	10	Lawn_mower	visual
5M8JlZNtw0w_20_30	0	10	Vacuum_cleaner	audio
5M8JlZNtw0w_20_30	0	10	Vacuum_cleaner	visual
5OEgBmdTyJE_40_50	0,3	1,10	Chicken_rooster,Chicken_rooster	audio
5OEgBmdTyJE_40_50	0	10	Chicken_rooster	visual
5PRDmll4w5g_60_70	0,1,5	10,2,10	Frying_(food),Speech,Speech	audio
5PRDmll4w5g_60_70	0	10	Frying_(food)	visual
5PXHXL89Kac_0_10	1	10	Vacuum_cleaner	audio
5PXHXL89Kac_0_10	0	10	Vacuum_cleaner	visual
5Q2UcVku9-E_150_160	4,6,9,0	5,7,10,10	Speech,Speech,Speech,Vacuum_cleaner	audio
5Q2UcVku9-E_150_160	0	10	Vacuum_cleaner	visual
5TpfTyEWr3k_70_80	0	10	Accordion	audio
5TpfTyEWr3k_70_80	0	10	Accordion	visual
5Ut2Ji8FdMw_30_40	0,0	10,10	Cheering,Speech	audio
5Ut2Ji8FdMw_30_40	0	10	Cheering	visual
5WTVL8fEUY0_110_120	2	10	Cheering	audio
5WTVL8fEUY0_110_120	0	10	Cheering	visual
5WzC9x-CSdI_350_360	0	8	Fire_alarm	audio
5WzC9x-CSdI_350_360	0	10	Fire_alarm	visual
5XPkYYaXgLc_230_240	2,5,0,3,0	4,6,2,10,10	Basketball_bounce,Basketball_bounce,Speech,Speech,Cheering	audio
5XPkYYaXgLc_230_240	2,5	4,6	Basketball_bounce,Basketball_bounce	visual
5YUfq2YeYdI_30_40	0,5	10,8	Chainsaw,Speech	audio
5YUfq2YeYdI_30_40	0	4	Chainsaw	visual
5ZYL9aj-iSE_16_26	0,5	5,10	Singing,Chicken_rooster	audio
5ZYL9aj-iSE_16_26	0	10	Chicken_rooster	visual
5auTv92pFHw_50_60	0,0,6	10,4,10	Vacuum_cleaner,Speech,Speech	audio
5auTv92pFHw_50_60	0,6	4,10	Speech,Speech	visual
5bS6ZvqET4U_210_220	0,2,0	1,10,10	Acoustic_guitar,Acoustic_guitar,Singing	audio
5bS6ZvqET4U_210_220	0,0	10,10	Singing,Acoustic_guitar	visual
5cHQC4DrdtE_10_20	5,5	8,10	Basketball_bounce,Speech	audio
5cHQC4DrdtE_10_20	5	8	Basketball_bounce	visual
5eAw9Pp6dHk_260_270	0,0	10,10	Violin_fiddle,Cello	audio
5eAw9Pp6dHk_260_270	0	10	Violin_fiddle	visual
5er9MoTAogc_10_20	0	10	Baby_cry_infant_cry	audio
5er9MoTAogc_10_20	0	10	Baby_cry_infant_cry	visual
5hExI3Kf6bw_30_40	0	10	Accordion	audio
5hExI3Kf6bw_30_40	0	10	Accordion	visual
5iF6LJ7_N2Q_400_410	0,0,7	7,7,10	Cello,Violin_fiddle,Clapping	audio
5iF6LJ7_N2Q_400_410	0,0,7	10,10,10	Violin_fiddle,Cello,Clapping	visual
5iGJ3W1QPKw_190_200	7	10	Chainsaw	audio
5iGJ3W1QPKw_190_200	0	10	Chainsaw	visual
5iHTULmNp9E_210_220	0,0	10,10	Singing,Cheering	audio
5iHTULmNp9E_210_220	0,0	10,10	Singing,Cheering	visual
5jKH6UTb7sw_30_40	0,0,4	1,10,10	Clapping,Speech,Banjo	audio
5jKH6UTb7sw_30_40	0,0,0	10,10,10	Speech,Acoustic_guitar,Banjo	visual
5sXb7q-ek7I_60_70	0	10	Clapping	audio
5sXb7q-ek7I_60_70	0	10	Clapping	visual
5u9QqiB08Fg_10_20	0	10	Accordion	audio
5u9QqiB08Fg_10_20	0	10	Accordion	visual
5xWHm9t_yAo_30_40	0	10	Violin_fiddle	audio
5xWHm9t_yAo_30_40	0	10	Violin_fiddle	visual
5zLQNFQ2cFI_220_230	0,4,8,0,0,0	3,7,10,10,10,10	Singing,Singing,Singing,Banjo,Cello,Acoustic_guitar	audio
5zLQNFQ2cFI_220_230	0,4,8,0,0,0	3,7,10,10,10,10	Singing,Singing,Singing,Banjo,Cello,Acoustic_guitar	visual
5zLblkp2yOQ_50_60	1,4	3,7	Basketball_bounce,Basketball_bounce	audio
5zLblkp2yOQ_50_60	2,4	3,7	Basketball_bounce,Basketball_bounce	visual
6-2SCYUDBZw_30_40	0	10	Vacuum_cleaner	audio
6-2SCYUDBZw_30_40	0	10	Vacuum_cleaner	visual
63heHZVYvc0_240_250	6,2	10,6	Cheering,Basketball_bounce	audio
63heHZVYvc0_240_250	2,7	6,8	Basketball_bounce,Basketball_bounce	visual
66s_MyBd47s_360_370	1,3,7	2,5,10	Speech,Speech,Frying_(food)	audio
66s_MyBd47s_360_370	3	5	Frying_(food)	visual
69wXDaayFKM_316_326	0	10	Clapping	audio
69wXDaayFKM_316_326	0	10	Clapping	visual
6BwASiY-tzU_21_31	0	10	Baby_cry_infant_cry	audio
6BwASiY-tzU_21_31	0	10	Baby_cry_infant_cry	visual
6D-xUCN0iHA_40_50	0,0	10,10	Clapping,Cheering	audio
6D-xUCN0iHA_40_50	0,0	10,10	Clapping,Cheering	visual
6EEk_o64UYA_90_100	0,0,0	9,9,9	Cello,Violin_fiddle,Acoustic_guitar	audio
6EEk_o64UYA_90_100	0,0,0	10,10,10	Cello,Violin_fiddle,Acoustic_guitar	visual
6EeyngaELKA_0_10	7	10	Blender	audio
6EeyngaELKA_0_10	6	10	Blender	visual
6FviyjRjgnc_60_70	0,5,8	4,8,10	Lawn_mower,Lawn_mower,Speech	audio
6FviyjRjgnc_60_70	8	10	Speech	visual
6GGL8uDytH8_70_80	6	10	Basketball_bounce	audio
6GGL8uDytH8_70_80	6	10	Basketball_bounce	visual
6GfKGwRSRIw_30_40	0	10	Vacuum_cleaner	audio
6GfKGwRSRIw_30_40	0	10	Vacuum_cleaner	visual
6Gyp_pZ2LCU_10_20	0,2,3	1,4,10	Speech,Clapping,Singing	audio
6Gyp_pZ2LCU_10_20	2	4	Clapping	visual
6Ix6axuXbnA_470_480	0	10	Vacuum_cleaner	audio
6Ix6axuXbnA_470_480	0	10	Vacuum_cleaner	visual
6KfCKGRBxRc_30_40	0,0,6	10,4,9	Cheering,Singing,Singing	audio
6KfCKGRBxRc_30_40	0,6	4,9	Singing,Singing	visual
6KgVhi8eYjc_30_40	0,0,6	10,5,10	Chicken_rooster,Chicken_rooster,Chicken_rooster	audio
6KgVhi8eYjc_30_40	0	10	Chicken_rooster	visual
6Kj5byQcQ10_40_50	0,8,9	8,10,10	Speech,Cheering,Speech	audio
6Kj5byQcQ10_40_50	1,5	4,7	Speech,Speech	visual
6MsXK02jZKE_40_50	0	10	Helicopter	audio
6MsXK02jZKE_40_50	0,6	4,8	Helicopter,Helicopter	visual
6PKKgaQgm1g_90_100	2	6	Chicken_rooster	audio
6PKKgaQgm1g_90_100	0	10	Chicken_rooster	visual
6Q9a3JnuDaA_220_230	0,0	10,10	Fire_alarm,Speech	audio
6Q9a3JnuDaA_220_230	5	10	Fire_alarm	visual
6SgzzYG-B1Q_30_40	0,6	5,7	Chicken_rooster,Chicken_rooster	audio
6SgzzYG-B1Q_30_40	0	10	Chicken_rooster	visual
6TRJu1kHIJY_10_20	0	10	Helicopter	audio
6TRJu1kHIJY_10_20	0	10	Helicopter	visual
6TX5z51nhvQ_30_40	0,7	10,9	Accordion,Speech	audio
6TX5z51nhvQ_30_40	0	10	Accordion	visual
6TweVTyp6a4_30_40	1,6,7,2	4,10,9,7	Cheering,Cheering,Clapping,Speech	audio
6TweVTyp6a4_30_40	1,6,4,7	4,10,6,9	Cheering,Cheering,Speech,Clapping	visual
6YuCa3NAINw_130_140	0,2,6,9	10,4,8,10	Frying_(food),Singing,Singing,Speech	audio
6YuCa3NAINw_130_140	0	10	Frying_(food)	visual
6_ADEY85YME_110_120	0	10	Blender	audio
6_ADEY85YME_110_120	0	10	Blender	visual
6aV6c8mY0lg_30_40	0	10	Chainsaw	audio
6aV6c8mY0lg_30_40	0,3,9	1,6,10	Chainsaw,Chainsaw,Chainsaw	visual
6agI5a-5TGY_270_280	0	10	Vacuum_cleaner	audio
6agI5a-5TGY_270_280	0	10	Vacuum_cleaner	visual
6bmJLRXrH-g_11_21	0,0	9,8	Speech,Telephone_bell_ringing	audio
6bmJLRXrH-g_11_21	0	7	Telephone_bell_ringing	visual
6dvq5W-9D04_30_40	0	10	Chicken_rooster	audio
6dvq5W-9D04_30_40	0	10	Chicken_rooster	visual
6e3aERe95fI_30_40	0,2,4,9	1,3,6,10	Cat,Cat,Cat,Cat	audio
6e3aERe95fI_30_40	0	10	Cat	visual
6eT3o01nEmo_30_40	0,0	10,10	Cello,Violin_fiddle	audio
6eT3o01nEmo_30_40	0,0	10,10	Cello,Violin_fiddle	visual
6gSLA-BG7Lw_70_80	0,0,8	2,2,10	Basketball_bounce,Speech,Cheering	audio
6gSLA-BG7Lw_70_80	0,7	5,9	Basketball_bounce,Basketball_bounce	visual
6gW-ALg2Tio_290_300	0	10	Lawn_mower	audio
6gW-ALg2Tio_290_300	0	10	Lawn_mower	visual
6kKs7UKCUBA_70_80	0	10	Frying_(food)	audio
6kKs7UKCUBA_70_80	0	10	Frying_(food)	visual
6m9RSmLeC6M_40_50	0	10	Fire_alarm	audio
6m9RSmLeC6M_40_50	0	10	Fire_alarm	visual
6m9tybo1Lvo_380_390	0,9,6	8,10,8	Accordion,Accordion,Speech	audio
6m9tybo1Lvo_380_390	0	3	Accordion	visual
6mBfajqi1pg_560_570	0	10	Vacuum_cleaner	audio
6mBfajqi1pg_560_570	0	10	Vacuum_cleaner	visual
6mWz9fxXO7s_490_500	0,0,5,9	10,3,6,10	Chainsaw,Speech,Speech,Speech	audio
6mWz9fxXO7s_490_500	0	10	Chainsaw	visual
6oJeeOZFzyY_20_30	0	10	Helicopter	audio
6oJeeOZFzyY_20_30	0	10	Helicopter	visual
6ocUrRBIuls_340_350	0,0,3,5,9	10,2,4,6,10	Vacuum_cleaner,Speech,Speech,Speech,Speech	audio
6ocUrRBIuls_340_350	0	10	Vacuum_cleaner	visual
6pHtlOXBxTI_30_40	0,0	10,10	Cheering,Speech	audio
6pHtlOXBxTI_30_40	0	10	Cheering	visual
6puZFsJvC64_70_80	0,0	10,10	Banjo,Clapping	audio
6puZFsJvC64_70_80	0,0	10,10	Banjo,Clapping	visual
6pw5sDsjCio_100_110	0	10	Vacuum_cleaner	audio
6pw5sDsjCio_100_110	0	6	Vacuum_cleaner	visual
6tCRm2ZbFWI_0_10	0,0	8,10	Speech,Frying_(food)	audio
6tCRm2ZbFWI_0_10	0	10	Frying_(food)	visual
6uQyki-4Q_c_0_10	5,1	10,10	Singing,Acoustic_guitar	audio
6uQyki-4Q_c_0_10	0,5	10,10	Acoustic_guitar,Singing	visual
6x5UQq781zQ_0_10	2	10	Accordion	audio
6x5UQq781zQ_0_10	0	10	Accordion	visual
6zGSFN2LhRQ_30_40	0	10	Accordion	audio
6zGSFN2LhRQ_30_40	0	10	Accordion	visual
71MwJKnUfUI_190_200	0,0	10,10	Acoustic_guitar,Singing	audio
71MwJKnUfUI_190_200	7,7	10,10	Acoustic_guitar,Singing	visual
74rZ_mljj18_90_100	0,6	10,9	Speech,Basketball_bounce	audio
74rZ_mljj18_90_100	6	9	Basketball_bounce	visual
77Hsf1HCiyU_210_220	1,1	10,10	Cello,Violin_fiddle	audio
77Hsf1HCiyU_210_220	0,0	10,10	Cello,Violin_fiddle	visual
78yrwc9y1ik_10_20	0,8	3,10	Baby_cry_infant_cry,Baby_cry_infant_cry	audio
78yrwc9y1ik_10_20	0,8	3,10	Baby_cry_infant_cry,Baby_cry_infant_cry	visual
7CMYwP1EvKM_60_70	0	10	Motorcycle	audio
7CMYwP1EvKM_60_70	0	10	Motorcycle	visual
7CcA8xdUah4_120_130	5	6	Dog	audio
7CcA8xdUah4_120_130	4	10	Dog	visual
7ECzsh5EkP8_30_40	0	10	Chicken_rooster	audio
7ECzsh5EkP8_30_40	0	10	Chicken_rooster	visual
7Iwu2gczI1g_540_550	0	10	Helicopter	audio
7Iwu2gczI1g_540_550	0	10	Helicopter	visual
7JD8chF_SJY_0_10	0,0,8	9,1,10	Basketball_bounce,Speech,Speech	audio
7JD8chF_SJY_0_10	3	9	Basketball_bounce	visual
7LViMtUpw8Q_40_50	0	10	Helicopter	audio
7LViMtUpw8Q_40_50	0	10	Helicopter	visual
7LVqHbJ6N1E_90_100	0	10	Helicopter	audio
7LVqHbJ6N1E_90_100	0,8,0	7,10,8	Helicopter,Helicopter,Car	visual
7MXZvu6cjuU_90_100	0,0,3,4,9	3,1,5,8,10	Speech,Basketball_bounce,Cheering,Speech,Speech	audio
7MXZvu6cjuU_90_100	0,0,3,5,9	1,1,5,8,10	Speech,Basketball_bounce,Basketball_bounce,Speech,Speech	visual
7NLT62MMjHM_30_40	4	10	Clapping	audio
7NLT62MMjHM_30_40	5,5	8,9	Cello,Violin_fiddle	visual
7OhK3f4X1VQ_7_17	0	10	Car	audio
7OhK3f4X1VQ_7_17	0	5	Car	visual
7OxK7UvZ5S8_150_160	0,1	2,10	Clapping,Accordion	audio
7OxK7UvZ5S8_150_160	0	2	Accordion	visual
7SChBv97cmg_10_20	0	10	Chainsaw	audio
7SChBv97cmg_10_20	0	10	Chainsaw	visual
7TZDBbCYZN0_70_80	4,7,3,6	5,10,5,9	Baby_laughter,Baby_laughter,Speech,Speech	audio
7TZDBbCYZN0_70_80	4,7	5,10	Baby_laughter,Baby_laughter	visual
7USy-jxSsUg_30_40	0	8	Baby_cry_infant_cry	audio
7USy-jxSsUg_30_40	0	9	Baby_cry_infant_cry	visual
7Vfb0lpJkpU_50_60	2,6,0	3,10,6	Speech,Speech,Vacuum_cleaner	audio
7Vfb0lpJkpU_50_60	0,6	5,10	Vacuum_cleaner,Vacuum_cleaner	visual
7X1_j3XrgnA_30_40	0	10	Telephone_bell_ringing	audio
7X1_j3XrgnA_30_40	0	10	Telephone_bell_ringing	visual
7XM4DfCbONg_210_220	0,0,0,0,6,6,9	7,7,7,7,10,10,10	Banjo,Violin_fiddle,Cello,Acoustic_guitar,Cheering,Clapping,Speech	audio
7XM4DfCbONg_210_220	0,0,0,0	10,10,10,10	Banjo,Violin_fiddle,Cello,Acoustic_guitar	visual
7Y0xgnuuFW4_21_31	0	8	Speech	audio
7Y0xgnuuFW4_21_31	1	2	Clapping	visual
7Z9KzMO4hbM_180_190	1,4,6	4,5,7	Telephone_bell_ringing,Speech,Speech	audio
7Z9KzMO4hbM_180_190	1	5	Telephone_bell_ringing	visual
7_MjnPGZb3g_30_40	4,0,6	6,3,9	Fire_alarm,Speech,Speech	audio
7_MjnPGZb3g_30_40	0	10	Fire_alarm	visual
7bPt8dhIAiU_120_130	0	10	Vacuum_cleaner	audio
7bPt8dhIAiU_120_130	0	10	Vacuum_cleaner	visual
7eO9zH2KCC4_30_40	0,0	10,10	Acoustic_guitar,Violin_fiddle	audio
7eO9zH2KCC4_30_40	0,0	10,10	Acoustic_guitar,Violin_fiddle	visual
7g3idUTE1KM_30_40	0,7	10,8	Speech,Clapping	audio
7g3idUTE1KM_30_40	0,7	10,8	Speech,Clapping	visual
7hspZOznOIM_0_10	4,9,2	7,10,4	Telephone_bell_ringing,Telephone_bell_ringing,Speech	audio
7hspZOznOIM_0_10	4	10	Telephone_bell_ringing	visual
7iSCziLZgow_60_70	0,1,5	9,4,10	Banjo,Speech,Speech	audio
7iSCziLZgow_60_70	1,5	4,10	Speech,Speech	visual
7mg1TKMPh-c_20_30	0	10	Cello	audio
7mg1TKMPh-c_20_30	0	10	Cello	visual
7mrVq35XPrk_330_340	0,1	10,8	Vacuum_cleaner,Speech	audio
7mrVq35XPrk_330_340	0	10	Vacuum_cleaner	visual
7oPED09nVAk_100_110	0,0,7	10,3,10	Acoustic_guitar,Singing,Singing	audio
7oPED09nVAk_100_110	0,0,7	3,3,10	Acoustic_guitar,Singing,Singing	visual
7rYjAdnb3CA_20_30	2,0	5,10	Speech,Car	audio
7rYjAdnb3CA_20_30	2,0	5,10	Speech,Car	visual
7tgqtRO7RXA_170_180	1,6	10,8	Singing,Clapping	audio
7tgqtRO7RXA_170_180	1,6	10,8	Singing,Clapping	visual
7uKI2_0A2ik_30_40	0	9	Violin_fiddle	audio
7uKI2_0A2ik_30_40	0	10	Violin_fiddle	visual
7uXeXKxHQ6A_300_310	0	10	Lawn_mower	audio
7uXeXKxHQ6A_300_310	0	8	Lawn_mower	visual
7ukkbeEdBd4_20_30	1	10	Speech	audio
7ukkbeEdBd4_20_30	0,3,7,9	1,4,8,10	Basketball_bounce,Basketball_bounce,Basketball_bounce,Basketball_bounce	visual
7wQzfyAWIFc_60_70	0,0,0	10,10,10	Banjo,Violin_fiddle,Cello	audio
7wQzfyAWIFc_60_70	0,0,0	10,10,10	Banjo,Violin_fiddle,Cello	visual
7y0E-IeaZBE_30_40	0	10	Chicken_rooster	audio
7y0E-IeaZBE_30_40	0	10	Chicken_rooster	visual
7yMXFUS0Vuo_6_16	0,0	10,4	Speech,Vacuum_cleaner	audio
7yMXFUS0Vuo_6_16	0	10	Vacuum_cleaner	visual
7yeWLEus7OI_80_90	0	10	Blender	audio
7yeWLEus7OI_80_90	0	10	Blender	visual
7zAZVwxH9PM_550_560	1,8,0	4,10,10	Basketball_bounce,Basketball_bounce,Speech	audio
7zAZVwxH9PM_550_560	1,8	4,10	Basketball_bounce,Basketball_bounce	visual
81WXDWpgzPA_0_10	0	10	Lawn_mower	audio
81WXDWpgzPA_0_10	0	10	Lawn_mower	visual
82T_W4uINdQ_130_140	0,0	10,10	Cello,Violin_fiddle	audio
82T_W4uINdQ_130_140	0	10	Cello	visual
83Txe5EAijU_260_270	6,0	10,6	Blender,Speech	audio
83Txe5EAijU_260_270	0,0	6,10	Speech,Blender	visual
84OQA_JJHPY_390_400	0,0	10,10	Accordion,Singing	audio
84OQA_JJHPY_390_400	0	10	Accordion	visual
84r8zNfMIbs_0_10	0,3,6	1,4,10	Lawn_mower,Lawn_mower,Lawn_mower	audio
84r8zNfMIbs_0_10	0	10	Lawn_mower	visual
84vFdTtO2Vk_10_20	1,2,4,6,9	2,4,5,8,10	Speech,Baby_laughter,Dog,Baby_laughter,Speech	audio
84vFdTtO2Vk_10_20	0,1,9	10,2,10	Dog,Speech,Speech	visual
86eQxmsjwM4_310_320	0	10	Vacuum_cleaner	audio
86eQxmsjwM4_310_320	0	10	Vacuum_cleaner	visual
8DF2PxdT5tE_390_400	2,0,7,9	8,2,10,0	Basketball_bounce,Speech,Speech,Cheering	audio
8DF2PxdT5tE_390_400	2,7,9	8,8,10	Basketball_bounce,Speech,Speech	visual
8DIUi5fzTSI_50_60	0,0,0	10,10,10	Acoustic_guitar,Violin_fiddle,Accordion	audio
8DIUi5fzTSI_50_60	0,0,0	10,10,10	Acoustic_guitar,Violin_fiddle,Accordion	visual
8H9V40ek4q8_30_40	0	10	Violin_fiddle	audio
8H9V40ek4q8_30_40	0	10	Violin_fiddle	visual
8HqOjWyahzI_20_30	0	9	Fire_alarm	audio
8HqOjWyahzI_20_30	0	10	Fire_alarm	visual
8JP7ReHkkus_100_110	0	10	Vacuum_cleaner	audio
8JP7ReHkkus_100_110	0	10	Vacuum_cleaner	visual
8L6AX8xepUI_19_29	5,8	10,10	Baby_cry_infant_cry,Speech	audio
8L6AX8xepUI_19_29	0,9	8,10	Baby_cry_infant_cry,Baby_cry_infant_cry	visual
8MMDd9rzl8o_20_30	0	10	Helicopter	audio
8MMDd9rzl8o_20_30	0,0	10,10	Helicopter,Car	visual
8MqTPaJRLXU_30_40	0,1	10,2	Singing,Clapping	audio
8MqTPaJRLXU_30_40	0,1	10,2	Singing,Clapping	visual
8OHjU9PCt7Y_0_10	0,0	4,10	Basketball_bounce,Speech	audio
8OHjU9PCt7Y_0_10	0	4	Basketball_bounce	visual
8WLIDa9U9Ug_340_350	0,9	9,10	Violin_fiddle,Cello	audio
8WLIDa9U9Ug_340_350	0,9	9,10	Violin_fiddle,Cello	visual
8ZkzbgrJHTE_20_30	0	10	Vacuum_cleaner	audio
8ZkzbgrJHTE_20_30	0	10	Vacuum_cleaner	visual
8a4Zec3h3LM_30_40	0	10	Vacuum_cleaner	audio
8a4Zec3h3LM_30_40	0	10	Vacuum_cleaner	visual
8e6ha9wOsl0_30_40	0	10	Vacuum_cleaner	audio
8e6ha9wOsl0_30_40	0	10	Vacuum_cleaner	visual
8eR5kuvbjKA_30_40	0	10	Singing	audio
8eR5kuvbjKA_30_40	0	10	Singing	visual
8h3tlcPyqwc_40_50	0,3,6	2,6,10	Speech,Cheering,Clapping	audio
8h3tlcPyqwc_40_50	0,3	5,6	Basketball_bounce,Cheering	visual
8hcEJYEwAME_0_10	0	10	Chicken_rooster	audio
8hcEJYEwAME_0_10	0	10	Chicken_rooster	visual
8hkevfLlY6U_70_80	0	10	Accordion	audio
8hkevfLlY6U_70_80	0	10	Accordion	visual
8jSXancacwQ_30_40	0	10	Lawn_mower	audio
8jSXancacwQ_30_40	0	10	Lawn_mower	visual
8k_E2GRTQXU_160_170	0,0	10,10	Cello,Violin_fiddle	audio
8k_E2GRTQXU_160_170	0,0	10,10	Cello,Violin_fiddle	visual
8ncJ1dIf33I_90_100	0	10	Motorcycle	audio
8ncJ1dIf33I_90_100	0,7	10,10	Motorcycle,Car	visual
8nfl_0VXMZs_30_40	0,0	10,10	Violin_fiddle,Acoustic_guitar	audio
8nfl_0VXMZs_30_40	0	10	Violin_fiddle	visual
8oHpRkN839s_30_40	0,4,7	3,6,9	Speech,Speech,Speech	audio
8oHpRkN839s_30_40	0,4,7	3,6,9	Speech,Speech,Speech	visual
8pEbXu9BIvw_460_470	0	10	Helicopter	audio
8pEbXu9BIvw_460_470	0	10	Helicopter	visual
8rhDoGEvAtI_0_10	3,3	10,10	Singing,Banjo	audio
8rhDoGEvAtI_0_10	1,1,3	10,10,10	Banjo,Cello,Singing	visual
8sfcMZ8A3OQ_180_190	0,0,8	10,4,9	Frying_(food),Speech,Speech	audio
8sfcMZ8A3OQ_180_190	0	10	Frying_(food)	visual
8tA8F83juw0_120_130	0,7,6,1,4	2,9,7,3,6	Speech,Speech,Clapping,Singing,Singing	audio
8tA8F83juw0_120_130	6	7	Clapping	visual
8w6sRjVYkow_30_40	0	10	Violin_fiddle	audio
8w6sRjVYkow_30_40	0	10	Violin_fiddle	visual
8yZnLF45mgs_100_110	3,0	10,10	Singing,Speech	audio
8yZnLF45mgs_100_110	3	10	Singing	visual
94WKpc0i-hE_80_90	0,7	10,8	Helicopter,Speech	audio
94WKpc0i-hE_80_90	0	10	Helicopter	visual
96iNxFTbHVY_30_40	0,2	1,10	Speech,Accordion	audio
96iNxFTbHVY_30_40	0,0	10,1	Accordion,Speech	visual
99WdRkgJC1Y_140_150	0	10	Chicken_rooster	audio
99WdRkgJC1Y_140_150	0	10	Chicken_rooster	visual
99oZQTz-dms_80_90	2,0,0	10,10,10	Singing,Banjo,Acoustic_guitar	audio
99oZQTz-dms_80_90	0,0,2	7,7,10	Banjo,Acoustic_guitar,Singing	visual
9CEVf9vuRMg_90_100	0	10	Accordion	audio
9CEVf9vuRMg_90_100	0	10	Accordion	visual
9D5aLKo92Sw_160_170	2,8	4,10	Chicken_rooster,Chicken_rooster	audio
9D5aLKo92Sw_160_170	0	10	Chicken_rooster	visual
9DfDmEBAcK0_20_30	0	10	Vacuum_cleaner	audio
9DfDmEBAcK0_20_30	0	10	Vacuum_cleaner	visual
9H1fa9-f3q0_420_430	0	10	Frying_(food)	audio
9H1fa9-f3q0_420_430	0	10	Frying_(food)	visual
9HWG4g7a9xw_130_140	0,0	10,10	Singing,Banjo	audio
9HWG4g7a9xw_130_140	0,6,0	3,10,10	Singing,Singing,Banjo	visual
9IfN8dUgGaQ_30_40	0	10	Chicken_rooster	audio
9IfN8dUgGaQ_30_40	3,4,0	10,10,10	Chicken_rooster,Cat,Dog	visual
9LNuWqOQP5Q_110_120	0,4,6	3,9,7	Basketball_bounce,Basketball_bounce,Speech	audio
9LNuWqOQP5Q_110_120	0,4	3,9	Basketball_bounce,Basketball_bounce	visual
9LloUO5C7do_50_60	0	10	Accordion	audio
9LloUO5C7do_50_60	0	10	Accordion	visual
9NolcbOJZQo_30_40	4,1,4	9,10,9	Cheering,Speech,Clapping	audio
9NolcbOJZQo_30_40	0	4	Basketball_bounce	visual
9QO5IkIA9kI_30_40	0	10	Car	audio
9QO5IkIA9kI_30_40	0	10	Car	visual
9TZBF1tZ1RU_90_100	0,6	4,10	Chicken_rooster,Chicken_rooster	audio
9TZBF1tZ1RU_90_100	0	10	Chicken_rooster	visual
9VhN9GMfdws_10_20	0,9	10,10	Chicken_rooster,Speech	audio
9VhN9GMfdws_10_20	0	10	Cat	visual
9WzF78LNQYQ_180_190	0,4	4,10	Telephone_bell_ringing,Speech	audio
9WzF78LNQYQ_180_190	1,9,4	6,10,5	Telephone_bell_ringing,Telephone_bell_ringing,Speech	visual
9XizawW_2-k_0_10	0,9,0,2	6,10,5,10	Clapping,Clapping,Clapping,Speech	audio
9XizawW_2-k_0_10	0,9	5,10	Clapping,Clapping	visual
9XmmpxuOnBY_30_40	0	10	Accordion	audio
9XmmpxuOnBY_30_40	0	10	Accordion	visual
9YWr88Wvw28_60_70	0	10	Vacuum_cleaner	audio
9YWr88Wvw28_60_70	0	10	Vacuum_cleaner	visual
9_CJeverblQ_0_10	0,7	9,10	Speech,Dog	audio
9_CJeverblQ_0_10	0	10	Dog	visual
9_Pe-wbbehQ_10_20	0	10	Fire_alarm	audio
9_Pe-wbbehQ_10_20	0	10	Fire_alarm	visual
9_jO5lSk-og_30_40	0,0	10,10	Violin_fiddle,Dog	audio
9_jO5lSk-og_30_40	0,0	10,10	Violin_fiddle,Dog	visual
9aNXDP2rv7o_220_230	0,2,8,6	1,7,10,10	Speech,Speech,Speech,Blender	audio
9aNXDP2rv7o_220_230	0	10	Blender	visual
9aWNjRqjmDo_160_170	0,2,6,8	2,6,7,10	Speech,Blender,Speech,Speech	audio
9aWNjRqjmDo_160_170	0,5,6,8	3,6,7,10	Blender,Blender,Speech,Speech	visual
9agE8s-KegQ_60_70	2,8,8	7,10,10	Speech,Speech,Dog	audio
9agE8s-KegQ_60_70	2,6,3,7	4,7,6,10	Speech,Speech,Dog,Dog	visual
9bZhKjPrYDQ_20_30	0,5	10,9	Baby_laughter,Speech	audio
9bZhKjPrYDQ_20_30	0	10	Baby_laughter	visual
9bohQsESuaU_20_30	1,0,7	10,1,10	Chicken_rooster,Speech,Speech	audio
9bohQsESuaU_20_30	0	10	Chicken_rooster	visual
9bxrcu7lY1s_22_32	0	10	Fire_alarm	audio
9bxrcu7lY1s_22_32	0	10	Fire_alarm	visual
9cwBZS6IoQE_29_39	0	6	Dog	audio
9cwBZS6IoQE_29_39	0	10	Chicken_rooster	visual
9dFgCv-R7i0_0_10	1,3,5	10,4,9	Speech,Dog,Dog	audio
9dFgCv-R7i0_0_10	0	10	Dog	visual
9dhQzk0Nrcc_30_40	0,0	10,10	Speech,Violin_fiddle	audio
9dhQzk0Nrcc_30_40	0	10	Speech	visual
9esovZc8MlY_10_20	0,0	10,1	Motorcycle,Speech	audio
9esovZc8MlY_10_20	0	10	Motorcycle	visual
9fcxPwWzDM0_30_40	0	10	Accordion	audio
9fcxPwWzDM0_30_40	0	10	Accordion	visual
9fp-9qML6j0_0_10	2	8	Blender	audio
9fp-9qML6j0_0_10	0	10	Blender	visual
9ggKWjpQPeQ_0_10	2,5,3	4,10,4	Dog,Dog,Speech	audio
9ggKWjpQPeQ_0_10	0	10	Dog	visual
9hlb-6VC2zg_30_40	0	10	Car	audio
9hlb-6VC2zg_30_40	0	10	Car	visual
9j9AUuseA2w_20_30	0	3	Dog	audio
9j9AUuseA2w_20_30	0	10	Dog	visual
9jS1INXlQ1w_160_170	0,0,5	4,9,7	Singing,Acoustic_guitar,Clapping	audio
9jS1INXlQ1w_160_170	0,0,5	4,10,7	Singing,Acoustic_guitar,Clapping	visual
9jin237e_AU_280_290	0,0	10,10	Accordion,Acoustic_guitar	audio
9jin237e_AU_280_290	0,2	10,10	Accordion,Acoustic_guitar	visual
9jrgVZRr_ls_30_40	1,5,7,0,3	4,6,9,2,10	Acoustic_guitar,Acoustic_guitar,Acoustic_guitar,Speech,Speech	audio
9jrgVZRr_ls_30_40	0	10	Acoustic_guitar	visual
9k9LKIdgLZc_14_24	4,6,0	5,8,3	Chicken_rooster,Speech,Speech	audio
9k9LKIdgLZc_14_24	0	10	Chicken_rooster	visual
9kPBS_0Entg_30_40	0,0	10,1	Speech,Acoustic_guitar	audio
9kPBS_0Entg_30_40	0,0	10,9	Acoustic_guitar,Speech	visual
9lB-VgsK7EE_0_10	1,3,7,0,6	3,5,9,4,10	Speech,Speech,Speech,Dog,Dog	audio
9lB-VgsK7EE_0_10	0	10	Dog	visual
9ltErwU9WZE_0_10	0,1,3,4,5,7,7	1,2,4,5,6,10,8	Speech,Cat,Speech,Cat,Speech,Cat,Speech	audio
9ltErwU9WZE_0_10	0	10	Cat	visual
9mKakXiHNA8_0_10	0,5	10,7	Dog,Speech	audio
9mKakXiHNA8_0_10	0	10	Dog	visual
9nVkiuTFbBQ_110_120	0,0,2	10,10,10	Acoustic_guitar,Banjo,Singing	audio
9nVkiuTFbBQ_110_120	0,0,2	10,10,10	Acoustic_guitar,Banjo,Singing	visual
9nfvnaV-Myo_30_40	0,0,0	10,10,10	Violin_fiddle,Speech,Acoustic_guitar	audio
9nfvnaV-Myo_30_40	0,0	10,10	Violin_fiddle,Acoustic_guitar	visual
9nwPHX0NlUQ_30_40	0,8,0,0,6	10,10,10,6,10	Baby_cry_infant_cry,Clapping,Speech,Speech,Accordion	audio
9nwPHX0NlUQ_30_40	0,0	6,10	Speech,Accordion	visual
9oRXmln3Ois_0_10	0,9	10,10	Motorcycle,Speech	audio
9oRXmln3Ois_0_10	0	10	Motorcycle	visual
9osfCQTKjOY_70_80	0,2	1,10	Singing,Singing	audio
9osfCQTKjOY_70_80	0,2	1,10	Singing,Singing	visual
9qeBzzC27PE_300_310	0	10	Lawn_mower	audio
9qeBzzC27PE_300_310	0	6	Lawn_mower	visual
9rYyCItieAU_140_150	0,0	8,10	Speech,Dog	audio
9rYyCItieAU_140_150	0	10	Dog	visual
9rgmk7a1_7E_30_40	2,0	6,3	Cheering,Speech	audio
9rgmk7a1_7E_30_40	0,2	3,10	Speech,Cheering	visual
9rtvuHifBEY_30_40	0,4	10,8	Speech,Chicken_rooster	audio
9rtvuHifBEY_30_40	0	10	Chicken_rooster	visual
9ryLmLuBy0M_270_280	0,0	10,10	Chicken_rooster,Speech	audio
9ryLmLuBy0M_270_280	5	10	Chicken_rooster	visual
9sS6MHbcO7A_200_210	0	10	Singing	audio
9sS6MHbcO7A_200_210	0	10	Singing	visual
9sgHs7OaASA_110_120	0,0,9	10,8,10	Speech,Dog,Dog	audio
9sgHs7OaASA_110_120	0	10	Cat	visual
9skVErB1xYc_200_210	3,0,6,2	10,5,10,3	Cheering,Speech,Speech,Basketball_bounce	audio
9skVErB1xYc_200_210	0,2,8,3,3	1,4,10,10,10	Basketball_bounce,Basketball_bounce,Basketball_bounce,Cheering,Clapping	visual
9tygoBHyE3k_200_210	0,6	10,10	Vacuum_cleaner,Speech	audio
9tygoBHyE3k_200_210	0	10	Vacuum_cleaner	visual
9u43K-cj_Pk_90_100	0,4,3	3,10,10	Violin_fiddle,Violin_fiddle,Cello	audio
9u43K-cj_Pk_90_100	0,4	10,10	Violin_fiddle,Cello	visual
9ui9IiwF6w8_180_190	0,3	10,5	Frying_(food),Speech	audio
9ui9IiwF6w8_180_190	0	10	Frying_(food)	visual
9vPMaY9f540_40_50	2,0,5	3,2,10	Speech,Chainsaw,Chainsaw	audio
9vPMaY9f540_40_50	0	10	Chainsaw	visual
9vkibU5yBXw_10_20	0,4	10,10	Singing,Speech	audio
9vkibU5yBXw_10_20	0	10	Singing	visual
9w88_e0QLIw_30_40	0,0	10,10	Violin_fiddle,Speech	audio
9w88_e0QLIw_30_40	0	10	Violin_fiddle	visual
9wrBXMEM9Zg_230_240	0,2	10,3	Lawn_mower,Speech	audio
9wrBXMEM9Zg_230_240	0	10	Lawn_mower	visual
9xFa6pE7120_270_280	0,0,6	10,4,10	Frying_(food),Speech,Speech	audio
9xFa6pE7120_270_280	0,2,5	10,4,10	Frying_(food),Speech,Speech	visual
9xszRnKqoTU_270_280	0,7	7,10	Speech,Singing	audio
9xszRnKqoTU_270_280	0,7	7,10	Speech,Singing	visual
9yZV_ULTEBc_30_40	0	10	Violin_fiddle	audio
9yZV_ULTEBc_30_40	2,5	4,9	Violin_fiddle,Violin_fiddle	visual
A-OeFhnlam4_30_40	0,5,0,2	1,6,1,10	Cat,Cat,Speech,Speech	audio
A-OeFhnlam4_30_40	0	10	Cat	visual
A-PigXQWChs_30_40	0	10	Helicopter	audio
A-PigXQWChs_30_40	0	10	Helicopter	visual
A2QANb6eVOk_18_28	0,0	8,10	Speech,Clapping	audio
A2QANb6eVOk_18_28	0,0	8,10	Speech,Clapping	visual
A2ZSL40icvk_21_31	1,5	4,9	Speech,Speech	audio
A2ZSL40icvk_21_31	0	7	Dog	visual
A2k8DsBeCvc_40_50	0	10	Chicken_rooster	audio
A2k8DsBeCvc_40_50	0	10	Chicken_rooster	visual
A3g946O82S4_150_160	0,0,8,7,6	6,6,10,10,7	Singing,Acoustic_guitar,Clapping,Cheering,Speech	audio
A3g946O82S4_150_160	0,0,6,8	10,6,7,10	Acoustic_guitar,Singing,Speech,Clapping	visual
A4fQnv9jHU8_14_24	0,5	7,9	Violin_fiddle,Speech	audio
A4fQnv9jHU8_14_24	0	9	Violin_fiddle	visual
A4gZxP3kJBE_100_110	0	8	Singing	audio
A4gZxP3kJBE_100_110	0	8	Singing	visual
A6JssUPm4Eg_20_30	1,5,9	4,8,10	Chicken_rooster,Chicken_rooster,Speech	audio
A6JssUPm4Eg_20_30	0	10	Chicken_rooster	visual
A7AV1P4R3eY_130_140	0	10	Chicken_rooster	audio
A7AV1P4R3eY_130_140	0	10	Chicken_rooster	visual
A8B7Vpt3HOs_30_40	1,0	10,2	Violin_fiddle,Speech	audio
A8B7Vpt3HOs_30_40	0,9	8,10	Violin_fiddle,Violin_fiddle	visual
AAcHfp8Ls9c_30_40	1,0	10,10	Acoustic_guitar,Speech	audio
AAcHfp8Ls9c_30_40	0	10	Acoustic_guitar	visual
ABBJDDsYT68_30_40	0,6,8	10,7,10	Frying_(food),Speech,Speech	audio
ABBJDDsYT68_30_40	0	10	Frying_(food)	visual
ABF9u7YgQL0_110_120	0	10	Accordion	audio
ABF9u7YgQL0_110_120	0	7	Accordion	visual
AD-m1uu7UhI_0_10	2,4,7,6	3,6,10,10	Singing,Singing,Singing,Clapping	audio
AD-m1uu7UhI_0_10	2,4,7,6	3,6,10,10	Singing,Singing,Singing,Clapping	visual
AD7kjeu67-8_10_20	1,5	4,10	Chicken_rooster,Chicken_rooster	audio
AD7kjeu67-8_10_20	0	10	Chicken_rooster	visual
ADWJi2_29s8_10_20	0	10	Blender	audio
ADWJi2_29s8_10_20	0	10	Blender	visual
AE4ZaQMa2BE_30_40	0,7,0	6,10,8	Speech,Speech,Chicken_rooster	audio
AE4ZaQMa2BE_30_40	7	9	Chicken_rooster	visual
AEVDoAasepg_280_290	0	10	Singing	audio
AEVDoAasepg_280_290	0	10	Singing	visual
AErPqu3A5SI_250_260	0,2,4,2,6	1,3,6,3,10	Dog,Dog,Dog,Speech,Speech	audio
AErPqu3A5SI_250_260	0	6	Dog	visual
AFVmMICLE8I_30_40	1,5,9,0,4,7	3,7,10,1,5,9	Acoustic_guitar,Acoustic_guitar,Acoustic_guitar,Speech,Speech,Speech	audio
AFVmMICLE8I_30_40	0	10	Acoustic_guitar	visual
AFfPFQi8YLQ_30_40	0,0,5	10,10,10	Cello,Violin_fiddle,Speech	audio
AFfPFQi8YLQ_30_40	0,0,9	6,6,10	Cello,Violin_fiddle,Speech	visual
AGdT1gXPouk_200_210	0,0	4,2	Frying_(food),Speech	audio
AGdT1gXPouk_200_210	0	4	Frying_(food)	visual
AHyGaSlJ7UE_10_20	0,5	1,10	Speech,Violin_fiddle	audio
AHyGaSlJ7UE_10_20	0,0	1,1	Violin_fiddle,Speech	visual
AIN9E2dwVtg_30_40	9	10	Speech	audio
AIN9E2dwVtg_30_40	9	10	Speech	visual
AI_noyuz1eg_30_40	0	10	Violin_fiddle	audio
AI_noyuz1eg_30_40	0	10	Violin_fiddle	visual
AK9paigQCcA_70_80	3,6,0	4,8,10	Baby_laughter,Baby_laughter,Speech	audio
AK9paigQCcA_70_80	0	10	Baby_laughter	visual
AMVvfK6Px8Y_280_290	0	10	Violin_fiddle	audio
AMVvfK6Px8Y_280_290	0	10	Violin_fiddle	visual
AMhSn6vfmyg_30_40	0,6	10,10	Acoustic_guitar,Singing	audio
AMhSn6vfmyg_30_40	0,6	10,10	Acoustic_guitar,Singing	visual
ANN4OCM_LAU_60_70	0,1	4,10	Speech,Dog	audio
ANN4OCM_LAU_60_70	0	10	Cat	visual
ANNIeZ6xhmM_30_40	0,0,0,5	10,10,6,9	Cheering,Clapping,Singing,Speech	audio
ANNIeZ6xhmM_30_40	0,0	10,10	Cheering,Clapping	visual
ANj-8zDd_ds_60_70	0	10	Singing	audio
ANj-8zDd_ds_60_70	0	10	Singing	visual
AO15xf8M-N0_20_30	0,0,8	10,3,10	Dog,Speech,Speech	audio
AO15xf8M-N0_20_30	0	10	Dog	visual
AOoF-NIAFbQ_30_40	0,0	10,3	Speech,Acoustic_guitar	audio
AOoF-NIAFbQ_30_40	0,0	10,7	Acoustic_guitar,Speech	visual
AQh9Zek1q8k_170_180	0	10	Helicopter	audio
AQh9Zek1q8k_170_180	0	10	Helicopter	visual
AQpmpzgr6cI_220_230	0,3	3,10	Fire_alarm,Speech	audio
AQpmpzgr6cI_220_230	3	10	Fire_alarm	visual
ARWLYqQDb6w_440_450	0,5,8,0	3,7,10,8	Speech,Speech,Speech,Blender	audio
ARWLYqQDb6w_440_450	0,5,8,0	3,7,10,10	Speech,Speech,Speech,Blender	visual
ARZ9kIq_bhk_90_100	1,0	10,10	Clapping,Singing	audio
ARZ9kIq_bhk_90_100	0,8	10,9	Singing,Clapping	visual
ARZFi1PaUko_30_40	0,5	5,10	Lawn_mower,Speech	audio
ARZFi1PaUko_30_40	0	10	Lawn_mower	visual
ARgsWq_PBQo_40_50	0,6,8,3,6,9	5,7,9,4,8,10	Dog,Dog,Dog,Speech,Speech,Speech	audio
ARgsWq_PBQo_40_50	0	10	Dog	visual
ARlOo2FqCfA_6_16	4,6	5,7	Chicken_rooster,Chicken_rooster	audio
ARlOo2FqCfA_6_16	0	10	Chicken_rooster	visual
ATecKAA7Ydc_130_140	0,6,8	3,7,10	Chicken_rooster,Chicken_rooster,Chicken_rooster	audio
ATecKAA7Ydc_130_140	0	10	Chicken_rooster	visual
AUuZYQpKvPE_80_90	0	10	Baby_laughter	audio
AUuZYQpKvPE_80_90	0	10	Baby_laughter	visual
AV-l8lEdUvI_30_40	0,0,9	10,4,10	Chicken_rooster,Speech,Speech	audio
AV-l8lEdUvI_30_40	0	10	Chicken_rooster	visual
AVasy709Ofg_250_260	0,6	10,10	Singing,Speech	audio
AVasy709Ofg_250_260	0	10	Singing	visual
AXrILCCk2Dw_130_140	0,0,3,6	10,1,5,9	Violin_fiddle,Cello,Cello,Cello	audio
AXrILCCk2Dw_130_140	0,0	10,10	Violin_fiddle,Cello	visual
AYm8GkIxGGM_30_40	1,0,5	2,4,10	Acoustic_guitar,Speech,Speech	audio
AYm8GkIxGGM_30_40	0,9	4,10	Acoustic_guitar,Acoustic_guitar	visual
AZ7oIykkOAw_22_32	1,5,7,0,5	4,6,8,1,7	Cat,Cat,Cat,Speech,Speech	audio
AZ7oIykkOAw_22_32	0	10	Cat	visual
A_ehwKZ-sBc_0_10	0,4,6,9,2,5	3,5,7,10,4,9	Speech,Speech,Speech,Speech,Dog,Dog	audio
A_ehwKZ-sBc_0_10	0	10	Dog	visual
A_rpqF8NTh8_40_50	0	10	Singing	audio
A_rpqF8NTh8_40_50	0	10	Singing	visual
Abp44StqNzo_100_110	6,0	10,6	Vacuum_cleaner,Speech	audio
Abp44StqNzo_100_110	0,0	10,6	Vacuum_cleaner,Speech	visual
AbuQw1DeRnQ_30_40	0	10	Lawn_mower	audio
AbuQw1DeRnQ_30_40	0	10	Lawn_mower	visual
Ad0rGygHe4g_170_180	0,3,8	10,4,9	Fire_alarm,Speech,Speech	audio
Ad0rGygHe4g_170_180	0,6	4,10	Fire_alarm,Fire_alarm	visual
Ad4ze1PME68_20_30	0,1	10,8	Baby_laughter,Speech	audio
Ad4ze1PME68_20_30	0	10	Baby_laughter	visual
AdW3WsQy7QY_170_180	0	10	Fire_alarm	audio
AdW3WsQy7QY_170_180	0	10	Fire_alarm	visual
Ae6pZjdGfRY_30_40	0,6,2	2,10,6	Chainsaw,Chainsaw,Speech	audio
Ae6pZjdGfRY_30_40	0	10	Chainsaw	visual
AfBK1v5Llss_8_18	0,0	10,10	Violin_fiddle,Speech	audio
AfBK1v5Llss_8_18	0	10	Violin_fiddle	visual
AgNLukhkI9A_40_50	0,8	10,10	Acoustic_guitar,Cheering	audio
AgNLukhkI9A_40_50	0	10	Acoustic_guitar	visual
AgZ7oCbWXhE_100_110	3,7	8,10	Motorcycle,Speech	audio
AgZ7oCbWXhE_100_110	0	10	Motorcycle	visual
AiWLZmYCQzM_450_460	0,0	10,10	Violin_fiddle,Cello	audio
AiWLZmYCQzM_450_460	0,9,0	7,10,10	Cello,Cello,Violin_fiddle	visual
AjZ1Yaz-540_28_38	0	10	Chainsaw	audio
AjZ1Yaz-540_28_38	0	10	Chainsaw	visual
AjxSwEBhzmw_120_130	0,0,0	10,10,10	Acoustic_guitar,Singing,Speech	audio
AjxSwEBhzmw_120_130	0,0	10,10	Acoustic_guitar,Singing	visual
Ak8WWYhJgJg_560_570	0,0	10,10	Speech,Motorcycle	audio
Ak8WWYhJgJg_560_570	0	7	Motorcycle	visual
AkAfFL5Q4QA_30_40	0,0	10,3	Acoustic_guitar,Speech	audio
AkAfFL5Q4QA_30_40	0	10	Acoustic_guitar	visual
AlKo6BKs6ec_190_200	0,2	1,6	Chicken_rooster,Chicken_rooster	audio
AlKo6BKs6ec_190_200	0	10	Chicken_rooster	visual
AmsZlVPWqGw_460_470	1	10	Helicopter	audio
AmsZlVPWqGw_460_470	7	10	Helicopter	visual
An2wy6lxaVQ_290_300	0	10	Singing	audio
An2wy6lxaVQ_290_300	0	10	Singing	visual
ApkOh15yKcg_80_90	1,2,5	2,3,6	Dog,Speech,Speech	audio
ApkOh15yKcg_80_90	0	10	Dog	visual
Ar7FCio0__8_3_13	5,2	6,3	Speech,Chicken_rooster	audio
Ar7FCio0__8_3_13	0	10	Chicken_rooster	visual
ArVDnCbQ6mU_30_40	0,0,3	10,1,10	Helicopter,Speech,Speech	audio
ArVDnCbQ6mU_30_40	0	10	Helicopter	visual
ArfpBVgOf3o_300_310	3	10	Fire_alarm	audio
ArfpBVgOf3o_300_310	1	10	Fire_alarm	visual
AsY6Bqnp8I0_590_600	0,0	10,2	Motorcycle,Speech	audio
AsY6Bqnp8I0_590_600	0,0	10,10	Motorcycle,Car	visual
AtYmhWV2bAw_30_40	1,0,5,7	5,4,6,10	Helicopter,Speech,Speech,Speech	audio
AtYmhWV2bAw_30_40	1	4	Helicopter	visual
AuM1rU__KQA_360_370	0	10	Blender	audio
AuM1rU__KQA_360_370	0	10	Blender	visual
Aulv3ps28cw_110_120	0,3,9,1,5	1,8,10,4,10	Acoustic_guitar,Acoustic_guitar,Acoustic_guitar,Speech,Speech	audio
Aulv3ps28cw_110_120	0	10	Acoustic_guitar	visual
AuriFQYfJbY_30_40	5,0,4	10,4,10	Violin_fiddle,Speech,Singing	audio
AuriFQYfJbY_30_40	0,4	4,10	Speech,Singing	visual
AuxLUHyzMoQ_30_40	1,0	4,10	Dog,Speech	audio
AuxLUHyzMoQ_30_40	0	10	Dog	visual
AwHupnbzjOU_10_20	0,1	10,3	Motorcycle,Speech	audio
AwHupnbzjOU_10_20	0,5,7	10,6,10	Motorcycle,Car,Car	visual
AwZvBmQ6a48_50_60	0	10	Cello	audio
AwZvBmQ6a48_50_60	0	10	Cello	visual
AxvN5SDWZ74_30_40	6,1	10,6	Clapping,Speech	audio
AxvN5SDWZ74_30_40	6	10	Clapping	visual
AyZOG94lAXc_10_20	0,7,0,7	3,10,6,8	Dog,Dog,Speech,Speech	audio
AyZOG94lAXc_10_20	0	10	Dog	visual
AyccjmQs19I_30_40	0	10	Violin_fiddle	audio
AyccjmQs19I_30_40	0	10	Violin_fiddle	visual
B3yC2M_tgHQ_30_40	0,5	10,8	Lawn_mower,Speech	audio
B3yC2M_tgHQ_30_40	0,5	10,8	Lawn_mower,Speech	visual
B40LYUDQXsI_220_230	2,0	10,2	Blender,Speech	audio
B40LYUDQXsI_220_230	0	10	Blender	visual
B47e2vDCzgI_50_60	0,0	10,10	Cello,Violin_fiddle	audio
B47e2vDCzgI_50_60	0,0	10,10	Cello,Violin_fiddle	visual
B4FiW4xiK0Q_30_40	0,3	3,10	Speech,Acoustic_guitar	audio
B4FiW4xiK0Q_30_40	0,0	10,3	Acoustic_guitar,Speech	visual
B4Q6N08yhp8_80_90	7,2,8	10,4,10	Vacuum_cleaner,Speech,Speech	audio
B4Q6N08yhp8_80_90	0,2,8	10,4,9	Vacuum_cleaner,Speech,Speech	visual
B4Qzd6WRiZk_120_130	0,1	10,10	Banjo,Singing	audio
B4Qzd6WRiZk_120_130	0,1	10,10	Banjo,Singing	visual
B4emRH8vbWQ_10_20	0,8,2,9	3,10,8,10	Helicopter,Helicopter,Speech,Speech	audio
B4emRH8vbWQ_10_20	0	10	Helicopter	visual
B52GT8H-Xh8_70_80	0	10	Speech	audio
B52GT8H-Xh8_70_80	6,3,6	8,5,8	Vacuum_cleaner,Speech,Speech	visual
B5WupLl29jI_40_50	0,2,6	2,4,8	Cat,Speech,Speech	audio
B5WupLl29jI_40_50	0	8	Cat	visual
B5vchK8zBNY_100_110	0	2	Speech	audio
B5vchK8zBNY_100_110	0	10	Dog	visual
B6KL-BlnzAA_30_40	1,9	8,10	Speech,Speech	audio
B6KL-BlnzAA_30_40	3,6	5,10	Dog,Dog	visual
B6qzrmrFOms_100_110	5,0	10,10	Singing,Speech	audio
B6qzrmrFOms_100_110	5	10	Singing	visual
B8CXFCBwBxs_540_550	0,0,6	10,1,10	Vacuum_cleaner,Speech,Speech	audio
B8CXFCBwBxs_540_550	0	10	Vacuum_cleaner	visual
BALWO0KXoYU_40_50	0,0,7	8,4,8	Clapping,Singing,Speech	audio
BALWO0KXoYU_40_50	0	8	Clapping	visual
BAYF00tB5mA_0_10	0,4,7	5,10,10	Baby_laughter,Vacuum_cleaner,Speech	audio
BAYF00tB5mA_0_10	0	5	Baby_laughter	visual
BCfEC6kZ1KQ_180_190	0,0,0,9	10,10,7,10	Cello,Violin_fiddle,Acoustic_guitar,Acoustic_guitar	audio
BCfEC6kZ1KQ_180_190	0,0,0	10,10,10	Cello,Acoustic_guitar,Violin_fiddle	visual
BE4v9ixDwmA_30_40	0,7,3,8	2,8,7,10	Speech,Speech,Acoustic_guitar,Acoustic_guitar	audio
BE4v9ixDwmA_30_40	0	10	Acoustic_guitar	visual
BGfHJ80IBA8_30_40	0	10	Helicopter	audio
BGfHJ80IBA8_30_40	0	10	Helicopter	visual
BGoSFqLfyvI_40_50	0,0,3,9	9,1,4,10	Cat,Speech,Speech,Speech	audio
BGoSFqLfyvI_40_50	0	10	Cat	visual
BH5P3f60ikk_30_40	2,6,8,4,8	4,7,10,7,10	Speech,Speech,Speech,Dog,Dog	audio
BH5P3f60ikk_30_40	0	10	Dog	visual
BHLdOTsouJw_30_40	0,7	8,10	Speech,Banjo	audio
BHLdOTsouJw_30_40	0,0	10,8	Banjo,Speech	visual
BIhNX3EiXBk_140_150	2,0,5	5,3,6	Dog,Speech,Speech	audio
BIhNX3EiXBk_140_150	0	10	Dog	visual
BIoHN1ABoQE_90_100	0,8,4	6,10,8	Singing,Singing,Speech	audio
BIoHN1ABoQE_90_100	0,8	6,10	Singing,Singing	visual
BJQf1e61WlQ_30_40	1,4,0	3,10,3	Speech,Speech,Violin_fiddle	audio
BJQf1e61WlQ_30_40	0,1,4	10,3,10	Violin_fiddle,Speech,Speech	visual
BJZ5U4bXsd8_7_17	0,4,7,0	1,5,8,3	Dog,Dog,Dog,Speech	audio
BJZ5U4bXsd8_7_17	0	9	Dog	visual
BLi6DZmr_fU_30_40	1,0,5,9	10,1,7,10	Dog,Speech,Speech,Speech	audio
BLi6DZmr_fU_30_40	0	10	Dog	visual
BMmI8Z-L_iY_80_90	0,5,0	1,9,8	Dog,Dog,Speech	audio
BMmI8Z-L_iY_80_90	0	9	Dog	visual
BNNXdQqlTos_30_40	0,4	3,10	Cello,Singing	audio
BNNXdQqlTos_30_40	0	10	Cello	visual
BNiU6AKQTCs_140_150	0,7	10,10	Motorcycle,Speech	audio
BNiU6AKQTCs_140_150	0	10	Motorcycle	visual
BO7DUflFfIc_30_40	6,5	8,7	Cat,Speech	audio
BO7DUflFfIc_30_40	0,5	2,10	Cat,Cat	visual
BP4Z8KmDLHw_25_35	0,0,8	10,7,9	Chicken_rooster,Speech,Speech	audio
BP4Z8KmDLHw_25_35	0	10	Chicken_rooster	visual
BQmyfqCv4bc_40_50	0,6,0,8	3,9,7,10	Speech,Speech,Acoustic_guitar,Acoustic_guitar	audio
BQmyfqCv4bc_40_50	0,6,0	3,9,10	Speech,Speech,Acoustic_guitar	visual
BRqkaSCAh3E_30_40	0,6,9	3,7,10	Lawn_mower,Speech,Speech	audio
BRqkaSCAh3E_30_40	0,9	10,10	Lawn_mower,Speech	visual
BRtGk2YmdJ0_20_30	3,0,9	10,7,10	Baby_laughter,Speech,Speech	audio
BRtGk2YmdJ0_20_30	3	10	Baby_laughter	visual
BSaCSGuS8_8_200_210	0,8	10,10	Motorcycle,Speech	audio
BSaCSGuS8_8_200_210	0,8	7,10	Motorcycle,Motorcycle	visual
BSuuvLgxclA_30_40	0	10	Chicken_rooster	audio
BSuuvLgxclA_30_40	0	10	Chicken_rooster	visual
BTrSKQ9EI4o_0_10	3	10	Acoustic_guitar	audio
BTrSKQ9EI4o_0_10	0	10	Acoustic_guitar	visual
BUq7YBMxHc4_30_40	5,0,8	6,7,10	Dog,Speech,Speech	audio
BUq7YBMxHc4_30_40	0	10	Dog	visual
BVkRX4CLEpc_30_40	0	10	Violin_fiddle	audio
BVkRX4CLEpc_30_40	0	10	Car	visual
BXRksBkw2vw_30_40	0	10	Chicken_rooster	audio
BXRksBkw2vw_30_40	0	10	Chicken_rooster	visual
BXVhuHTAels_100_110	4,0	10,4	Acoustic_guitar,Speech	audio
BXVhuHTAels_100_110	0,0	4,10	Speech,Acoustic_guitar	visual
BX_0KPEn9iE_30_40	0,0	10,10	Cello,Violin_fiddle	audio
BX_0KPEn9iE_30_40	0,0	10,10	Cello,Violin_fiddle	visual
BYEYNxKvij4_70_80	0,6,0,6,0,0,6	4,10,4,10,10,4,10	Singing,Singing,Singing,Singing,Cello,Acoustic_guitar,Acoustic_guitar	audio
BYEYNxKvij4_70_80	0,6,0,0	4,10,10,10	Singing,Singing,Cello,Acoustic_guitar	visual
BZCgbtdNH6Q_30_40	0	10	Chainsaw	audio
BZCgbtdNH6Q_30_40	0	10	Chainsaw	visual
B_xS6aJj_Jc_30_40	0,0	10,10	Cheering,Speech	audio
B_xS6aJj_Jc_30_40	0	10	Cheering	visual
BaUfQOf2U6w_110_120	0,7	7,10	Acoustic_guitar,Speech	audio
BaUfQOf2U6w_110_120	0	10	Acoustic_guitar	visual
Ba_VHuQu4ec_50_60	0,0,9	10,1,10	Motorcycle,Speech,Speech	audio
Ba_VHuQu4ec_50_60	0,9	10,10	Motorcycle,Speech	visual
BafIZkvv6SE_30_40	0,4,8,0,1	3,7,10,10,10	Singing,Singing,Singing,Acoustic_guitar,Speech	audio
BafIZkvv6SE_30_40	0,0,8	10,3,10	Acoustic_guitar,Singing,Singing	visual
Baue01N86wE_10_20	5,1,3,9	7,1,6,10	Speech,Dog,Dog,Dog	audio
Baue01N86wE_10_20	0,0	10,1	Dog,Basketball_bounce	visual
BbB_Gks17K0_50_60	0,2,6,9	1,5,9,10	Fire_alarm,Fire_alarm,Fire_alarm,Speech	audio
BbB_Gks17K0_50_60	0	10	Fire_alarm	visual
BbDf0ZKc4zA_30_40	2,4,8	3,7,10	Speech,Dog,Dog	audio
BbDf0ZKc4zA_30_40	0	10	Dog	visual
BbiDC4kHcpY_0_10	2,1	10,2	Violin_fiddle,Speech	audio
BbiDC4kHcpY_0_10	0,0	10,10	Cello,Violin_fiddle	visual
Bd2nhNf9Tp8_240_250	0	10	Vacuum_cleaner	audio
Bd2nhNf9Tp8_240_250	0	10	Vacuum_cleaner	visual
BjOWvamMDTw_190_200	0,3,9	10,5,10	Motorcycle,Speech,Speech	audio
BjOWvamMDTw_190_200	0,3	10,5	Motorcycle,Speech	visual
BjgpmR-jg6o_30_40	0,3,0,3	2,10,1,10	Helicopter,Helicopter,Speech,Speech	audio
BjgpmR-jg6o_30_40	0	10	Helicopter	visual
BkUdwj5JR0Q_20_30	0,2	10,7	Speech,Blender	audio
BkUdwj5JR0Q_20_30	0,3	10,10	Speech,Blender	visual
BkuBZMpG9XU_120_130	0,2,7	10,4,9	Singing,Speech,Speech	audio
BkuBZMpG9XU_120_130	0	10	Singing	visual
BlU3CyIZN44_26_36	0,3	2,5	Baby_cry_infant_cry,Baby_cry_infant_cry	audio
BlU3CyIZN44_26_36	0,3	2,5	Baby_cry_infant_cry,Baby_cry_infant_cry	visual
Bo8UOutX7mQ_170_180	0	10	Violin_fiddle	audio
Bo8UOutX7mQ_170_180	0	10	Violin_fiddle	visual
BoQbqWnU4c0_70_80	0	10	Vacuum_cleaner	audio
BoQbqWnU4c0_70_80	0	10	Vacuum_cleaner	visual
BrH-NJpiTOo_90_100	1,3,2	2,9,5	Chicken_rooster,Chicken_rooster,Speech	audio
BrH-NJpiTOo_90_100	0	10	Chicken_rooster	visual
BtjZjdUqzvY_4_14	0	9	Chainsaw	audio
BtjZjdUqzvY_4_14	0	9	Chainsaw	visual
BuQ4ojGRBSw_0_10	0	1	Speech	audio
BuQ4ojGRBSw_0_10	0	10	Dog	visual
BugTqeLnqBY_80_90	3,0	10,10	Speech,Cheering	audio
BugTqeLnqBY_80_90	3	9	Speech	visual
Bv9bfnPW_8c_30_40	0	10	Baby_cry_infant_cry	audio
Bv9bfnPW_8c_30_40	0	10	Baby_cry_infant_cry	visual
Bvp91I4IJok_30_40	0,8	8,10	Acoustic_guitar,Speech	audio
Bvp91I4IJok_30_40	0	10	Acoustic_guitar	visual
BxU73eU3dEg_0_10	0,3	10,8	Motorcycle,Speech	audio
BxU73eU3dEg_0_10	0	10	Motorcycle	visual
BxYEvbG7V_A_280_290	0,7	4,10	Speech,Frying_(food)	audio
BxYEvbG7V_A_280_290	0	10	Frying_(food)	visual
BxgvBWlycvs_30_40	1,3	10,6	Violin_fiddle,Cheering	audio
BxgvBWlycvs_30_40	0	10	Violin_fiddle	visual
Byy_qXehUG4_170_180	0	10	Singing	audio
Byy_qXehUG4_170_180	0	10	Singing	visual
BzwjKmH0J-o_130_140	0	10	Singing	audio
BzwjKmH0J-o_130_140	0	10	Singing	visual
C-4Ac8IQMf0_30_40	0,0,6	10,5,10	Cello,Violin_fiddle,Violin_fiddle	audio
C-4Ac8IQMf0_30_40	0,0	10,10	Cello,Violin_fiddle	visual
C-uNumeNFu4_30_40	0	10	Chainsaw	audio
C-uNumeNFu4_30_40	0	10	Chainsaw	visual
C0_NDX7DVd8_30_40	0,0	1,10	Chicken_rooster,Speech	audio
C0_NDX7DVd8_30_40	0	10	Speech	visual
C1Gy-TCPU1k_30_40	0	10	Helicopter	audio
C1Gy-TCPU1k_30_40	0	10	Helicopter	visual
C1fKe7KDd3g_30_40	0,0	10,10	Cello,Violin_fiddle	audio
C1fKe7KDd3g_30_40	0	10	Cello	visual
C3_feVp95Vo_150_160	0,1	10,9	Clapping,Singing	audio
C3_feVp95Vo_150_160	0,0,1	10,10,9	Acoustic_guitar,Clapping,Singing	visual
C3c2gejSvtk_30_40	1,0,2,5	10,1,4,10	Acoustic_guitar,Speech,Speech,Speech	audio
C3c2gejSvtk_30_40	0	10	Acoustic_guitar	visual
C3qZuY0JRXY_40_50	2,0,3,8	7,2,7,10	Fire_alarm,Speech,Speech,Speech	audio
C3qZuY0JRXY_40_50	2	9	Fire_alarm	visual
C4WOpcGQfqU_50_60	0,2,1,9	1,9,3,10	Violin_fiddle,Violin_fiddle,Speech,Speech	audio
C4WOpcGQfqU_50_60	0	10	Violin_fiddle	visual
C59ePDyEDbU_30_40	0,0	10,10	Clapping,Singing	audio
C59ePDyEDbU_30_40	0,0	10,10	Clapping,Singing	visual
C60iaPPFLBw_30_40	0,0	1,10	Speech,Lawn_mower	audio
C60iaPPFLBw_30_40	0	10	Lawn_mower	visual
C61p3UzHJlc_60_70	0	10	Frying_(food)	audio
C61p3UzHJlc_60_70	0	10	Frying_(food)	visual
C6G6Clcqhvs_170_180	0	10	Blender	audio
C6G6Clcqhvs_170_180	0	10	Blender	visual
C6fYcT9_0Yg_100_110	0,0,7	10,2,9	Motorcycle,Car,Car	audio
C6fYcT9_0Yg_100_110	0,0	10,10	Motorcycle,Car	visual
C7RVL4aRnaM_7_17	0,2,6	10,4,10	Motorcycle,Speech,Speech	audio
C7RVL4aRnaM_7_17	0	10	Motorcycle	visual
C9dQ03e94ig_30_40	0	10	Motorcycle	audio
C9dQ03e94ig_30_40	0	10	Motorcycle	visual
CBAdaQsnfmQ_60_70	0,0,0	10,10,10	Singing,Banjo,Acoustic_guitar	audio
CBAdaQsnfmQ_60_70	0,0,0	10,10,10	Singing,Banjo,Acoustic_guitar	visual
CBJX4okej6c_20_30	0,2,9,1,5	1,8,10,2,8	Dog,Dog,Dog,Speech,Speech	audio
CBJX4okej6c_20_30	0	10	Dog	visual
CBw20AYBM80_40_50	0	10	Chainsaw	audio
CBw20AYBM80_40_50	0	7	Chainsaw	visual
CC0gtb7i0hU_40_50	0,2	10,9	Acoustic_guitar,Speech	audio
CC0gtb7i0hU_40_50	0	10	Acoustic_guitar	visual
CDEInOD9GH0_20_30	0	10	Helicopter	audio
CDEInOD9GH0_20_30	0	4	Helicopter	visual
CDPXjPKsRMc_50_60	0,7,0,2	3,10,1,8	Speech,Speech,Dog,Dog	audio
CDPXjPKsRMc_50_60	0,0,7	10,3,10	Dog,Speech,Speech	visual
CDqI8ZkG7jo_0_10	1,3	2,9	Chicken_rooster,Chicken_rooster	audio
CDqI8ZkG7jo_0_10	0	10	Chicken_rooster	visual
CEFdqhSm4rk_10_20	0	6	Fire_alarm	audio
CEFdqhSm4rk_10_20	0	9	Fire_alarm	visual
CEtiON3_5yA_530_540	0,7	4,10	Speech,Violin_fiddle	audio
CEtiON3_5yA_530_540	0,3	4,10	Speech,Violin_fiddle	visual
CF7WuVvydVc_0_10	0,1,3,9	1,2,4,10	Clapping,Speech,Speech,Accordion	audio
CF7WuVvydVc_0_10	0	10	Accordion	visual
CFODHCyurtc_140_150	0,0,0,2,6,0	10,10,1,5,9,10	Acoustic_guitar,Accordion,Clapping,Clapping,Clapping,Singing	audio
CFODHCyurtc_140_150	0,0	10,10	Acoustic_guitar,Accordion	visual
CFzJQ6eje0Y_30_40	0,0	10,10	Speech,Motorcycle	audio
CFzJQ6eje0Y_30_40	1,0	10,10	Motorcycle,Dog	visual
CIx729pLHGk_30_40	0,0	10,10	Speech,Dog	audio
CIx729pLHGk_30_40	0	10	Dog	visual
CJ81qB9p4UM_30_40	0,0	10,10	Cheering,Speech	audio
CJ81qB9p4UM_30_40	0,8	5,10	Cheering,Cheering	visual
CKQECxflk-o_220_230	0,0,2	10,1,10	Frying_(food),Speech,Speech	audio
CKQECxflk-o_220_230	0	10	Frying_(food)	visual
CKexU9L_lpE_20_30	0,0	10,6	Helicopter,Speech	audio
CKexU9L_lpE_20_30	0	10	Helicopter	visual
CLQ9jFeb0pQ_13_23	0,1,3	10,2,7	Baby_cry_infant_cry,Speech,Speech	audio
CLQ9jFeb0pQ_13_23	0	6	Baby_cry_infant_cry	visual
CN8vnC7zyhw_220_230	0,7,0	1,9,10	Dog,Dog,Speech	audio
CN8vnC7zyhw_220_230	0	10	Dog	visual
CNZjv4gN_KQ_0_10	0	10	Fire_alarm	audio
CNZjv4gN_KQ_0_10	0	10	Fire_alarm	visual
CNnEqypUvSQ_170_180	0,1,6	10,5,10	Frying_(food),Speech,Speech	audio
CNnEqypUvSQ_170_180	0	4	Frying_(food)	visual
CPEt0PUohIs_50_60	0,7	7,9	Speech,Basketball_bounce	audio
CPEt0PUohIs_50_60	0,7	7,9	Speech,Basketball_bounce	visual
CPOsok1yDeg_90_100	0	10	Helicopter	audio
CPOsok1yDeg_90_100	0	5	Helicopter	visual
CPkbvoDSkqs_40_50	0,0,0	10,10,10	Violin_fiddle,Acoustic_guitar,Speech	audio
CPkbvoDSkqs_40_50	0,0	10,10	Violin_fiddle,Acoustic_guitar	visual
CQ8JIgw2Mo0_30_40	0,4,9	10,5,10	Telephone_bell_ringing,Speech,Speech	audio
CQ8JIgw2Mo0_30_40	0	10	Telephone_bell_ringing	visual
CRmIjKjFl1A_60_70	0,0,9	10,3,10	Acoustic_guitar,Speech,Speech	audio
CRmIjKjFl1A_60_70	1	8	Speech	visual
CSADwKB1Y5E_100_110	0,0,0,0	10,10,10,10	Singing,Violin_fiddle,Banjo,Acoustic_guitar	audio
CSADwKB1Y5E_100_110	2,0,0,1	10,2,10,10	Singing,Violin_fiddle,Banjo,Acoustic_guitar	visual
CSl0919Ec8g_10_20	0,5,7,9,3	3,6,8,10,10	Speech,Speech,Speech,Speech,Acoustic_guitar	audio
CSl0919Ec8g_10_20	0,0,5,7,9	10,3,6,8,10	Acoustic_guitar,Speech,Speech,Speech,Speech	visual
CSuoHEFbWVs_100_110	0	10	Violin_fiddle	audio
CSuoHEFbWVs_100_110	0	10	Violin_fiddle	visual
CTqzJt-Ri34_30_40	2,0	10,10	Singing,Acoustic_guitar	audio
CTqzJt-Ri34_30_40	0	10	Acoustic_guitar	visual
CUJQd9h5WNE_10_20	0	10	Helicopter	audio
CUJQd9h5WNE_10_20	0	10	Helicopter	visual
CUKhEA5uKcA_180_190	0,4,8	2,6,9	Speech,Speech,Speech	audio
CUKhEA5uKcA_180_190	0	10	Motorcycle	visual
CULZ1SLVGss_10_20	0,7,4	5,9,10	Dog,Dog,Speech	audio
CULZ1SLVGss_10_20	0,3,9,8	2,8,10,10	Dog,Dog,Dog,Speech	visual
CUpj8e4vfr0_10_20	0	10	Vacuum_cleaner	audio
CUpj8e4vfr0_10_20	0	10	Vacuum_cleaner	visual
CUrk6x1eDFk_18_28	0,0	10,5	Chicken_rooster,Speech	audio
CUrk6x1eDFk_18_28	0	10	Chicken_rooster	visual
CVV6bhSYphc_550_560	0,0,5	10,3,10	Frying_(food),Speech,Speech	audio
CVV6bhSYphc_550_560	0	10	Frying_(food)	visual
CVti4WjWXcQ_30_40	7,0,6	10,5,10	Vacuum_cleaner,Speech,Speech	audio
CVti4WjWXcQ_30_40	0	10	Vacuum_cleaner	visual
CY0DQixJ2s4_0_10	0,5,0	4,9,10	Singing,Singing,Speech	audio
CY0DQixJ2s4_0_10	0,5	4,9	Singing,Singing	visual
CY5ib3L_Z2Y_330_340	0,0,3,6,9,0,6,8	6,1,4,7,10,6,7,9	Singing,Acoustic_guitar,Acoustic_guitar,Acoustic_guitar,Acoustic_guitar,Singing,Speech,Speech	audio
CY5ib3L_Z2Y_330_340	0,0,6,8	10,6,7,9	Acoustic_guitar,Singing,Speech,Speech	visual
CYwI2Yo3eYs_60_70	0,1	10,6	Motorcycle,Speech	audio
CYwI2Yo3eYs_60_70	0	10	Motorcycle	visual
CZb2nbND3Q4_30_40	0,0,2	10,10,10	Violin_fiddle,Acoustic_guitar,Singing	audio
CZb2nbND3Q4_30_40	0,0,2	10,10,10	Violin_fiddle,Acoustic_guitar,Singing	visual
CZp7HDm9or0_30_40	0	10	Helicopter	audio
CZp7HDm9or0_30_40	0,3	2,7	Helicopter,Helicopter	visual
C_0rtVrHxyM_50_60	0,0	10,10	Cello,Violin_fiddle	audio
C_0rtVrHxyM_50_60	0,0	6,10	Cello,Violin_fiddle	visual
C_jegfW0R8U_60_70	0	10	Helicopter	audio
C_jegfW0R8U_60_70	0	10	Helicopter	visual
C_wzVkYrpMU_70_80	0	10	Helicopter	audio
C_wzVkYrpMU_70_80	0	10	Helicopter	visual
CaC2xvdLC34_250_260	0,0,0,9,9	9,9,8,10,9	Violin_fiddle,Cello,Singing,Clapping,Speech	audio
CaC2xvdLC34_250_260	0,0	10,10	Violin_fiddle,Cello	visual
CalrtHAXuqs_20_30	0,8	10,9	Dog,Speech	audio
CalrtHAXuqs_20_30	0	10	Dog	visual
CcHkqs_6hPk_30_40	0,0	10,10	Speech,Violin_fiddle	audio
CcHkqs_6hPk_30_40	0	10	Speech	visual
Cd83_t4iAgc_450_460	0	10	Chicken_rooster	audio
Cd83_t4iAgc_450_460	0	10	Chicken_rooster	visual
Cg2eujp6keI_30_40	8,0,2	10,1,10	Baby_cry_infant_cry,Speech,Speech	audio
Cg2eujp6keI_30_40	8,6	10,8	Baby_cry_infant_cry,Speech	visual
Cg3RJSsI2mo_180_190	1,2,2,7	2,3,3,8	Basketball_bounce,Cheering,Clapping,Clapping	audio
Cg3RJSsI2mo_180_190	1,4	2,5	Basketball_bounce,Basketball_bounce	visual
Cg6Rryw1zls_140_150	4	10	Cello	audio
Cg6Rryw1zls_140_150	0	10	Cello	visual
CghIWk1nhts_70_80	0	10	Singing	audio
CghIWk1nhts_70_80	0	10	Singing	visual
CgtZk77v2Bk_30_40	0,3,5,7	2,5,6,10	Speech,Violin_fiddle,Speech,Violin_fiddle	audio
CgtZk77v2Bk_30_40	0,3,5,7	2,5,6,10	Speech,Violin_fiddle,Speech,Violin_fiddle	visual
ChbspYoUEok_370_380	1,6	3,10	Speech,Singing	audio
ChbspYoUEok_370_380	6	10	Singing	visual
CizC7WKKPjQ_30_40	2,0	10,2	Violin_fiddle,Cheering	audio
CizC7WKKPjQ_30_40	0	10	Violin_fiddle	visual
Cj8EEprq2pU_30_40	0,9,0	8,10,10	Baby_cry_infant_cry,Baby_cry_infant_cry,Speech	audio
Cj8EEprq2pU_30_40	0	2	Baby_cry_infant_cry	visual
CkmRxFYDHBU_210_220	0,1,7	10,6,10	Frying_(food),Speech,Speech	audio
CkmRxFYDHBU_210_220	0	10	Frying_(food)	visual
ClDte4kdW6E_0_10	2	10	Accordion	audio
ClDte4kdW6E_0_10	0	10	Accordion	visual
CljryupR2zA_140_150	0	10	Singing	audio
CljryupR2zA_140_150	0	10	Singing	visual
Clm-NuOPi1o_300_310	0,0,0,0	10,10,10,10	Singing,Banjo,Acoustic_guitar,Cello	audio
Clm-NuOPi1o_300_310	0,0,0,0	10,10,10,10	Singing,Banjo,Acoustic_guitar,Cello	visual
Cm7EoUFnLbU_30_40	0	10	Chainsaw	audio
Cm7EoUFnLbU_30_40	0	10	Chainsaw	visual
CmU6Obv2tU8_110_120	0,4,2,8	3,10,3,10	Dog,Dog,Speech,Speech	audio
CmU6Obv2tU8_110_120	0	10	Dog	visual
CmjceF4lpVg_150_160	0	10	Helicopter	audio
CmjceF4lpVg_150_160	0	10	Helicopter	visual
CmzO2WG_rK4_10_20	5,2	10,5	Helicopter,Speech	audio
CmzO2WG_rK4_10_20	4,8	7,10	Helicopter,Helicopter	visual
CnPYJnV1gCU_20_30	0,0,0	10,10,10	Cello,Violin_fiddle,Lawn_mower	audio
CnPYJnV1gCU_20_30	0,6	10,9	Car,Lawn_mower	visual
CnXeNxV7se0_20_30	0,0	10,10	Violin_fiddle,Cello	audio
CnXeNxV7se0_20_30	0,3,3	4,7,10	Violin_fiddle,Acoustic_guitar,Cello	visual
CngsPppEunk_10_20	0	10	Baby_cry_infant_cry	audio
CngsPppEunk_10_20	0	10	Baby_cry_infant_cry	visual
CoU--V817p4_40_50	3,0,9	4,8,10	Baby_laughter,Speech,Speech	audio
CoU--V817p4_40_50	0,2,6	1,6,8	Baby_laughter,Baby_laughter,Speech	visual
CqPZuJHWm3g_30_40	0,6	2,8	Chicken_rooster,Chicken_rooster	audio
CqPZuJHWm3g_30_40	0	10	Chicken_rooster	visual
CqfeA4ZiWg4_70_80	5,9,1,4,7	7,10,3,6,10	Speech,Speech,Dog,Dog,Dog	audio
CqfeA4ZiWg4_70_80	0,9,5	3,10,7	Cat,Cat,Speech	visual
CwUtBoBqSYY_30_40	0,0,9	10,2,10	Helicopter,Speech,Speech	audio
CwUtBoBqSYY_30_40	1	10	Helicopter	visual
CxtwZM-7k1M_80_90	0,6	8,10	Speech,Motorcycle	audio
CxtwZM-7k1M_80_90	0,5	4,10	Motorcycle,Motorcycle	visual
CyHIbBmPQD0_30_40	0,0	10,10	Violin_fiddle,Speech	audio
CyHIbBmPQD0_30_40	6	10	Violin_fiddle	visual
Cyi2fuiswx8_27_37	0,1,6	6,5,9	Baby_cry_infant_cry,Speech,Speech	audio
Cyi2fuiswx8_27_37	0	6	Baby_cry_infant_cry	visual
D-DBnNlXTIc_20_30	0,1	1,10	Speech,Dog	audio
D-DBnNlXTIc_20_30	0	10	Dog	visual
D0Ex9W0sEOI_160_170	0,0,2	10,10,8	Acoustic_guitar,Violin_fiddle,Singing	audio
D0Ex9W0sEOI_160_170	0,0,2	10,10,8	Acoustic_guitar,Violin_fiddle,Singing	visual
D0kNXqg7Kcw_20_30	0	10	Chainsaw	audio
D0kNXqg7Kcw_20_30	0	10	Chainsaw	visual
D1aU2qkXvT8_30_40	0,7	7,10	Violin_fiddle,Speech	audio
D1aU2qkXvT8_30_40	0	10	Violin_fiddle	visual
D2-Rg8oftng_30_40	0,3,6	3,7,10	Baby_laughter,Cheering,Speech	audio
D2-Rg8oftng_30_40	0,8	3,10	Baby_laughter,Speech	visual
D93JcF6eH_w_40_50	0,0	1,10	Speech,Chicken_rooster	audio
D93JcF6eH_w_40_50	0	10	Chicken_rooster	visual
D9AngpPyRRg_0_10	2,9,6,7	6,10,10,10	Speech,Speech,Cheering,Acoustic_guitar	audio
D9AngpPyRRg_0_10	9,7	10,9	Cheering,Acoustic_guitar	visual
DAF5KEULuGo_230_240	0,0,2	10,1,3	Motorcycle,Speech,Speech	audio
DAF5KEULuGo_230_240	0	10	Motorcycle	visual
DCp8wxSBoiY_30_40	1,5	3,7	Speech,Speech	audio
DCp8wxSBoiY_30_40	0	10	Dog	visual
DD0iSzxHJ_Q_0_10	3	10	Helicopter	audio
DD0iSzxHJ_Q_0_10	3,7	6,8	Helicopter,Helicopter	visual
DEJPptjl7KA_23_33	0	10	Baby_cry_infant_cry	audio
DEJPptjl7KA_23_33	0	10	Baby_cry_infant_cry	visual
DFfBjNlNn4w_140_150	0,3,6	2,4,7	Singing,Speech,Speech	audio
DFfBjNlNn4w_140_150	0,3,6	2,4,7	Singing,Speech,Speech	visual
DG2eXe5Xrp0_30_40	0,0,2,6	10,10,5,9	Clapping,Violin_fiddle,Speech,Speech	audio
DG2eXe5Xrp0_30_40	0,0,0	10,10,10	Violin_fiddle,Clapping,Acoustic_guitar	visual
DG89TFpzMmg_20_30	0	10	Vacuum_cleaner	audio
DG89TFpzMmg_20_30	0	10	Vacuum_cleaner	visual
DGeCOmJq0Ow_70_80	0,7	7,10	Speech,Acoustic_guitar	audio
DGeCOmJq0Ow_70_80	0	10	Acoustic_guitar	visual
DH3NHfO5k4s_20_30	0,1,0	10,10,10	Singing,Acoustic_guitar,Clapping	audio
DH3NHfO5k4s_20_30	0,7,7,7	6,10,10,10	Singing,Singing,Acoustic_guitar,Clapping	visual
DHW0GEDee0k_20_30	0,8,6	6,10,9	Accordion,Accordion,Speech	audio
DHW0GEDee0k_20_30	0	10	Accordion	visual
DIV2w0lpHgM_27_37	0,0,2	10,1,9	Chicken_rooster,Speech,Speech	audio
DIV2w0lpHgM_27_37	0	10	Chicken_rooster	visual
DJDxBH4Bb2I_100_110	4,0	5,5	Basketball_bounce,Speech	audio
DJDxBH4Bb2I_100_110	0,4,0	2,5,5	Basketball_bounce,Basketball_bounce,Speech	visual
DKEwkMDiJSI_20_30	0,0,1	10,10,10	Accordion,Acoustic_guitar,Singing	audio
DKEwkMDiJSI_20_30	0,0,1	10,10,10	Accordion,Acoustic_guitar,Singing	visual
DLKDQyjlmMc_30_40	6,0	10,7	Speech,Baby_cry_infant_cry	audio
DLKDQyjlmMc_30_40	0,8	10,10	Baby_cry_infant_cry,Speech	visual
DNZHSSyAH3Y_310_320	0	10	Singing	audio
DNZHSSyAH3Y_310_320	0	10	Cheering	visual
DO_ZDe2CN5I_11_21	0,4,6	10,5,7	Speech,Cat,Cat	audio
DO_ZDe2CN5I_11_21	0	10	Cat	visual
DOjo6_9WxCo_30_40	0,0,2	10,1,3	Vacuum_cleaner,Speech,Speech	audio
DOjo6_9WxCo_30_40	0,0,2	10,1,3	Vacuum_cleaner,Speech,Speech	visual
DPCf8taGIGw_30_40	0,0,0	10,10,10	Cello,Violin_fiddle,Acoustic_guitar	audio
DPCf8taGIGw_30_40	0,0,0	10,10,10	Cello,Violin_fiddle,Acoustic_guitar	visual
DPpp6t1d2Rk_90_100	0,0	10,10	Cello,Violin_fiddle	audio
DPpp6t1d2Rk_90_100	0,0	10,10	Cello,Violin_fiddle	visual
DQ3ZFO2RP04_14_24	0,2,4	2,3,9	Dog,Speech,Dog	audio
DQ3ZFO2RP04_14_24	0	10	Dog	visual
DQf3Ti20erk_530_540	0,8,0	7,10,8	Speech,Speech,Acoustic_guitar	audio
DQf3Ti20erk_530_540	0,0,8	10,7,10	Acoustic_guitar,Speech,Speech	visual
DR8HpVUhdbA_11_21	0	10	Motorcycle	audio
DR8HpVUhdbA_11_21	0	10	Motorcycle	visual
DS_kzdgXoV4_30_40	0	10	Accordion	audio
DS_kzdgXoV4_30_40	0	10	Accordion	visual
DSwEi6cwPjM_170_180	0	10	Cello	audio
DSwEi6cwPjM_170_180	0	10	Cello	visual
DUfww-VAuFI_60_70	2,0,9	9,2,10	Fire_alarm,Speech,Speech	audio
DUfww-VAuFI_60_70	0	10	Fire_alarm	visual
DWZvTMIn89k_0_10	0,0	1,10	Speech,Accordion	audio
DWZvTMIn89k_0_10	0	1	Speech	visual
DXlefGbw_0E_360_370	2	8	Singing	audio
DXlefGbw_0E_360_370	2	8	Singing	visual
DYq0gklkL0I_110_120	0	10	Vacuum_cleaner	audio
DYq0gklkL0I_110_120	0	10	Vacuum_cleaner	visual
DZb5LThmhQw_30_40	0,0	10,10	Violin_fiddle,Speech	audio
DZb5LThmhQw_30_40	0	10	Violin_fiddle	visual
D_p1yb7iJ6g_220_230	0,2	2,10	Speech,Singing	audio
D_p1yb7iJ6g_220_230	0,2	2,10	Speech,Singing	visual
DapUtDGFIXI_30_40	1,3,5	2,10,8	Speech,Speech,Chicken_rooster	audio
DapUtDGFIXI_30_40	5	10	Chicken_rooster	visual
Db6ysxwfK9M_530_540	0,0,9	10,10,10	Clapping,Singing,Speech	audio
Db6ysxwfK9M_530_540	0,0	10,9	Singing,Clapping	visual
Dc6SJp2Q-fw_20_30	3,0	10,3	Singing,Speech	audio
Dc6SJp2Q-fw_20_30	3	10	Singing	visual
DcCEGqcN2Rs_10_20	0,2,7	2,5,10	Singing,Acoustic_guitar,Acoustic_guitar	audio
DcCEGqcN2Rs_10_20	0	10	Acoustic_guitar	visual
Dcx8IgLXtKw_30_40	0	10	Violin_fiddle	audio
Dcx8IgLXtKw_30_40	0	10	Violin_fiddle	visual
DePQjGiGpSs_570_580	0,0	7,10	Cello,Violin_fiddle	audio
DePQjGiGpSs_570_580	0,0	10,10	Cello,Violin_fiddle	visual
DgElEEFPRaE_570_580	0	5	Blender	audio
DgElEEFPRaE_570_580	0	10	Blender	visual
DhFVH7Dvz8A_30_40	0	10	Helicopter	audio
DhFVH7Dvz8A_30_40	0	10	Helicopter	visual
Di13sZqVF4A_480_490	7,0,0,2	10,2,9,5	Singing,Speech,Cheering,Clapping	audio
Di13sZqVF4A_480_490	7	10	Singing	visual
DiBzz6M9cUk_30_40	0,0	10,10	Cello,Violin_fiddle	audio
DiBzz6M9cUk_30_40	1,7	7,10	Cello,Violin_fiddle	visual
DiGDeiWzYdc_30_40	0,7	6,10	Baby_cry_infant_cry,Baby_cry_infant_cry	audio
DiGDeiWzYdc_30_40	0	10	Baby_cry_infant_cry	visual
DiN7YWCEGzs_110_120	0,0	8,10	Speech,Car	audio
DiN7YWCEGzs_110_120	0,0	6,10	Motorcycle,Car	visual
Dk4YYDzk6v4_140_150	2,0	10,10	Singing,Speech	audio
Dk4YYDzk6v4_140_150	2	10	Singing	visual
Dk9Db7pUggU_120_130	0,1,4,6,9,3,8	1,3,7,8,10,7,10	Singing,Speech,Singing,Speech,Speech,Acoustic_guitar,Acoustic_guitar	audio
Dk9Db7pUggU_120_130	0,0,1,4,6,9	10,1,3,7,8,10	Acoustic_guitar,Singing,Speech,Singing,Speech,Speech	visual
DmfGwmAWqK0_210_220	0,0	8,10	Basketball_bounce,Speech	audio
DmfGwmAWqK0_210_220	0	8	Basketball_bounce	visual
DptWWXVlKHw_40_50	0,9	5,10	Fire_alarm,Speech	audio
DptWWXVlKHw_40_50	0	10	Fire_alarm	visual
Dr4GrylmP9M_390_400	4	10	Telephone_bell_ringing	audio
Dr4GrylmP9M_390_400	4	10	Telephone_bell_ringing	visual
DryXFqmkAn0_0_10	0,1,2	2,9,10	Cheering,Clapping,Speech	audio
DryXFqmkAn0_0_10	1	7	Clapping	visual
DsBUJquZ6po_0_10	0	10	Singing	audio
DsBUJquZ6po_0_10	0	10	Singing	visual
Dt_hRwowOnw_120_130	0	10	Speech	audio
Dt_hRwowOnw_120_130	7,0	10,5	Acoustic_guitar,Clapping	visual
DvgyFP7jxh4_70_80	3,0	10,3	Blender,Speech	audio
DvgyFP7jxh4_70_80	0,0	10,3	Blender,Speech	visual
DwLCdnbpUNM_20_30	1,4,6	3,5,8	Speech,Dog,Dog	audio
DwLCdnbpUNM_20_30	0	10	Dog	visual
DwUr_EwHswo_40_50	0,3,1,8	2,9,3,10	Singing,Singing,Speech,Speech	audio
DwUr_EwHswo_40_50	0,3	2,9	Singing,Singing	visual
DwzBJ19O0CI_60_70	3,7	7,10	Dog,Speech	audio
DwzBJ19O0CI_60_70	0	10	Dog	visual
Dx4O21IPz1c_80_90	0	10	Singing	audio
Dx4O21IPz1c_80_90	0	10	Singing	visual
DxvGKv2L6-8_100_110	0	10	Helicopter	audio
DxvGKv2L6-8_100_110	0	10	Helicopter	visual
DzZYpUrrqzY_120_130	1,9	8,10	Speech,Dog	audio
DzZYpUrrqzY_120_130	0	10	Dog	visual
E-TphCWQpWk_30_40	0,3	2,4	Cat,Speech	audio
E-TphCWQpWk_30_40	0	10	Cat	visual
E0P9OfvzBpY_30_40	0,6,9	3,7,10	Cat,Cat,Speech	audio
E0P9OfvzBpY_30_40	0	10	Cat	visual
E1ep57TU23A_0_10	0,6,8	8,8,10	Speech,Clapping,Singing	audio
E1ep57TU23A_0_10	0,6,8	8,8,10	Speech,Clapping,Singing	visual
E2KwdwAJtgg_140_150	0	10	Banjo	audio
E2KwdwAJtgg_140_150	0,0	10,10	Cat,Dog	visual
E2dlH4BhIho_90_100	0,0,0	10,10,10	Cello,Violin_fiddle,Acoustic_guitar	audio
E2dlH4BhIho_90_100	0,0,0	10,10,10	Cello,Violin_fiddle,Acoustic_guitar	visual
E3bKVGHsA7I_30_40	0	10	Baby_cry_infant_cry	audio
E3bKVGHsA7I_30_40	0	10	Baby_cry_infant_cry	visual
E3e3s0_2YBQ_40_50	1,4,1,3,6	2,6,2,5,10	Speech,Speech,Chicken_rooster,Chicken_rooster,Chicken_rooster	audio
E3e3s0_2YBQ_40_50	0	10	Chicken_rooster	visual
E4ZkcNYUHfg_210_220	0,0,2,6	6,1,6,10	Singing,Clapping,Clapping,Speech	audio
E4ZkcNYUHfg_210_220	0,0,2,6	6,1,6,10	Singing,Clapping,Clapping,Speech	visual
E509105txOk_130_140	0,2,3,7	10,3,6,8	Helicopter,Speech,Speech,Speech	audio
E509105txOk_130_140	0	10	Helicopter	visual
E5ajREsZ0YE_80_90	0	10	Singing	audio
E5ajREsZ0YE_80_90	0	10	Singing	visual
E5dctPO-Kqs_140_150	0	10	Helicopter	audio
E5dctPO-Kqs_140_150	0	10	Helicopter	visual
E5mV1b1ol6Y_0_10	0,9,3	4,10,5	Singing,Singing,Speech	audio
E5mV1b1ol6Y_0_10	0,9	4,10	Singing,Singing	visual
E62kiwwhsu8_30_40	0,0	10,10	Cello,Acoustic_guitar	audio
E62kiwwhsu8_30_40	0,0	10,10	Cello,Acoustic_guitar	visual
E6AOfcgn3hw_220_230	0	10	Violin_fiddle	audio
E6AOfcgn3hw_220_230	0	10	Violin_fiddle	visual
E6vpA7p7ebI_190_200	0	10	Helicopter	audio
E6vpA7p7ebI_190_200	0	10	Helicopter	visual
E7FXBV0vbg8_90_100	0,0,0	10,10,10	Banjo,Cello,Acoustic_guitar	audio
E7FXBV0vbg8_90_100	0,0,0	10,10,10	Banjo,Cello,Acoustic_guitar	visual
E7XaZtFSiZA_60_70	0,6	6,10	Dog,Speech	audio
E7XaZtFSiZA_60_70	6	10	Speech	visual
E88iyzlzuLs_330_340	0,3,6	2,5,9	Speech,Speech,Speech	audio
E88iyzlzuLs_330_340	0	10	Dog	visual
EB0Ot7SSwkc_20_30	0,2	10,3	Dog,Speech	audio
EB0Ot7SSwkc_20_30	0	10	Dog	visual
ECAkq_er0Qs_200_210	0,8	10,10	Cello,Violin_fiddle	audio
ECAkq_er0Qs_200_210	0,0	10,10	Cello,Violin_fiddle	visual
EDJ-vOyHFNE_20_30	1,9,0	4,10,10	Speech,Speech,Clapping	audio
EDJ-vOyHFNE_20_30	1,9,0	4,10,10	Speech,Speech,Clapping	visual
EDYz3E4o5g0_200_210	0	10	Motorcycle	audio
EDYz3E4o5g0_200_210	2	10	Motorcycle	visual
EE2BwtP32tM_220_230	1,6,9	4,8,10	Singing,Singing,Singing	audio
EE2BwtP32tM_220_230	1,6,9	4,8,10	Singing,Singing,Singing	visual
EE6x3fRHk7M_20_30	0,5	10,9	Dog,Speech	audio
EE6x3fRHk7M_20_30	0	10	Dog	visual
EGgx22VQP-I_240_250	8,0	10,9	Speech,Acoustic_guitar	audio
EGgx22VQP-I_240_250	0	10	Acoustic_guitar	visual
EHj1VEogUxE_30_40	0	10	Accordion	audio
EHj1VEogUxE_30_40	0	10	Accordion	visual
EI9OD8CKoYY_20_30	0,0,9	9,2,10	Chicken_rooster,Speech,Speech	audio
EI9OD8CKoYY_20_30	0	10	Chicken_rooster	visual
EIy2hSlwqMg_540_550	0,2,6,6	2,10,10,10	Speech,Singing,Clapping,Cheering	audio
EIy2hSlwqMg_540_550	0,2	2,10	Speech,Singing	visual
EKMWyHlCzok_30_40	0	10	Blender	audio
EKMWyHlCzok_30_40	0	10	Blender	visual
EKjQ9a_1rj0_30_40	4,0,9	10,3,10	Violin_fiddle,Speech,Speech	audio
EKjQ9a_1rj0_30_40	0,0	10,3	Violin_fiddle,Speech	visual
EMDr5DqtfwY_30_40	1,7,8	6,10,10	Helicopter,Helicopter,Speech	audio
EMDr5DqtfwY_30_40	1	10	Helicopter	visual
EMgt1yfibCY_370_380	0	10	Helicopter	audio
EMgt1yfibCY_370_380	0	10	Helicopter	visual
EMsdkma5MU8_30_40	0,2,8	10,3,9	Vacuum_cleaner,Speech,Speech	audio
EMsdkma5MU8_30_40	0	10	Vacuum_cleaner	visual
EN50BTjjnrs_8_18	0,7	7,9	Baby_cry_infant_cry,Speech	audio
EN50BTjjnrs_8_18	0,7	7,9	Baby_cry_infant_cry,Speech	visual
ENDXhI_PeAc_80_90	0,1,7	10,5,10	Motorcycle,Speech,Speech	audio
ENDXhI_PeAc_80_90	0	10	Motorcycle	visual
ENQBXODItVI_100_110	5,9,0,4	6,10,2,8	Speech,Speech,Basketball_bounce,Basketball_bounce	audio
ENQBXODItVI_100_110	0,4	3,8	Basketball_bounce,Basketball_bounce	visual
EOeWgyrX-q8_30_40	0,2	10,5	Speech,Vacuum_cleaner	audio
EOeWgyrX-q8_30_40	0	10	Vacuum_cleaner	visual
EQJO_SCdev0_50_60	0	10	Accordion	audio
EQJO_SCdev0_50_60	0,0,0,0	10,6,6,6	Accordion,Violin_fiddle,Acoustic_guitar,Cello	visual
ERG8KKpqpWQ_20_30	0,0	10,10	Singing,Acoustic_guitar	audio
ERG8KKpqpWQ_20_30	0,0	10,10	Singing,Acoustic_guitar	visual
ERGfpSkxEv0_160_170	0,3,6,1,8	2,5,7,6,10	Basketball_bounce,Basketball_bounce,Basketball_bounce,Speech,Speech	audio
ERGfpSkxEv0_160_170	1	6	Basketball_bounce	visual
ERjtCDLt4sQ_20_30	0,0	10,10	Violin_fiddle,Cello	audio
ERjtCDLt4sQ_20_30	0,0	10,6	Violin_fiddle,Cello	visual
ESfOqi5mHtc_240_250	0,4,8	4,7,10	Speech,Blender,Speech	audio
ESfOqi5mHtc_240_250	0,4,8	4,10,10	Speech,Blender,Speech	visual
ESkZHYcqs5g_0_10	1,9	10,10	Dog,Speech	audio
ESkZHYcqs5g_0_10	0	10	Dog	visual
ETLXmqQFcBM_300_310	0,0	10,10	Singing,Accordion	audio
ETLXmqQFcBM_300_310	0,0	10,10	Singing,Accordion	visual
ETn6CUxtQeE_40_50	0,2	7,5	Speech,Baby_laughter	audio
ETn6CUxtQeE_40_50	0	7	Speech	visual
EUtpm8jPQes_0_10	3	10	Blender	audio
EUtpm8jPQes_0_10	0	10	Blender	visual
EWA0puztuCE_50_60	0	10	Helicopter	audio
EWA0puztuCE_50_60	0	10	Helicopter	visual
EWG-FzjkTr4_40_50	0,5	10,10	Frying_(food),Speech	audio
EWG-FzjkTr4_40_50	0	10	Frying_(food)	visual
EX1bUjlQI_c_60_70	1,0	10,4	Violin_fiddle,Cello	audio
EX1bUjlQI_c_60_70	0,0	10,10	Violin_fiddle,Cello	visual
EX7HfmSYTQI_30_40	3,1	10,5	Violin_fiddle,Speech	audio
EX7HfmSYTQI_30_40	0,1	10,4	Violin_fiddle,Speech	visual
EXfxW_Vfn1s_110_120	0,2	10,3	Speech,Clapping	audio
EXfxW_Vfn1s_110_120	0,2	10,3	Speech,Clapping	visual
EZABDQrX-VU_380_390	0,0,6	10,5,7	Frying_(food),Speech,Speech	audio
EZABDQrX-VU_380_390	0	10	Frying_(food)	visual
E_BDly6VGzk_30_40	0,5,1	2,9,5	Baby_cry_infant_cry,Baby_cry_infant_cry,Speech	audio
E_BDly6VGzk_30_40	0,5	2,9	Baby_cry_infant_cry,Baby_cry_infant_cry	visual
E_MoCeM_fgc_30_40	0,0	10,10	Cello,Acoustic_guitar	audio
E_MoCeM_fgc_30_40	0	10	Cello	visual
EaYQInm5Q14_240_250	2,0	10,10	Cello,Violin_fiddle	audio
EaYQInm5Q14_240_250	0,0	10,10	Cello,Violin_fiddle	visual
EbB_904ZztM_150_160	0,2,0,7	1,8,3,10	Acoustic_guitar,Acoustic_guitar,Speech,Speech	audio
EbB_904ZztM_150_160	0	10	Acoustic_guitar	visual
EcYet3dbyKM_20_30	0	10	Helicopter	audio
EcYet3dbyKM_20_30	0,0	10,10	Car,Helicopter	visual
EdSlrD3HGk8_110_120	0,4	3,10	Dog,Speech	audio
EdSlrD3HGk8_110_120	0	10	Dog	visual
Eejf2Tw0Tpc_30_40	0,3,1	1,10,3	Dog,Dog,Speech	audio
Eejf2Tw0Tpc_30_40	0	10	Dog	visual
EeoyscjnXrg_160_170	0,7	10,9	Lawn_mower,Speech	audio
EeoyscjnXrg_160_170	0	10	Lawn_mower	visual
EevMPTtfWv8_30_40	0,0,5	10,2,7	Violin_fiddle,Speech,Speech	audio
EevMPTtfWv8_30_40	0	10	Violin_fiddle	visual
Eh63MlTra_U_160_170	0,0,2	10,1,10	Acoustic_guitar,Singing,Singing	audio
Eh63MlTra_U_160_170	0,2	2,10	Acoustic_guitar,Singing	visual
EhhFEWf7efU_130_140	0,0	10,5	Motorcycle,Speech	audio
EhhFEWf7efU_130_140	0,3	7,7	Car,Motorcycle	visual
EikptOF21-s_30_40	0,4,8,0,7	1,6,10,1,8	Cat,Cat,Cat,Speech,Speech	audio
EikptOF21-s_30_40	0	10	Cat	visual
EioAuS-NZcM_30_40	0,8,4,7	5,10,5,8	Baby_cry_infant_cry,Baby_cry_infant_cry,Speech,Speech	audio
EioAuS-NZcM_30_40	2,8	5,10	Baby_cry_infant_cry,Baby_cry_infant_cry	visual
EjXZSqowaQ8_30_40	0	10	Motorcycle	audio
EjXZSqowaQ8_30_40	1,4	3,10	Motorcycle,Motorcycle	visual
Ek8XKK6LE6Y_30_40	0	10	Vacuum_cleaner	audio
Ek8XKK6LE6Y_30_40	0	10	Vacuum_cleaner	visual
ElcySYXYtew_10_20	0,0,0,0	10,10,10,10	Acoustic_guitar,Singing,Cello,Accordion	audio
ElcySYXYtew_10_20	0,0	10,4	Acoustic_guitar,Singing	visual
EmJch5XooOQ_0_10	0	10	Vacuum_cleaner	audio
EmJch5XooOQ_0_10	0	10	Vacuum_cleaner	visual
EmTtADpTbF4_40_50	0,2,5,9	2,3,9,10	Clapping,Speech,Speech,Clapping	audio
EmTtADpTbF4_40_50	0,2,5,9	2,3,9,10	Clapping,Speech,Speech,Clapping	visual
Emc7WAjMfF8_20_30	0,1,6	1,4,10	Singing,Speech,Singing	audio
Emc7WAjMfF8_20_30	0,1,6	1,4,10	Singing,Speech,Singing	visual
Eo_FyQjui1k_10_20	0	10	Helicopter	audio
Eo_FyQjui1k_10_20	0	10	Helicopter	visual
Eoc5RJc83Iw_60_70	0,9,7,9,4	10,10,9,10,5	Motorcycle,Cheering,Speech,Clapping,Speech	audio
Eoc5RJc83Iw_60_70	0	10	Motorcycle	visual
Ep3yRHFevHo_0_10	1,7	4,9	Basketball_bounce,Speech	audio
Ep3yRHFevHo_0_10	1	4	Basketball_bounce	visual
EqBP9Dblf5c_0_10	5,0,0	10,10,10	Singing,Accordion,Speech	audio
EqBP9Dblf5c_0_10	5,9	8,10	Singing,Singing	visual
EqYPDn23Rjw_30_40	0	10	Accordion	audio
EqYPDn23Rjw_30_40	0	10	Accordion	visual
EsEJh7JuX-0_110_120	0	10	Banjo	audio
EsEJh7JuX-0_110_120	0,0	10,10	Violin_fiddle,Banjo	visual
EsXa6SNVgSI_30_40	0,6	10,7	Cello,Speech	audio
EsXa6SNVgSI_30_40	0	10	Cello	visual
EuQ6qqoAdUE_290_300	0,0	2,4	Blender,Speech	audio
EuQ6qqoAdUE_290_300	0	10	Blender	visual
EuWGmg8MBxw_160_170	1,4,7	3,10,10	Dog,Dog,Speech	audio
EuWGmg8MBxw_160_170	0	10	Dog	visual
EvHgP6eSPxo_10_20	0,2,4,6,7,3,6,9	1,3,5,7,10,5,7,10	Speech,Dog,Dog,Dog,Dog,Speech,Speech,Speech	audio
EvHgP6eSPxo_10_20	0	10	Dog	visual
EwTLLwJtDyo_180_190	1,9,0	6,10,10	Singing,Singing,Acoustic_guitar	audio
EwTLLwJtDyo_180_190	1,9,0	6,10,10	Singing,Singing,Acoustic_guitar	visual
EwecTFF_wUs_80_90	0,4	10,10	Frying_(food),Speech	audio
EwecTFF_wUs_80_90	0	10	Frying_(food)	visual
ExcQZFswFks_50_60	0,0	10,2	Dog,Speech	audio
ExcQZFswFks_50_60	0	10	Dog	visual
ExjkmiWArck_380_390	0	10	Frying_(food)	audio
ExjkmiWArck_380_390	0	10	Frying_(food)	visual
EybwVFGORSo_370_380	0,9	9,10	Fire_alarm,Speech	audio
EybwVFGORSo_370_380	7	10	Fire_alarm	visual
EzEsxYLJL7U_70_80	0,0,2,8	10,10,7,10	Acoustic_guitar,Banjo,Singing,Singing	audio
EzEsxYLJL7U_70_80	0,0,2,8	10,10,7,10	Acoustic_guitar,Banjo,Singing,Singing	visual
F-GyUG4KIXM_260_270	0,4	10,7	Motorcycle,Speech	audio
F-GyUG4KIXM_260_270	0	10	Motorcycle	visual
F-TRR1Qgo9g_90_100	0,9,0,8	4,10,10,10	Clapping,Basketball_bounce,Speech,Cheering	audio
F-TRR1Qgo9g_90_100	0,4,9	1,5,10	Basketball_bounce,Basketball_bounce,Basketball_bounce	visual
F0Omj8D7rOg_0_10	0	10	Vacuum_cleaner	audio
F0Omj8D7rOg_0_10	1	10	Vacuum_cleaner	visual
F2ID7V1BQrw_70_80	0,3	10,10	Dog,Speech	audio
F2ID7V1BQrw_70_80	0,5,3,9	2,10,6,10	Dog,Dog,Speech,Speech	visual
F3NPz3dUJsI_30_40	1,5,7,2,4	4,6,9,3,5	Dog,Dog,Dog,Speech,Speech	audio
F3NPz3dUJsI_30_40	0	10	Dog	visual
F3w-4MFXP0E_30_40	0	10	Helicopter	audio
F3w-4MFXP0E_30_40	0	10	Helicopter	visual
F4HxYGZbVOA_7_17	0	10	Chicken_rooster	audio
F4HxYGZbVOA_7_17	0	10	Chicken_rooster	visual
F4cn9ZkEX9E_490_500	1,8,0,8	6,9,10,10	Basketball_bounce,Basketball_bounce,Speech,Clapping	audio
F4cn9ZkEX9E_490_500	1,8	6,9	Basketball_bounce,Basketball_bounce	visual
F4eHCGEr1_A_70_80	0,0	10,10	Violin_fiddle,Cello	audio
F4eHCGEr1_A_70_80	0,0	10,10	Violin_fiddle,Cello	visual
F6-hgd5vlOY_250_260	1,0,2,4	10,10,3,10	Speech,Cheering,Basketball_bounce,Basketball_bounce	audio
F6-hgd5vlOY_250_260	2,4	3,10	Basketball_bounce,Basketball_bounce	visual
F7CqvjjkHyA_30_40	1,3	2,4	Speech,Speech	audio
F7CqvjjkHyA_30_40	0	10	Cat	visual
F8WZokPcBaQ_380_390	0,0,5	10,3,8	Violin_fiddle,Speech,Speech	audio
F8WZokPcBaQ_380_390	0,5	3,8	Speech,Speech	visual
F9kNX3zLB04_6_16	0,1,6	10,4,9	Baby_cry_infant_cry,Speech,Speech	audio
F9kNX3zLB04_6_16	0	10	Baby_cry_infant_cry	visual
FB5g9CP-M6w_30_40	0,4,2	3,10,4	Speech,Speech,Dog	audio
FB5g9CP-M6w_30_40	0,4,8	3,7,10	Speech,Speech,Speech	visual
FC8HlNb6iFE_0_10	3	10	Speech	audio
FC8HlNb6iFE_0_10	0	10	Motorcycle	visual
FCTPUd9iYHc_130_140	0,0	10,10	Dog,Speech	audio
FCTPUd9iYHc_130_140	0	10	Dog	visual
FCnSVLG31Yg_120_130	1,9	9,10	Blender,Speech	audio
FCnSVLG31Yg_120_130	0	10	Blender	visual
FCueNJBHERY_30_40	0,3,6	4,5,10	Violin_fiddle,Speech,Speech	audio
FCueNJBHERY_30_40	0	10	Violin_fiddle	visual
FD_AHY-4uaA_80_90	0	10	Fire_alarm	audio
FD_AHY-4uaA_80_90	0	6	Fire_alarm	visual
FE0C4xy3YRo_30_40	0,1,5	10,4,10	Speech,Violin_fiddle,Violin_fiddle	audio
FE0C4xy3YRo_30_40	0,3,0,0,7	2,6,10,3,10	Speech,Speech,Violin_fiddle,Cello,Banjo	visual
FFzJidrb2tg_0_10	6,0,2	10,1,5	Motorcycle,Speech,Speech	audio
FFzJidrb2tg_0_10	0	10	Motorcycle	visual
FGnW2s4nrYU_60_70	0,3	9,10	Clapping,Speech	audio
FGnW2s4nrYU_60_70	0	6	Clapping	visual
FHgIDw8rGtA_150_160	0,0	10,1	Motorcycle,Speech	audio
FHgIDw8rGtA_150_160	0	10	Motorcycle	visual
FHvhhlwmJ3A_20_30	9,1	10,9	Lawn_mower,Speech	audio
FHvhhlwmJ3A_20_30	0	10	Lawn_mower	visual
FI20VBtlwLM_40_50	1,5	4,6	Chicken_rooster,Speech	audio
FI20VBtlwLM_40_50	0	10	Chicken_rooster	visual
FJehTJMrmLc_30_40	0,3	4,10	Speech,Violin_fiddle	audio
FJehTJMrmLc_30_40	0,3	4,10	Speech,Violin_fiddle	visual
FKjHrCvqJL0_170_180	0	10	Singing	audio
FKjHrCvqJL0_170_180	0	10	Singing	visual
FLEC3gA30Pw_410_420	9	10	Singing	audio
FLEC3gA30Pw_410_420	9,7	10,10	Singing,Acoustic_guitar	visual
FLYjmRy39_g_10_20	3	10	Lawn_mower	audio
FLYjmRy39_g_10_20	0,6	5,10	Lawn_mower,Lawn_mower	visual
FOEzt0IIaoU_0_10	0,0,3,6	10,1,4,7	Dog,Speech,Speech,Speech	audio
FOEzt0IIaoU_0_10	0	10	Dog	visual
FP07wCKSwbE_400_410	0,4	10,10	Speech,Accordion	audio
FP07wCKSwbE_400_410	0	10	Accordion	visual
FPIXF5Pe_vw_190_200	0	10	Blender	audio
FPIXF5Pe_vw_190_200	0	10	Blender	visual
FR0cOQrzaWQ_280_290	0,7	10,10	Acoustic_guitar,Singing	audio
FR0cOQrzaWQ_280_290	0,9	10,10	Acoustic_guitar,Singing	visual
FR4em-G3gfo_30_40	0	10	Vacuum_cleaner	audio
FR4em-G3gfo_30_40	0,8,0	4,10,10	Vacuum_cleaner,Vacuum_cleaner,Cat	visual
FRz7ssK6R6M_30_40	2,0,0	6,10,10	Basketball_bounce,Speech,Cheering	audio
FRz7ssK6R6M_30_40	2,9	6,10	Basketball_bounce,Basketball_bounce	visual
FRzVTWTQyI8_50_60	5,7	6,10	Speech,Speech	audio
FRzVTWTQyI8_50_60	0	10	Dog	visual
FSaIBGrJ9Jg_90_100	0	3	Chainsaw	audio
FSaIBGrJ9Jg_90_100	0,5	4,10	Chainsaw,Chainsaw	visual
FTA0TnNtGlM_10_20	0,6	5,10	Fire_alarm,Fire_alarm	audio
FTA0TnNtGlM_10_20	5	8	Fire_alarm	visual
FU1_O_GJDko_410_420	0,9	4,10	Chainsaw,Chainsaw	audio
FU1_O_GJDko_410_420	0	10	Chainsaw	visual
FWyDVYWc0t0_160_170	0	10	Singing	audio
FWyDVYWc0t0_160_170	0	10	Singing	visual
FX6bTMXronQ_30_40	0,5	10,10	Violin_fiddle,Speech	audio
FX6bTMXronQ_30_40	0	10	Violin_fiddle	visual
FX7m8rS8Ac4_11_21	0	9	Baby_cry_infant_cry	audio
FX7m8rS8Ac4_11_21	0	9	Baby_cry_infant_cry	visual
FXM8uAh3nS8_70_80	0,0,6	10,3,10	Chicken_rooster,Speech,Speech	audio
FXM8uAh3nS8_70_80	0	10	Chicken_rooster	visual
FXcVh8Dbf0U_140_150	0,2,0	1,10,10	Singing,Singing,Cheering	audio
FXcVh8Dbf0U_140_150	0,2	1,10	Singing,Singing	visual
FY1hsJpoBF4_250_260	0,0	10,2	Motorcycle,Speech	audio
FY1hsJpoBF4_250_260	0	10	Motorcycle	visual
FY35Jy_mzfU_110_120	0,4	10,10	Motorcycle,Speech	audio
FY35Jy_mzfU_110_120	0	10	Motorcycle	visual
FbGHcKNRUBc_18_28	0,7	5,9	Violin_fiddle,Speech	audio
FbGHcKNRUBc_18_28	0	10	Violin_fiddle	visual
FbJMtOawkAo_20_30	6,4	10,5	Speech,Cat	audio
FbJMtOawkAo_20_30	0,4	2,10	Cat,Cat	visual
FbN2-I2CBbU_30_40	0,4,0,0,4,9	2,10,10,2,7,10	Speech,Speech,Singing,Dog,Dog,Dog	audio
FbN2-I2CBbU_30_40	0,3,8,0,4	1,5,9,2,10	Dog,Dog,Dog,Speech,Speech	visual
FbcZx5syfXE_0_10	7	10	Helicopter	audio
FbcZx5syfXE_0_10	3	10	Helicopter	visual
Fc5SeWp7Ouo_20_30	2,5,0	4,7,2	Lawn_mower,Lawn_mower,Speech	audio
Fc5SeWp7Ouo_20_30	0	10	Lawn_mower	visual
FcJApggTD4A_210_220	0,7,2,8	1,8,6,10	Speech,Speech,Cheering,Cheering	audio
FcJApggTD4A_210_220	0,0	10,10	Cheering,Clapping	visual
Fci7bNxsSVw_80_90	0,3	10,5	Motorcycle,Speech	audio
Fci7bNxsSVw_80_90	0	6	Motorcycle	visual
FcwK-l_KzEs_0_10	0	10	Speech	audio
FcwK-l_KzEs_0_10	1	7	Basketball_bounce	visual
FdKtli_dAaM_20_30	1,0,0	10,10,8	Dog,Speech,Clapping	audio
FdKtli_dAaM_20_30	0,0	10,2	Dog,Speech	visual
FdRXZAf5mMc_150_160	0,4,4,8	3,7,5,10	Speech,Speech,Dog,Dog	audio
FdRXZAf5mMc_150_160	0	10	Dog	visual
FdbtgaHTI9o_200_210	0,7	10,9	Helicopter,Speech	audio
FdbtgaHTI9o_200_210	0	10	Helicopter	visual
Fdp9dfnaLuY_30_40	0,2,7	7,4,9	Violin_fiddle,Speech,Speech	audio
Fdp9dfnaLuY_30_40	0,4	1,10	Violin_fiddle,Violin_fiddle	visual
FeC3GFT1GFk_180_190	0	10	Chicken_rooster	audio
FeC3GFT1GFk_180_190	0	10	Chicken_rooster	visual
Ff-TeBQ361Q_30_40	0,0,1	10,8,10	Violin_fiddle,Singing,Speech	audio
Ff-TeBQ361Q_30_40	0	10	Violin_fiddle	visual
FfLu0skvyR4_170_180	0,0,2	10,1,10	Helicopter,Speech,Speech	audio
FfLu0skvyR4_170_180	0	10	Helicopter	visual
Fg765IwFFms_50_60	0	10	Vacuum_cleaner	audio
Fg765IwFFms_50_60	0	10	Vacuum_cleaner	visual
FgCtqIgZlkU_30_40	0,8,0,9	5,9,8,10	Baby_cry_infant_cry,Baby_cry_infant_cry,Speech,Speech	audio
FgCtqIgZlkU_30_40	0	10	Baby_cry_infant_cry	visual
FgEEN3Fh68Y_30_40	0,3,8,1,4	1,6,10,3,7	Speech,Speech,Speech,Dog,Dog	audio
FgEEN3Fh68Y_30_40	0	10	Dog	visual
Fh2-vVvxbnI_90_100	0,4,2,7	2,10,4,10	Speech,Speech,Singing,Singing	audio
Fh2-vVvxbnI_90_100	0,0,4	10,2,10	Acoustic_guitar,Speech,Speech	visual
Fhhi2v1P5tE_90_100	0,5,7	3,6,10	Speech,Speech,Vacuum_cleaner	audio
Fhhi2v1P5tE_90_100	0	10	Dog	visual
FiQ6D89tciA_20_30	0	10	Singing	audio
FiQ6D89tciA_20_30	0	10	Singing	visual
FideUHWF5-4_50_60	9,0	10,5	Blender,Speech	audio
FideUHWF5-4_50_60	0	10	Blender	visual
FjseijUfvlw_30_40	0	10	Accordion	audio
FjseijUfvlw_30_40	0	10	Accordion	visual
Fk8y6-wbBUk_20_30	3,3	4,10	Speech,Vacuum_cleaner	audio
Fk8y6-wbBUk_20_30	0	10	Vacuum_cleaner	visual
FmOBqP7psWU_40_50	0	9	Chainsaw	audio
FmOBqP7psWU_40_50	2,6	4,10	Chainsaw,Chainsaw	visual
Fnq5BrdO0tc_280_290	0,1	10,3	Speech,Motorcycle	audio
Fnq5BrdO0tc_280_290	0	10	Motorcycle	visual
FoTOD4HkfAM_30_40	9,0,8	10,5,10	Speech,Baby_cry_infant_cry,Baby_cry_infant_cry	audio
FoTOD4HkfAM_30_40	0,8	5,10	Baby_cry_infant_cry,Baby_cry_infant_cry	visual
FpnKchSo3VE_160_170	0,7,7	6,8,10	Motorcycle,Speech,Singing	audio
FpnKchSo3VE_160_170	0	10	Motorcycle	visual
FqVYB3Z63uI_210_220	0,0	10,2	Frying_(food),Speech	audio
FqVYB3Z63uI_210_220	0	10	Frying_(food)	visual
Fr0MofY-CVo_20_30	2,4	3,5	Speech,Speech	audio
Fr0MofY-CVo_20_30	0	10	Dog	visual
Fr_9CvC8Xxo_30_40	0	10	Baby_cry_infant_cry	audio
Fr_9CvC8Xxo_30_40	0	10	Baby_cry_infant_cry	visual
FsTXNxD8M2A_0_10	1,5,7	3,6,10	Dog,Dog,Dog	audio
FsTXNxD8M2A_0_10	0	10	Dog	visual
FtvApi4UlEM_30_40	0,4,0	4,10,4	Singing,Speech,Acoustic_guitar	audio
FtvApi4UlEM_30_40	0,0,3	4,4,10	Singing,Acoustic_guitar,Clapping	visual
FwGq6BRGWns_40_50	1,7	6,9	Dog,Speech	audio
FwGq6BRGWns_40_50	0	10	Dog	visual
FwODSWGmEdY_80_90	0,5,0,0	1,9,5,5	Speech,Speech,Car,Dog	audio
FwODSWGmEdY_80_90	0,0,5,0	10,1,9,5	Dog,Speech,Speech,Car	visual
Fxb_iCsmqAM_30_40	0,0	10,10	Violin_fiddle,Acoustic_guitar	audio
Fxb_iCsmqAM_30_40	0,0	10,10	Violin_fiddle,Acoustic_guitar	visual
Fygm03Gw19Y_30_40	0	10	Helicopter	audio
Fygm03Gw19Y_30_40	0	10	Helicopter	visual
FzFRjoK--R0_30_40	0	10	Motorcycle	audio
FzFRjoK--R0_30_40	0	10	Motorcycle	visual
FzpI8ggObiE_280_290	0	10	Violin_fiddle	audio
FzpI8ggObiE_280_290	0	10	Violin_fiddle	visual
G-c_nrKUUIk_30_40	9,7	10,9	Helicopter,Speech	audio
G-c_nrKUUIk_30_40	9,2	10,10	Helicopter,Car	visual
G1Ef_w9jhE8_110_120	3,5	6,10	Banjo,Acoustic_guitar	audio
G1Ef_w9jhE8_110_120	0,0	10,10	Banjo,Acoustic_guitar	visual
G39FPqIZkAA_5_15	0	9	Helicopter	audio
G39FPqIZkAA_5_15	0	8	Helicopter	visual
G3Szo_Im5rs_30_40	0	10	Accordion	audio
G3Szo_Im5rs_30_40	0	10	Accordion	visual
G3pBZO5zFrE_340_350	0	10	Blender	audio
G3pBZO5zFrE_340_350	0	10	Blender	visual
G4TowkVcclw_90_100	0	10	Lawn_mower	audio
G4TowkVcclw_90_100	0	10	Lawn_mower	visual
G62jBqwUsac_90_100	0,4,0	3,8,10	Singing,Singing,Acoustic_guitar	audio
G62jBqwUsac_90_100	0,4,0	3,8,10	Singing,Singing,Acoustic_guitar	visual
G7jl8y17HNo_30_40	3	4	Chicken_rooster	audio
G7jl8y17HNo_30_40	0	10	Chicken_rooster	visual
GB93d-uKICQ_310_320	0,6,2,7	1,8,3,10	Dog,Dog,Speech,Speech	audio
GB93d-uKICQ_310_320	0	10	Dog	visual
GBJGRSP2JFg_20_30	0,3	4,10	Speech,Violin_fiddle	audio
GBJGRSP2JFg_20_30	0	4	Speech	visual
GCnRAAmkmTw_30_40	0,0	10,10	Cello,Violin_fiddle	audio
GCnRAAmkmTw_30_40	0,0	10,10	Cello,Violin_fiddle	visual
GERse3o3Uuo_70_80	0,1,5	1,4,6	Singing,Speech,Speech	audio
GERse3o3Uuo_70_80	0	1	Singing	visual
GEoZoRyYc1Q_90_100	0,3,3	1,9,4	Baby_laughter,Baby_laughter,Speech	audio
GEoZoRyYc1Q_90_100	0,3	1,9	Baby_laughter,Baby_laughter	visual
GG5XSsexHGk_370_380	0,5	10,7	Fire_alarm,Speech	audio
GG5XSsexHGk_370_380	0,7	6,10	Fire_alarm,Fire_alarm	visual
GGr5RlDlG7U_90_100	0,0,4,6	9,1,5,7	Chainsaw,Speech,Speech,Speech	audio
GGr5RlDlG7U_90_100	0	10	Chainsaw	visual
GIo3jkn2bt0_30_40	0,0	10,10	Speech,Violin_fiddle	audio
GIo3jkn2bt0_30_40	1,7	5,9	Speech,Violin_fiddle	visual
GJBUBAP_lf4_220_230	0,2,4,7,9	10,3,5,8,10	Singing,Clapping,Clapping,Clapping,Clapping	audio
GJBUBAP_lf4_220_230	0	10	Singing	visual
GJHdLtKI37w_10_20	0	10	Chicken_rooster	audio
GJHdLtKI37w_10_20	0	10	Chicken_rooster	visual
GJaybsizzm4_30_40	0,9	4,10	Speech,Speech	audio
GJaybsizzm4_30_40	0	10	Cat	visual
GKZvKWwrDcE_30_40	0,2,4,7,9,0,2,4,7	1,3,5,8,10,1,3,6,10	Clapping,Clapping,Clapping,Clapping,Clapping,Speech,Speech,Speech,Speech	audio
GKZvKWwrDcE_30_40	0,2,4,7,9,0,2,4,7	1,3,5,8,10,1,3,6,10	Clapping,Clapping,Clapping,Clapping,Clapping,Speech,Speech,Speech,Speech	visual
GLqZio7In10_30_40	0	10	Accordion	audio
GLqZio7In10_30_40	0	10	Accordion	visual
GM9ooYeYcY0_90_100	0,5,0,2,7	4,10,1,6,10	Dog,Dog,Speech,Speech,Speech	audio
GM9ooYeYcY0_90_100	0	10	Dog	visual
GMbYPPN6SNk_90_100	0,0,6,9,9	5,5,8,10,10	Violin_fiddle,Cello,Violin_fiddle,Cello,Violin_fiddle	audio
GMbYPPN6SNk_90_100	0,0	10,10	Cello,Violin_fiddle	visual
GOa3javNa-8_570_580	0,0,4	10,3,10	Frying_(food),Speech,Speech	audio
GOa3javNa-8_570_580	0	10	Frying_(food)	visual
GQJ3-6ZBsfg_200_210	2,7	3,8	Basketball_bounce,Basketball_bounce	audio
GQJ3-6ZBsfg_200_210	2,7	3,8	Basketball_bounce,Basketball_bounce	visual
GREbxPMiiFU_30_40	0,7	10,9	Violin_fiddle,Speech	audio
GREbxPMiiFU_30_40	0	10	Violin_fiddle	visual
GRGvhudh9s0_30_40	0	10	Helicopter	audio
GRGvhudh9s0_30_40	0	10	Helicopter	visual
GSWybGaQQdc_340_350	0,2,8,5	1,5,10,10	Speech,Speech,Speech,Fire_alarm	audio
GSWybGaQQdc_340_350	0	10	Fire_alarm	visual
GSaAFfWgeb4_30_40	1,3,8,0	2,7,10,10	Chicken_rooster,Chicken_rooster,Chicken_rooster,Speech	audio
GSaAFfWgeb4_30_40	0	10	Chicken_rooster	visual
GSovTky7XbU_120_130	0,0	10,10	Cello,Violin_fiddle	audio
GSovTky7XbU_120_130	0,0	10,10	Cello,Violin_fiddle	visual
GTMj6EZjRAg_120_130	0,0	10,7	Frying_(food),Speech	audio
GTMj6EZjRAg_120_130	0	10	Frying_(food)	visual
GTfbkrPPJjg_30_40	2	10	Baby_cry_infant_cry	audio
GTfbkrPPJjg_30_40	2	10	Baby_cry_infant_cry	visual
GThcvgY_HBU_210_220	0	10	Singing	audio
GThcvgY_HBU_210_220	0	10	Singing	visual
GTrzjZECYKI_50_60	0,3	10,10	Accordion,Singing	audio
GTrzjZECYKI_50_60	0,3	10,10	Accordion,Singing	visual
GTxET6TlBRM_30_40	0,5,0,6	3,10,3,10	Speech,Speech,Baby_cry_infant_cry,Baby_cry_infant_cry	audio
GTxET6TlBRM_30_40	0,6	3,10	Baby_cry_infant_cry,Baby_cry_infant_cry	visual
GUprpVDR2Hg_80_90	0,0,2	10,1,10	Cello,Violin_fiddle,Violin_fiddle	audio
GUprpVDR2Hg_80_90	0,0	10,10	Cello,Violin_fiddle	visual
GWFmUCizdfA_4_14	0	10	Helicopter	audio
GWFmUCizdfA_4_14	0	10	Helicopter	visual
GWg7TQYUHFo_30_40	0,0,7	10,3,9	Baby_cry_infant_cry,Speech,Speech	audio
GWg7TQYUHFo_30_40	0	9	Baby_cry_infant_cry	visual
GWvtgDdwoT0_0_10	0,5	10,9	Dog,Speech	audio
GWvtgDdwoT0_0_10	0	10	Dog	visual
GXIrtKSFXaM_30_40	0	10	Accordion	audio
GXIrtKSFXaM_30_40	0	10	Accordion	visual
GXdiEb8fkVQ_30_40	0,0	10,10	Accordion,Speech	audio
GXdiEb8fkVQ_30_40	0	10	Accordion	visual
GXsoVZJpLEc_510_520	0,0	10,10	Violin_fiddle,Cello	audio
GXsoVZJpLEc_510_520	0,0	10,10	Violin_fiddle,Cello	visual
GY-a6Wh7o_g_60_70	5,0	6,5	Speech,Motorcycle	audio
GY-a6Wh7o_g_60_70	0	10	Motorcycle	visual
GZYRcRlFjLA_0_10	0,1	10,10	Singing,Dog	audio
GZYRcRlFjLA_0_10	0	10	Dog	visual
GZx7ykInfR4_30_40	0,1	3,10	Speech,Violin_fiddle	audio
GZx7ykInfR4_30_40	0,0	10,3	Violin_fiddle,Speech	visual
Gb2iX2TZ5v8_290_300	0,6,0	5,10,10	Speech,Speech,Frying_(food)	audio
Gb2iX2TZ5v8_290_300	0	10	Frying_(food)	visual
GdND_LYJtYg_30_40	0	10	Vacuum_cleaner	audio
GdND_LYJtYg_30_40	0	10	Vacuum_cleaner	visual
Gfz5bt9Nz9c_390_400	0	1	Basketball_bounce	audio
Gfz5bt9Nz9c_390_400	0	1	Basketball_bounce	visual
Gg3pK71kApY_30_40	0,10	10,10	Motorcycle,Speech	audio
Gg3pK71kApY_30_40	0	10	Motorcycle	visual
GgiYd4ZgsQA_50_60	0	10	Dog	audio
GgiYd4ZgsQA_50_60	0	10	Dog	visual
GhXg04KU9Ws_22_32	0,8	10,10	Chainsaw,Speech	audio
GhXg04KU9Ws_22_32	0,9	10,10	Chainsaw,Speech	visual
Gi1iUYh6ZUo_0_10	0,6	5,10	Speech,Basketball_bounce	audio
Gi1iUYh6ZUo_0_10	0,7	5,10	Speech,Basketball_bounce	visual
GiO1oSKGTxY_110_120	0,0	10,10	Speech,Violin_fiddle	audio
GiO1oSKGTxY_110_120	0	10	Speech	visual
GilJAJTcmo8_13_23	0,2,6	4,3,10	Baby_cry_infant_cry,Speech,Speech	audio
GilJAJTcmo8_13_23	0	4	Baby_cry_infant_cry	visual
Gjk7H4JLso8_30_40	0,2	6,4	Speech,Cheering	audio
Gjk7H4JLso8_30_40	0	2	Speech	visual
GjoLR-sdj78_280_290	0,7,0,5	6,10,2,7	Acoustic_guitar,Acoustic_guitar,Speech,Speech	audio
GjoLR-sdj78_280_290	0	10	Acoustic_guitar	visual
GkjMWXHp0Ek_150_160	0,3	2,6	Blender,Speech	audio
GkjMWXHp0Ek_150_160	0	10	Blender	visual
GlucbS373WI_30_40	0,2	1,10	Lawn_mower,Lawn_mower	audio
GlucbS373WI_30_40	0,2	1,10	Lawn_mower,Lawn_mower	visual
GmetnCLxFHE_40_50	2,0	10,3	Dog,Speech	audio
GmetnCLxFHE_40_50	0	10	Dog	visual
GmxS8d0B1QE_20_30	0,2	10,5	Dog,Speech	audio
GmxS8d0B1QE_20_30	0	10	Dog	visual
Godz5tRIaRU_30_40	0	10	Helicopter	audio
Godz5tRIaRU_30_40	0	10	Helicopter	visual
GpPcLJ0b40o_140_150	0,0,0	10,10,10	Singing,Banjo,Acoustic_guitar	audio
GpPcLJ0b40o_140_150	0,0,0	10,10,10	Singing,Banjo,Acoustic_guitar	visual
GsNgBm53CGw_250_260	0,3,0,5	2,10,3,10	Speech,Speech,Acoustic_guitar,Acoustic_guitar	audio
GsNgBm53CGw_250_260	0,0,3	10,2,10	Acoustic_guitar,Speech,Speech	visual
GsVzqrK242Y_30_40	0	10	Violin_fiddle	audio
GsVzqrK242Y_30_40	0	10	Violin_fiddle	visual
GtiLAXlEZvU_40_50	0,9,8,0	7,10,9,10	Singing,Singing,Speech,Acoustic_guitar	audio
GtiLAXlEZvU_40_50	0,0,9	5,7,10	Acoustic_guitar,Singing,Singing	visual
Gtie98Go8Wc_10_20	0,4	4,10	Motorcycle,Speech	audio
Gtie98Go8Wc_10_20	0	10	Motorcycle	visual
Gtyp2DtLehs_10_20	0,2,4,1,3,5	1,3,7,2,4,9	Cat,Cat,Cat,Speech,Speech,Speech	audio
Gtyp2DtLehs_10_20	0	10	Cat	visual
Gu8zGt0iK7A_30_40	0,8,1	2,10,8	Violin_fiddle,Violin_fiddle,Speech	audio
Gu8zGt0iK7A_30_40	0,1	10,8	Violin_fiddle,Speech	visual
GubjpoIeZTc_180_190	0,2,7	10,3,10	Frying_(food),Speech,Speech	audio
GubjpoIeZTc_180_190	0,2,7	10,3,9	Frying_(food),Speech,Speech	visual
Gus-voUdc1U_30_40	0	10	Accordion	audio
Gus-voUdc1U_30_40	0	10	Accordion	visual
GvCEvNg0a9w_30_40	0,5,0	4,8,10	Dog,Dog,Speech	audio
GvCEvNg0a9w_30_40	0,0	10,10	Dog,Speech	visual
GvVdunhxlp4_80_90	0	10	Accordion	audio
GvVdunhxlp4_80_90	0	10	Accordion	visual
Gw4emZzJtzo_90_100	0,0,8	10,6,10	Frying_(food),Speech,Speech	audio
Gw4emZzJtzo_90_100	0	10	Frying_(food)	visual
Gx1wfTlFui8_0_10	0,5,6	4,10,10	Speech,Speech,Dog	audio
Gx1wfTlFui8_0_10	0	10	Dog	visual
GxBAyAeGJFk_40_50	0	10	Singing	audio
GxBAyAeGJFk_40_50	0	10	Singing	visual
GyOP7DP4wNU_0_10	0,1	5,4	Dog,Speech	audio
GyOP7DP4wNU_0_10	0,7	6,10	Dog,Dog	visual
GzN_gQyCOms_430_440	0,3,9,0,7	2,8,10,3,9	Singing,Singing,Singing,Speech,Speech	audio
GzN_gQyCOms_430_440	0,3,9	2,8,10	Singing,Singing,Singing	visual
GzXz1u955mo_170_180	8,0,5	10,4,9	Acoustic_guitar,Speech,Speech	audio
GzXz1u955mo_170_180	0	10	Acoustic_guitar	visual
H-zboGVCulQ_250_260	0	8	Singing	audio
H-zboGVCulQ_250_260	0	8	Singing	visual
H0EAcUmwbMs_30_40	0	10	Accordion	audio
H0EAcUmwbMs_30_40	0	10	Accordion	visual
H0j1eqsKVEw_120_130	0,0	10,10	Singing,Speech	audio
H0j1eqsKVEw_120_130	0	10	Singing	visual
H1u4PtqVFMg_370_380	0,3	10,7	Speech,Baby_laughter	audio
H1u4PtqVFMg_370_380	0	10	Speech	visual
H3RNXY2UgTI_30_40	2,6,0	5,9,10	Singing,Singing,Acoustic_guitar	audio
H3RNXY2UgTI_30_40	0,2,6	10,5,9	Acoustic_guitar,Singing,Singing	visual
H49jElTxnzQ_50_60	2,5,0,8	3,6,10,10	Basketball_bounce,Basketball_bounce,Speech,Clapping	audio
H49jElTxnzQ_50_60	2,5,8	3,6,10	Basketball_bounce,Basketball_bounce,Clapping	visual
H5WcJwyjxIg_2_12	0	0	Baby_cry_infant_cry	audio
H5WcJwyjxIg_2_12	0	10	Baby_cry_infant_cry	visual
H74oGbW1sw8_10_20	0,7	10,9	Cello,Speech	audio
H74oGbW1sw8_10_20	7	9	Speech	visual
H7CSAnSPS28_18_28	9	10	Chicken_rooster	audio
H7CSAnSPS28_18_28	0	10	Chicken_rooster	visual
H8FPgLh1mfg_50_60	4,0,7	6,3,10	Speech,Dog,Dog	audio
H8FPgLh1mfg_50_60	0	10	Dog	visual
H8_q1ovRwv8_90_100	1,1,5,9	10,4,8,10	Speech,Dog,Dog,Dog	audio
H8_q1ovRwv8_90_100	0	10	Dog	visual
H8hkekh2YCw_50_60	4	10	Accordion	audio
H8hkekh2YCw_50_60	4	10	Accordion	visual
H8wvllC_LOY_0_10	1,7,2	2,10,3	Cat,Cat,Speech	audio
H8wvllC_LOY_0_10	0	10	Cat	visual
H96RpfYiBNU_10_20	6,0	10,10	Singing,Banjo	audio
H96RpfYiBNU_10_20	0,0,0,6	10,10,10,10	Banjo,Acoustic_guitar,Violin_fiddle,Singing	visual
HArFBr_65N4_90_100	0,8,0	7,10,10	Clapping,Clapping,Singing	audio
HArFBr_65N4_90_100	0,8,0	7,10,10	Clapping,Clapping,Singing	visual
HAwbu6oNapk_130_140	0,5	10,7	Singing,Speech	audio
HAwbu6oNapk_130_140	0	10	Singing	visual
HBBZzLNKgPg_200_210	2,7,0,4	4,10,2,7	Speech,Speech,Violin_fiddle,Violin_fiddle	audio
HBBZzLNKgPg_200_210	0,2,7	10,4,10	Violin_fiddle,Speech,Speech	visual
HBCBTYMw93s_350_360	0,0	10,10	Cello,Violin_fiddle	audio
HBCBTYMw93s_350_360	0	10	Cello	visual
HFhl6brdHVU_30_40	6,0,4	10,3,6	Motorcycle,Speech,Speech	audio
HFhl6brdHVU_30_40	0	10	Motorcycle	visual
HG8nmD-CHVQ_0_10	0,2	1,10	Speech,Singing	audio
HG8nmD-CHVQ_0_10	0,2	1,10	Speech,Singing	visual
HHO8LjlRIf4_30_40	0,4,9	1,7,10	Speech,Dog,Cat	audio
HHO8LjlRIf4_30_40	0,0	10,10	Cat,Dog	visual
HHPykWws12s_30_40	0,0	10,10	Clapping,Speech	audio
HHPykWws12s_30_40	0,0	10,10	Clapping,Speech	visual
HHZFo5HpEv0_0_10	0,6,0	5,7,7	Basketball_bounce,Basketball_bounce,Speech	audio
HHZFo5HpEv0_0_10	0,6	5,7	Basketball_bounce,Basketball_bounce	visual
HHuHETn8hHA_50_60	2,9,0,0	7,10,10,10	Singing,Singing,Acoustic_guitar,Clapping	audio
HHuHETn8hHA_50_60	0,0,2,9	10,10,7,10	Acoustic_guitar,Clapping,Singing,Singing	visual
HJZUFlrj2xk_0_10	0	9	Motorcycle	audio
HJZUFlrj2xk_0_10	8	10	Motorcycle	visual
HJfi8BlRNYk_30_40	0,0	10,10	Helicopter,Speech	audio
HJfi8BlRNYk_30_40	0	10	Helicopter	visual
HJwb4hoo0YI_0_10	0,3,8,2,5,7	2,5,10,4,6,8	Dog,Dog,Dog,Speech,Speech,Speech	audio
HJwb4hoo0YI_0_10	0	10	Dog	visual
HK1i4YyF5WU_30_40	1,9,4,5	7,10,6,10	Speech,Speech,Motorcycle,Singing	audio
HK1i4YyF5WU_30_40	0	10	Motorcycle	visual
HKUHuK9_Jto_60_70	0,0	10,10	Singing,Cheering	audio
HKUHuK9_Jto_60_70	0	10	Singing	visual
HKYc0AlZp_A_10_20	4,7	5,9	Dog,Speech	audio
HKYc0AlZp_A_10_20	0	10	Dog	visual
HLSZ-Me0hgg_510_520	8	10	Speech	audio
HLSZ-Me0hgg_510_520	8	10	Basketball_bounce	visual
HLTZISEUndk_6_16	0	10	Chicken_rooster	audio
HLTZISEUndk_6_16	0	10	Chicken_rooster	visual
HLqE4iEyOrU_430_440	0	5	Dog	audio
HLqE4iEyOrU_430_440	0	4	Dog	visual
HLyZ9WSj8Ew_30_40	0,8	3,10	Singing,Singing	audio
HLyZ9WSj8Ew_30_40	0,8	3,10	Singing,Singing	visual
HNu8Dg0j7hY_570_580	0	10	Frying_(food)	audio
HNu8Dg0j7hY_570_580	0	10	Frying_(food)	visual
HPgh02VwZAI_17_27	9	10	Chicken_rooster	audio
HPgh02VwZAI_17_27	0	10	Chicken_rooster	visual
HQcefyCi7bM_170_180	0,0	10,2	Frying_(food),Speech	audio
HQcefyCi7bM_170_180	0	10	Frying_(food)	visual
HUrt-wFxTEY_50_60	0,7	6,10	Baby_cry_infant_cry,Baby_cry_infant_cry	audio
HUrt-wFxTEY_50_60	0	10	Baby_cry_infant_cry	visual
HVDmckfsc4M_30_40	0	10	Baby_cry_infant_cry	audio
HVDmckfsc4M_30_40	0	10	Baby_cry_infant_cry	visual
HXwYqGau-mk_230_240	0,6,6	6,10,10	Singing,Cheering,Clapping	audio
HXwYqGau-mk_230_240	0,6,6	6,10,10	Singing,Cheering,Clapping	visual
HZ_iK9BlTrA_30_40	0,0,1,7,9	10,4,5,8,10	Violin_fiddle,Singing,Speech,Speech,Speech	audio
HZ_iK9BlTrA_30_40	0	10	Violin_fiddle	visual
H_8WC4u6Qyw_20_30	0,7	7,8	Motorcycle,Speech	audio
H_8WC4u6Qyw_20_30	0	10	Motorcycle	visual
H_rWLZ4DNQU_30_40	0,0	10,10	Singing,Speech	audio
H_rWLZ4DNQU_30_40	2,4	3,8	Singing,Singing	visual
HaFqd2SZezE_20_30	1,0,7	10,1,10	Dog,Speech,Speech	audio
HaFqd2SZezE_20_30	0	10	Dog	visual
HbhIIXh9b-U_280_290	0	10	Vacuum_cleaner	audio
HbhIIXh9b-U_280_290	0	10	Vacuum_cleaner	visual
Hc1zpmHBVn0_370_380	0,4	10,6	Motorcycle,Speech	audio
Hc1zpmHBVn0_370_380	0	10	Motorcycle	visual
Hd4Lrewto7Q_20_30	0	10	Accordion	audio
Hd4Lrewto7Q_20_30	0	10	Accordion	visual
Hir4RLCwKg4_0_10	0,6,9,0	5,7,10,10	Speech,Speech,Speech,Cello	audio
Hir4RLCwKg4_0_10	0,6	5,7	Speech,Speech	visual
Hky1DDrf23A_30_40	0,8,5	7,10,7	Speech,Speech,Cat	audio
Hky1DDrf23A_30_40	0,6,3	4,9,6	Cat,Cat,Speech	visual
HlFvWY0asH4_40_50	0,0	6,10	Basketball_bounce,Speech	audio
HlFvWY0asH4_40_50	0	6	Basketball_bounce	visual
Hln9D0soCes_420_430	0,2,8	2,9,10	Speech,Banjo,Speech	audio
Hln9D0soCes_420_430	0	10	Banjo	visual
HlrhAru1e44_30_40	0,3,8	10,5,9	Violin_fiddle,Speech,Speech	audio
HlrhAru1e44_30_40	0	10	Violin_fiddle	visual
Hn5l7jGoTuc_100_110	0,4	10,10	Singing,Speech	audio
Hn5l7jGoTuc_100_110	0	10	Singing	visual
HnAoOz2WKAQ_8_18	0,0,3	10,6,6	Helicopter,Clapping,Cheering	audio
HnAoOz2WKAQ_8_18	0	10	Helicopter	visual
Hp4nx234ZsI_260_270	0,6,0	10,8,10	Singing,Speech,Acoustic_guitar	audio
Hp4nx234ZsI_260_270	0,3	7,7	Singing,Acoustic_guitar	visual
HqNElboqs94_220_230	1,0	10,1	Blender,Speech	audio
HqNElboqs94_220_230	0,0	10,1	Blender,Speech	visual
HqP_9D8m2_o_50_60	1	10	Singing	audio
HqP_9D8m2_o_50_60	1	10	Singing	visual
HqVapoaA2J4_10_20	0	10	Singing	audio
HqVapoaA2J4_10_20	0	10	Singing	visual
Hs7fnFd5tag_160_170	0,0	10,10	Cheering,Speech	audio
Hs7fnFd5tag_160_170	0	10	Cheering	visual
HsFjrit3z4M_310_320	0,4,6	3,7,10	Singing,Clapping,Cheering	audio
HsFjrit3z4M_310_320	0,4	3,7	Singing,Clapping	visual
HsShknbuIK4_0_10	1,3,9,2,9	2,5,10,7,10	Speech,Speech,Speech,Cat,Cat	audio
HsShknbuIK4_0_10	0,1,3,9	10,2,5,10	Cat,Speech,Speech,Speech	visual
Ht5wjEzlh0U_30_40	4	6	Telephone_bell_ringing	audio
Ht5wjEzlh0U_30_40	3	8	Telephone_bell_ringing	visual
HtMc8x6fmIM_70_80	0,4,0	1,10,7	Speech,Speech,Chicken_rooster	audio
HtMc8x6fmIM_70_80	1	10	Chicken_rooster	visual
HtrM3GQgaLE_370_380	0	10	Blender	audio
HtrM3GQgaLE_370_380	0	10	Blender	visual
HuaiNWPbTFE_20_30	0	10	Chicken_rooster	audio
HuaiNWPbTFE_20_30	0	10	Chicken_rooster	visual
Hw9Z6LEsJ6E_180_190	0,0	10,9	Singing,Clapping	audio
Hw9Z6LEsJ6E_180_190	0,0	10,6	Singing,Accordion	visual
HxvLp4XAYM0_30_40	0,8	10,10	Lawn_mower,Speech	audio
HxvLp4XAYM0_30_40	0	10	Lawn_mower	visual
Hyegfva1pCA_14_24	2	3	Chicken_rooster	audio
Hyegfva1pCA_14_24	0	10	Chicken_rooster	visual
HzzJAWWJ-pQ_30_40	0,5	2,10	Violin_fiddle,Violin_fiddle	audio
HzzJAWWJ-pQ_30_40	0	10	Violin_fiddle	visual
I--0mnbN4JI_10_20	0,2	3,10	Speech,Lawn_mower	audio
I--0mnbN4JI_10_20	0,0	3,10	Speech,Lawn_mower	visual
I-snPee8KXM_30_40	0,0	10,10	Speech,Violin_fiddle	audio
I-snPee8KXM_30_40	0,0	10,10	Speech,Violin_fiddle	visual
I-yer--Q2jU_28_38	0	10	Motorcycle	audio
I-yer--Q2jU_28_38	0	10	Motorcycle	visual
I1KW_y86Ql8_90_100	0,6,1	4,10,2	Speech,Speech,Basketball_bounce	audio
I1KW_y86Ql8_90_100	1	2	Basketball_bounce	visual
I35Xp8ugqj4_30_40	0,4	2,10	Speech,Violin_fiddle	audio
I35Xp8ugqj4_30_40	0,0	2,10	Speech,Violin_fiddle	visual
I3nMKP3u2Wc_30_40	0	10	Helicopter	audio
I3nMKP3u2Wc_30_40	0	10	Helicopter	visual
I4x9bRtdjI4_30_40	0,0	10,10	Cello,Violin_fiddle	audio
I4x9bRtdjI4_30_40	0,0	10,10	Cello,Violin_fiddle	visual
I5cPHUOT48U_110_120	0	10	Singing	audio
I5cPHUOT48U_110_120	0	10	Singing	visual
I6Drk3QmQn8_60_70	5,0	9,2	Dog,Speech	audio
I6Drk3QmQn8_60_70	0,7	5,10	Dog,Dog	visual
I6i5F6GT4wo_0_10	3,1,8	10,2,9	Baby_cry_infant_cry,Speech,Speech	audio
I6i5F6GT4wo_0_10	3	10	Baby_cry_infant_cry	visual
I7fdphE2vRM_200_210	0,0	10,5	Motorcycle,Speech	audio
I7fdphE2vRM_200_210	0	10	Motorcycle	visual
I89oTOuj1Ew_10_20	0,5,2,6	1,6,4,10	Speech,Speech,Dog,Dog	audio
I89oTOuj1Ew_10_20	0	10	Dog	visual
IABUo0b5tpc_30_40	0,0,6	1,3,10	Speech,Speech,Speech	audio
IABUo0b5tpc_30_40	0	10	Dog	visual
IAq7bVGH_zg_90_100	0,1,3	2,3,10	Singing,Speech,Singing	audio
IAq7bVGH_zg_90_100	0,1,3	2,3,10	Singing,Speech,Singing	visual
IBdAV36uQCg_0_10	1,6,8,0	6,7,10,10	Singing,Speech,Singing,Acoustic_guitar	audio
IBdAV36uQCg_0_10	1,6,8,0	6,7,10,10	Singing,Speech,Singing,Acoustic_guitar	visual
ICNjHa1pF0g_80_90	5,0,2,6,1,7	6,1,5,10,5,10	Basketball_bounce,Speech,Speech,Speech,Cheering,Cheering	audio
ICNjHa1pF0g_80_90	5	6	Basketball_bounce	visual
ICZwwC37gsE_30_40	0	10	Cello	audio
ICZwwC37gsE_30_40	0	10	Cello	visual
ID7NdijmMvE_90_100	0,0,0,0,0,2,5,8	10,10,10,3,1,5,6,10	Cello,Banjo,Acoustic_guitar,Speech,Clapping,Clapping,Speech,Speech	audio
ID7NdijmMvE_90_100	0,0,0	10,10,10	Cello,Banjo,Acoustic_guitar	visual
IDGj7JyTS2w_10_20	0,6,0,4,7	5,10,2,6,10	Dog,Dog,Speech,Speech,Speech	audio
IDGj7JyTS2w_10_20	0	10	Dog	visual
IF_wzyRY0K8_30_40	0	10	Helicopter	audio
IF_wzyRY0K8_30_40	0	10	Helicopter	visual
IGPYTFL2vd4_20_30	0,2	10,3	Motorcycle,Speech	audio
IGPYTFL2vd4_20_30	0	10	Motorcycle	visual
IGaYfRj5dJQ_460_470	0,0,0	10,10,10	Cheering,Speech,Clapping	audio
IGaYfRj5dJQ_460_470	0,0,0	10,10,10	Cheering,Speech,Clapping	visual
IJtLxh3lMKA_0_10	0,3,7,2	1,6,9,4	Speech,Speech,Speech,Cat	audio
IJtLxh3lMKA_0_10	0,8	4,10	Cat,Cat	visual
IN_sIxaaRsY_380_390	3,0	6,6	Cat,Speech	audio
IN_sIxaaRsY_380_390	0	10	Cat	visual
IPL838cX_FI_0_10	0,4	6,10	Speech,Cheering	audio
IPL838cX_FI_0_10	6	10	Cheering	visual
ISwSxZmWM24_170_180	0,3,3	10,10,10	Speech,Cheering,Clapping	audio
ISwSxZmWM24_170_180	1,3,6	2,5,7	Basketball_bounce,Basketball_bounce,Basketball_bounce	visual
ITP2x6GZGOw_180_190	0,0,7,9	10,4,8,10	Frying_(food),Speech,Speech,Speech	audio
ITP2x6GZGOw_180_190	0	10	Frying_(food)	visual
IU36VhygUGY_0_10	0,7,0	5,10,10	Lawn_mower,Lawn_mower,Speech	audio
IU36VhygUGY_0_10	0	10	Lawn_mower	visual
IULwH9sT3R8_30_40	0,6	10,7	Vacuum_cleaner,Speech	audio
IULwH9sT3R8_30_40	0	10	Vacuum_cleaner	visual
IUuUEvOBMIs_140_150	0,0	10,10	Violin_fiddle,Speech	audio
IUuUEvOBMIs_140_150	0	10	Violin_fiddle	visual
IVtnMeVpN1w_560_570	5,0,8	8,6,10	Speech,Acoustic_guitar,Acoustic_guitar	audio
IVtnMeVpN1w_560_570	0,5	10,8	Acoustic_guitar,Speech	visual
IXmenNs7MpI_10_20	0	10	Chicken_rooster	audio
IXmenNs7MpI_10_20	0	10	Chicken_rooster	visual
IYjYzJXI-Oo_90_100	0,4,6	4,10,10	Speech,Singing,Acoustic_guitar	audio
IYjYzJXI-Oo_90_100	0,4,6	4,10,10	Speech,Singing,Acoustic_guitar	visual
IZbehUMEpxk_30_40	2,6	5,10	Violin_fiddle,Violin_fiddle	audio
IZbehUMEpxk_30_40	0,0,4	10,2,10	Violin_fiddle,Speech,Speech	visual
Ib7cg0gudCs_170_180	0	10	Vacuum_cleaner	audio
Ib7cg0gudCs_170_180	0	10	Vacuum_cleaner	visual
IbEqfqTarSQ_210_220	0	10	Vacuum_cleaner	audio
IbEqfqTarSQ_210_220	0	10	Vacuum_cleaner	visual
IfCB-RoiEGI_30_40	0,0,3	3,7,10	Speech,Clapping,Violin_fiddle	audio
IfCB-RoiEGI_30_40	0,0,0	3,10,10	Speech,Violin_fiddle,Acoustic_guitar	visual
IgN7v8nWmx8_30_40	0,5,0,6,9	1,9,5,8,10	Speech,Speech,Violin_fiddle,Violin_fiddle,Violin_fiddle	audio
IgN7v8nWmx8_30_40	0,0,5	10,1,9	Violin_fiddle,Speech,Speech	visual
IiOj18HpE8E_30_40	0	3	Chainsaw	audio
IiOj18HpE8E_30_40	0	3	Chainsaw	visual
Ii_Tnig05Dk_300_310	0,2,9	10,4,10	Vacuum_cleaner,Speech,Speech	audio
Ii_Tnig05Dk_300_310	0	10	Vacuum_cleaner	visual
IjgCZlauTl8_40_50	6,8	8,10	Speech,Vacuum_cleaner	audio
IjgCZlauTl8_40_50	5	10	Vacuum_cleaner	visual
IkFw4fRxtDM_100_110	4,0	10,10	Singing,Cheering	audio
IkFw4fRxtDM_100_110	4	10	Singing	visual
IkyrCy-ErUE_0_10	1,5,8	3,8,10	Chicken_rooster,Chicken_rooster,Speech	audio
IkyrCy-ErUE_0_10	0	10	Chicken_rooster	visual
Im1UwtffSmY_30_40	0,9,4,8	8,10,6,10	Dog,Dog,Speech,Speech	audio
Im1UwtffSmY_30_40	0	10	Dog	visual
IoJRmwCoouc_20_30	0,7	10,8	Helicopter,Speech	audio
IoJRmwCoouc_20_30	0	10	Helicopter	visual
IopckGXSIIU_550_560	0	7	Speech	audio
IopckGXSIIU_550_560	6,5	8,7	Basketball_bounce,Speech	visual
Ip3SFk3NsfE_150_160	0	10	Chicken_rooster	audio
Ip3SFk3NsfE_150_160	0	10	Chicken_rooster	visual
Ir6xFmmEfEA_170_180	2,5,7	5,6,9	Speech,Dog,Speech	audio
Ir6xFmmEfEA_170_180	0	10	Dog	visual
IsKSYL5B-Us_10_20	0,0	10,10	Basketball_bounce,Speech	audio
IsKSYL5B-Us_10_20	2,6,8,5	4,7,10,7	Basketball_bounce,Basketball_bounce,Basketball_bounce,Speech	visual
Ishr8cHsJkc_180_190	5,7,1,3,8,5,7	6,8,2,4,10,6,8	Speech,Speech,Dog,Dog,Dog,Speech,Speech	audio
Ishr8cHsJkc_180_190	0	10	Dog	visual
IspgiqrvIHE_240_250	0,0	10,10	Cello,Violin_fiddle	audio
IspgiqrvIHE_240_250	0,0	10,10	Cello,Violin_fiddle	visual
It4a2G-gbPQ_40_50	0,0	7,10	Singing,Acoustic_guitar	audio
It4a2G-gbPQ_40_50	0	10	Acoustic_guitar	visual
ItmMVkEzs4E_50_60	0,0	10,10	Banjo,Singing	audio
ItmMVkEzs4E_50_60	0,0	10,5	Banjo,Singing	visual
Iui-6VAc1Lk_80_90	0,5,9,5	10,7,10,10	Singing,Cheering,Cheering,Clapping	audio
Iui-6VAc1Lk_80_90	0,5,9	10,7,10	Singing,Cheering,Cheering	visual
IvxMdjfSvQQ_12_22	0,0	10,10	Baby_cry_infant_cry,Speech	audio
IvxMdjfSvQQ_12_22	0	10	Baby_cry_infant_cry	visual
IwpvkdsO12s_230_240	0,0	10,10	Frying_(food),Speech	audio
IwpvkdsO12s_230_240	0	10	Frying_(food)	visual
IxUQZ_1JuFs_30_40	0,0	10,6	Clapping,Speech	audio
IxUQZ_1JuFs_30_40	5	10	Clapping	visual
IyBazGaHPeo_30_40	0,3,6,7,5	1,4,7,10,9	Cat,Cat,Cat,Cat,Speech	audio
IyBazGaHPeo_30_40	0	10	Cat	visual
IzJtqrr3_4o_30_40	0	10	Chainsaw	audio
IzJtqrr3_4o_30_40	0	10	Chainsaw	visual
IzLz4Ph3TCc_430_440	0,6,0	4,10,10	Speech,Speech,Cheering	audio
IzLz4Ph3TCc_430_440	0	10	Motorcycle	visual
J-PhnBJlJuU_160_170	0	7	Singing	audio
J-PhnBJlJuU_160_170	0	7	Singing	visual
J1SkRrovroE_170_180	1,1,8	3,10,10	Basketball_bounce,Speech,Clapping	audio
J1SkRrovroE_170_180	1	3	Basketball_bounce	visual
J1jvG3qD8K4_30_40	2,1,9	4,6,10	Dog,Speech,Speech	audio
J1jvG3qD8K4_30_40	0	10	Dog	visual
J1r2298msAc_30_40	1,5,7,1	2,6,10,2	Basketball_bounce,Basketball_bounce,Basketball_bounce,Speech	audio
J1r2298msAc_30_40	1,7	2,10	Basketball_bounce,Basketball_bounce	visual
J2SFw1xdf8w_50_60	0	10	Accordion	audio
J2SFw1xdf8w_50_60	0	10	Accordion	visual
J3YTzD0N_kw_20_30	0,1	1,10	Speech,Singing	audio
J3YTzD0N_kw_20_30	0,1	1,10	Speech,Singing	visual
J6cBf-yBto0_140_150	1	3	Blender	audio
J6cBf-yBto0_140_150	0	9	Blender	visual
J6w_jYtQWbk_30_40	0,0	10,10	Violin_fiddle,Speech	audio
J6w_jYtQWbk_30_40	0	10	Violin_fiddle	visual
J73WaU8XiH4_30_40	0,2,5	2,10,6	Cheering,Violin_fiddle,Speech	audio
J73WaU8XiH4_30_40	0	10	Violin_fiddle	visual
J7H-6clOB-M_0_10	6,5	10,10	Acoustic_guitar,Singing	audio
J7H-6clOB-M_0_10	5,5	10,10	Singing,Acoustic_guitar	visual
J87ZTJnSuhw_20_30	0,5,9	4,8,10	Chicken_rooster,Chicken_rooster,Chicken_rooster	audio
J87ZTJnSuhw_20_30	0,2	1,10	Chicken_rooster,Chicken_rooster	visual
J8sZgIgUv6A_30_40	4,0,9	10,6,10	Violin_fiddle,Speech,Speech	audio
J8sZgIgUv6A_30_40	2	10	Violin_fiddle	visual
JBPezyDs1-k_24_34	0	10	Chainsaw	audio
JBPezyDs1-k_24_34	0	10	Chainsaw	visual
JBqeIeNcy2o_30_40	2,0,3,7,9	10,2,4,8,10	Baby_cry_infant_cry,Speech,Speech,Speech,Speech	audio
JBqeIeNcy2o_30_40	0	10	Baby_cry_infant_cry	visual
JC09Z7ExipY_200_210	0,1	10,3	Speech,Acoustic_guitar	audio
JC09Z7ExipY_200_210	0,0	10,10	Acoustic_guitar,Speech	visual
JCVDz4BeWTg_30_40	0,2,5	10,4,7	Violin_fiddle,Speech,Speech	audio
JCVDz4BeWTg_30_40	0	10	Violin_fiddle	visual
JCwLITKpcZ8_220_230	0,9,1	1,10,6	Dog,Dog,Speech	audio
JCwLITKpcZ8_220_230	0	10	Dog	visual
JDewbf6JixU_440_450	0,1,7	10,5,10	Acoustic_guitar,Singing,Singing	audio
JDewbf6JixU_440_450	0,1,7	10,5,10	Acoustic_guitar,Singing,Singing	visual
JFhegixCl3U_240_250	0,2	10,10	Cheering,Speech	audio
JFhegixCl3U_240_250	0	10	Cheering	visual
JGJe3zySkFU_10_20	4,5,0	5,10,10	Speech,Singing,Acoustic_guitar	audio
JGJe3zySkFU_10_20	0,4,5	10,5,10	Acoustic_guitar,Speech,Singing	visual
JGdkVx81S-k_20_30	0	10	Blender	audio
JGdkVx81S-k_20_30	0	10	Blender	visual
JHZgrp0pMaM_0_10	2	10	Vacuum_cleaner	audio
JHZgrp0pMaM_0_10	0,2	1,10	Vacuum_cleaner,Vacuum_cleaner	visual
JHxFlpU4aZg_100_110	0,0,8	8,3,10	Frying_(food),Speech,Speech	audio
JHxFlpU4aZg_100_110	3	8	Frying_(food)	visual
JIT9v30weXs_20_30	0,2	10,3	Dog,Speech	audio
JIT9v30weXs_20_30	0	10	Dog	visual
JKdmCnXxlKA_30_40	0	10	Chainsaw	audio
JKdmCnXxlKA_30_40	0	10	Chainsaw	visual
JMLZAxGosWI_220_230	0,2	10,9	Frying_(food),Speech	audio
JMLZAxGosWI_220_230	0	10	Frying_(food)	visual
JNxMBpxAor4_10_20	7,0	10,10	Speech,Violin_fiddle	audio
JNxMBpxAor4_10_20	6,7	10,10	Violin_fiddle,Speech	visual
JR09cQfpjqE_30_40	4	10	Violin_fiddle	audio
JR09cQfpjqE_30_40	1	5	Speech	audio
JR09cQfpjqE_30_40	0,1	10,5	Violin_fiddle,Speech	visual
JRavR1Wdnp0_0_10	1	10	Baby_cry_infant_cry	audio
JRavR1Wdnp0_0_10	0	10	Baby_cry_infant_cry	visual
JRnkgiP2QSg_70_80	0,2,0,5	1,10,2,10	Chicken_rooster,Chicken_rooster,Speech,Speech	audio
JRnkgiP2QSg_70_80	0	10	Chicken_rooster	visual
JTGPavUwTC8_40_50	0,0,3,7	10,2,4,9	Dog,Speech,Speech,Speech	audio
JTGPavUwTC8_40_50	0	10	Dog	visual
JTbensAt_SE_120_130	6,9	8,10	Cat,Cat	audio
JTbensAt_SE_120_130	4	10	Cat	visual
JU78MHJ3bHc_10_20	2,7	6,10	Speech,Speech	audio
JU78MHJ3bHc_10_20	0	10	Dog	visual
JV4tgBESp1o_30_40	0,5	5,10	Baby_cry_infant_cry,Speech	audio
JV4tgBESp1o_30_40	5	10	Speech	visual
JVgisBJ_Hss_30_40	4,0	10,5	Speech,Violin_fiddle	audio
JVgisBJ_Hss_30_40	0,4	10,10	Violin_fiddle,Speech	visual
JVnyQw8ORJQ_10_20	1	8	Baby_laughter	audio
JVnyQw8ORJQ_10_20	0	10	Baby_laughter	visual
JX-yvRwRrEU_210_220	0,3	3,10	Speech,Blender	audio
JX-yvRwRrEU_210_220	0,0	3,10	Speech,Blender	visual
JZ82xaUBcIY_470_480	5,0	10,6	Fire_alarm,Speech	audio
JZ82xaUBcIY_470_480	0	10	Fire_alarm	visual
J_uk2QJ9T_M_190_200	7,0	10,7	Motorcycle,Speech	audio
J_uk2QJ9T_M_190_200	3,0,7,7	6,2,10,10	Speech,Speech,Motorcycle,Car	visual
JaIFJM7blIw_20_30	0,7	7,8	Singing,Speech	audio
JaIFJM7blIw_20_30	0	7	Singing	visual
JcCvdDhZmOo_190_200	0,0,8	10,6,10	Frying_(food),Speech,Speech	audio
JcCvdDhZmOo_190_200	0	10	Frying_(food)	visual
Jcn4AhTKLuk_120_130	0,7	10,10	Motorcycle,Speech	audio
Jcn4AhTKLuk_120_130	0,7,0	10,10,10	Motorcycle,Speech,Car	visual
JcunMsOU1g8_10_20	0	9	Speech	audio
JcunMsOU1g8_10_20	4,0,0	10,6,7	Chicken_rooster,Car,Motorcycle	visual
JdYxbaszdxs_30_40	1,2,3	2,10,10	Speech,Acoustic_guitar,Cello	audio
JdYxbaszdxs_30_40	1,1	10,10	Cello,Acoustic_guitar	visual
Jf0uMVmb6fU_10_20	0,6	10,10	Acoustic_guitar,Singing	audio
Jf0uMVmb6fU_10_20	0,6	10,10	Acoustic_guitar,Singing	visual
JfKOvG5o6H0_0_10	0,1,3,7	9,2,4,8	Dog,Speech,Speech,Speech	audio
JfKOvG5o6H0_0_10	0,3	2,9	Dog,Dog	visual
JfZEqeLZqWk_30_40	0	10	Baby_cry_infant_cry	audio
JfZEqeLZqWk_30_40	1	6	Baby_cry_infant_cry	visual
JfjB3Tz3U_U_30_40	0	10	Motorcycle	audio
JfjB3Tz3U_U_30_40	0	10	Motorcycle	visual
JgZCSNt7s2I_17_27	0,5	5,7	Violin_fiddle,Speech	audio
JgZCSNt7s2I_17_27	0,5	10,7	Violin_fiddle,Speech	visual
JgsbmMljkfU_40_50	0	9	Chicken_rooster	audio
JgsbmMljkfU_40_50	0	10	Chicken_rooster	visual
Jhls1-RQlTo_560_570	0,5,1,7	3,6,5,10	Speech,Speech,Acoustic_guitar,Acoustic_guitar	audio
Jhls1-RQlTo_560_570	0	10	Acoustic_guitar	visual
JiaubxT6-fs_20_30	0,5,7	10,6,9	Dog,Speech,Speech	audio
JiaubxT6-fs_20_30	0	10	Dog	visual
Jj3vSp0UYYk_30_40	0,0	10,4	Helicopter,Speech	audio
Jj3vSp0UYYk_30_40	0	10	Helicopter	visual
JmKW2s5XfYE_50_60	1,0,2,9	10,1,5,10	Helicopter,Speech,Speech,Speech	audio
JmKW2s5XfYE_50_60	0,2	1,5	Speech,Speech	visual
Jmd4nOKYpsw_370_380	0	4	Frying_(food)	audio
Jmd4nOKYpsw_370_380	0	4	Frying_(food)	visual
JpcZzu4W_hM_100_110	0,2	10,3	Singing,Cheering	audio
JpcZzu4W_hM_100_110	0	10	Singing	visual
Jpg9gXXGO8o_30_40	0	10	Motorcycle	audio
Jpg9gXXGO8o_30_40	0	10	Motorcycle	visual
JquimytXI2U_160_170	0,0	10,7	Acoustic_guitar,Singing	audio
JquimytXI2U_160_170	0,0	10,7	Acoustic_guitar,Singing	visual
Ju4o24LHKl0_30_40	0,6,0	4,10,10	Cat,Cat,Speech	audio
Ju4o24LHKl0_30_40	0	10	Cat	visual
JurJCOlwHnI_30_40	0	10	Motorcycle	audio
JurJCOlwHnI_30_40	0	10	Motorcycle	visual
Juv7x384pqI_27_37	0	10	Motorcycle	audio
Juv7x384pqI_27_37	0	10	Motorcycle	visual
Jxhxk43ruDk_140_150	0,0	10,5	Motorcycle,Speech	audio
Jxhxk43ruDk_140_150	0,7	6,10	Car,Motorcycle	visual
JzgRjsuSkao_10_20	0,7	8,9	Dog,Speech	audio
JzgRjsuSkao_10_20	0	10	Dog	visual
K-VmpXAYU6M_80_90	0,0,9,7,0,2,6	10,4,10,8,1,5,9	Clapping,Basketball_bounce,Speech,Basketball_bounce,Singing,Singing,Singing	audio
K-VmpXAYU6M_80_90	0,0,7	10,4,8	Clapping,Basketball_bounce,Basketball_bounce	visual
K-_lKMeitkU_200_210	0,3	3,10	Speech,Blender	audio
K-_lKMeitkU_200_210	0,0	3,10	Speech,Blender	visual
K-t3vHYBnmE_30_40	0,3	2,8	Baby_cry_infant_cry,Baby_cry_infant_cry	audio
K-t3vHYBnmE_30_40	0	9	Baby_cry_infant_cry	visual
K06Ihpg5d4s_60_70	0,0	10,10	Cello,Accordion	audio
K06Ihpg5d4s_60_70	0,0	10,10	Cello,Accordion	visual
K1QrW6MVmjg_30_40	0,0	10,10	Violin_fiddle,Cello	audio
K1QrW6MVmjg_30_40	0,0,0,6	10,10,5,10	Violin_fiddle,Cello,Motorcycle,Motorcycle	visual
K1nl3lRbDHg_40_50	0,0,5	10,2,8	Dog,Speech,Speech	audio
K1nl3lRbDHg_40_50	0	10	Dog	visual
K20ST5Eksz4_20_30	0,0	10,2	Acoustic_guitar,Speech	audio
K20ST5Eksz4_20_30	0	10	Acoustic_guitar	visual
K2VYvpLh-CI_130_140	0	10	Cat	audio
K2VYvpLh-CI_130_140	0	10	Cat	visual
K4CrCEHGnwU_10_20	0,3,9	10,4,10	Dog,Speech,Speech	audio
K4CrCEHGnwU_10_20	0	10	Dog	visual
K4SxwnI3EE4_70_80	0,0	7,4	Speech,Dog	audio
K4SxwnI3EE4_70_80	5,0	7,10	Speech,Dog	visual
K4dSVn0RLGM_20_30	0	10	Chainsaw	audio
K4dSVn0RLGM_20_30	0	10	Chainsaw	visual
K53-32lDqsA_60_70	0,0,4,8	5,5,7,10	Singing,Clapping,Cheering,Cheering	audio
K53-32lDqsA_60_70	0,8	10,10	Clapping,Cheering	visual
K6-BOCjkeBE_10_20	0,6,0	1,10,10	Speech,Speech,Violin_fiddle	audio
K6-BOCjkeBE_10_20	0,6	1,10	Speech,Speech	visual
K7HLZeuyWjo_190_200	0,1	2,10	Banjo,Speech	audio
K7HLZeuyWjo_190_200	0	10	Banjo	visual
K7O_jfofE6w_0_10	3,2	10,3	Motorcycle,Speech	audio
K7O_jfofE6w_0_10	2,2	10,10	Motorcycle,Car	visual
K8pU44rsLJY_150_160	0	4	Vacuum_cleaner	audio
K8pU44rsLJY_150_160	0	10	Vacuum_cleaner	visual
K9KdTtdCRWw_30_40	0,1,7	10,3,9	Telephone_bell_ringing,Speech,Speech	audio
K9KdTtdCRWw_30_40	0,1	3,3	Telephone_bell_ringing,Speech	visual
KBHjIrZuqTw_20_30	1,0,6	6,3,10	Speech,Acoustic_guitar,Acoustic_guitar	audio
KBHjIrZuqTw_20_30	0,1	10,6	Acoustic_guitar,Speech	visual
KCO8lQDHBJg_30_40	0,3	10,10	Baby_cry_infant_cry,Speech	audio
KCO8lQDHBJg_30_40	0	10	Baby_cry_infant_cry	visual
KCOHsYmUa20_190_200	0,0	10,10	Acoustic_guitar,Accordion	audio
KCOHsYmUa20_190_200	0,7,7	4,10,10	Accordion,Accordion,Acoustic_guitar	visual
KCOcjOPIxJM_10_20	0,6,0,4,9	4,9,1,5,10	Speech,Speech,Chicken_rooster,Chicken_rooster,Chicken_rooster	audio
KCOcjOPIxJM_10_20	0,0,0,3	10,10,2,4	Chicken_rooster,Cat,Speech,Speech	visual
KCckyE6pu0Q_140_150	0,0,3,8	10,1,7,10	Violin_fiddle,Acoustic_guitar,Acoustic_guitar,Acoustic_guitar	audio
KCckyE6pu0Q_140_150	0,0	10,8	Violin_fiddle,Acoustic_guitar	visual
KD141Cqf6Dg_130_140	5	10	Blender	audio
KD141Cqf6Dg_130_140	0	10	Blender	visual
KDLQygmUohg_30_40	0,0,5	10,4,10	Violin_fiddle,Speech,Speech	audio
KDLQygmUohg_30_40	0	10	Violin_fiddle	visual
KDN-h5yVWRw_25_35	1	8	Baby_cry_infant_cry	audio
KDN-h5yVWRw_25_35	0	8	Baby_cry_infant_cry	visual
KDNnpxD4lWU_60_70	0,3,8,9,2	2,7,10,10,5	Baby_laughter,Baby_laughter,Baby_laughter,Speech,Dog	audio
KDNnpxD4lWU_60_70	0,2	10,4	Dog,Baby_laughter	visual
KEUQxR12Cfo_30_40	0,0,0	10,10,10	Cello,Violin_fiddle,Acoustic_guitar	audio
KEUQxR12Cfo_30_40	0,0,0	10,10,10	Cello,Violin_fiddle,Acoustic_guitar	visual
KFNee9YkgVI_17_27	0,1	10,10	Baby_cry_infant_cry,Speech	audio
KFNee9YkgVI_17_27	0	10	Baby_cry_infant_cry	visual
KFdPDpr62i0_190_200	0	10	Lawn_mower	audio
KFdPDpr62i0_190_200	5	10	Lawn_mower	visual
KGwKORR6L7w_30_40	0,2,5,8	10,4,7,10	Baby_cry_infant_cry,Speech,Speech,Speech	audio
KGwKORR6L7w_30_40	3	10	Baby_cry_infant_cry	visual
KGxvfuRj444_160_170	3,9,0,6	4,10,5,10	Cat,Cat,Speech,Speech	audio
KGxvfuRj444_160_170	0	2	Cat	visual
KHVnB6XI7Q8_230_240	0,8,0	6,10,10	Singing,Singing,Acoustic_guitar	audio
KHVnB6XI7Q8_230_240	0,8,0	6,10,10	Singing,Singing,Acoustic_guitar	visual
KHeMI0Qmnqg_110_120	0	10	Vacuum_cleaner	audio
KHeMI0Qmnqg_110_120	0	10	Vacuum_cleaner	visual
KHv3w-UiXeQ_20_30	0,2,6,0	1,5,10,2	Dog,Dog,Dog,Speech	audio
KHv3w-UiXeQ_20_30	0	10	Dog	visual
KKghPv944Ks_30_40	0	10	Vacuum_cleaner	audio
KKghPv944Ks_30_40	0	10	Vacuum_cleaner	visual
KL4uiNB7lMA_150_160	0	10	Vacuum_cleaner	audio
KL4uiNB7lMA_150_160	0	10	Vacuum_cleaner	visual
KMEisCK2xjQ_30_40	4,0	10,2	Violin_fiddle,Speech	audio
KMEisCK2xjQ_30_40	0	10	Violin_fiddle	visual
KMhuOpxiU5Y_0_10	1,5,9,2	4,6,10,10	Speech,Speech,Speech,Dog	audio
KMhuOpxiU5Y_0_10	0,6,1	5,10,2	Dog,Dog,Speech	visual
KNY4yu5-7kg_143_153	0,3,9,8	2,6,10,10	Speech,Speech,Speech,Fire_alarm	audio
KNY4yu5-7kg_143_153	0	4	Fire_alarm	visual
KP2H8e3MDBg_0_10	0,4	4,10	Speech,Cat	audio
KP2H8e3MDBg_0_10	2	10	Cat	visual
KSRjje7GH44_60_70	8,0	10,8	Blender,Speech	audio
KSRjje7GH44_60_70	0	10	Blender	visual
KV4CpfKk7FY_30_40	0,0,3	10,2,10	Speech,Singing,Singing	audio
KV4CpfKk7FY_30_40	0,0	10,10	Speech,Acoustic_guitar	visual
KW2B-Rv8bjs_30_40	0,1,8	7,2,9	Cat,Speech,Speech	audio
KW2B-Rv8bjs_30_40	0	10	Cat	visual
KWdhwfzfppg_260_270	0,0,0	10,10,10	Cello,Violin_fiddle,Accordion	audio
KWdhwfzfppg_260_270	0,0,0	10,10,10	Cello,Violin_fiddle,Accordion	visual
KWqZGTZQUwA_110_120	0	10	Lawn_mower	audio
KWqZGTZQUwA_110_120	0	10	Lawn_mower	visual
KXQ0oFeq_8Q_10_20	0,0	10,10	Cello,Violin_fiddle	audio
KXQ0oFeq_8Q_10_20	0,0	10,10	Cello,Violin_fiddle	visual
KXZXHrLBpPo_350_360	0,2	2,10	Speech,Acoustic_guitar	audio
KXZXHrLBpPo_350_360	0,0	2,10	Speech,Acoustic_guitar	visual
KXumlH_SF5Y_100_110	0,0,3	10,1,5	Helicopter,Speech,Speech	audio
KXumlH_SF5Y_100_110	0	10	Helicopter	visual
KY_EJ9wCJ1E_320_330	0,0	10,2	Violin_fiddle,Speech	audio
KY_EJ9wCJ1E_320_330	0	2	Speech	visual
KZbA2DuNLYM_23_33	2,9	8,10	Baby_cry_infant_cry,Baby_cry_infant_cry	audio
KZbA2DuNLYM_23_33	2	10	Baby_cry_infant_cry	visual
KZhSh9lwAoI_20_30	0,0,7	10,6,10	Speech,Baby_laughter,Baby_laughter	audio
KZhSh9lwAoI_20_30	0	10	Baby_laughter	visual
KaNCiByIxx0_130_140	0,0	10,1	Chicken_rooster,Speech	audio
KaNCiByIxx0_130_140	0	10	Chicken_rooster	visual
KbeILnzvciI_30_40	0,5	6,10	Violin_fiddle,Speech	audio
KbeILnzvciI_30_40	0,5	10,10	Violin_fiddle,Speech	visual
KcIu2WxoeiM_0_10	0	10	Helicopter	audio
KcIu2WxoeiM_0_10	0	10	Helicopter	visual
KcXWxITU5s0_16_26	0,2	2,6	Speech,Dog	audio
KcXWxITU5s0_16_26	0	6	Dog	visual
KdIrYOmwm3M_150_160	0	10	Accordion	audio
KdIrYOmwm3M_150_160	0,0	8,8	Car,Motorcycle	visual
KdlvYugCXvo_130_140	0	10	Helicopter	audio
KdlvYugCXvo_130_140	0	10	Helicopter	visual
Ke2-q_gw7-A_270_280	0,0	1,10	Speech,Acoustic_guitar	audio
Ke2-q_gw7-A_270_280	0,0	10,1	Acoustic_guitar,Speech	visual
Ke5YRnqT94o_130_140	0	10	Vacuum_cleaner	audio
Ke5YRnqT94o_130_140	0	10	Vacuum_cleaner	visual
KeVUagDleIg_30_40	5,0,3,6	10,1,4,10	Speech,Cat,Cat,Cat	audio
KeVUagDleIg_30_40	0,5	10,10	Cat,Speech	visual
Kecpmbnv2Qc_30_40	0,7	1,10	Speech,Chicken_rooster	audio
Kecpmbnv2Qc_30_40	0	10	Chicken_rooster	visual
KgvsnA-mGRc_30_40	5	10	Motorcycle	audio
KgvsnA-mGRc_30_40	0	10	Motorcycle	visual
KhYlQoDEtKI_50_60	0,0	2,10	Singing,Acoustic_guitar	audio
KhYlQoDEtKI_50_60	0,0	2,10	Singing,Acoustic_guitar	visual
KhxzuPjDjBc_50_60	0,0	10,10	Singing,Banjo	audio
KhxzuPjDjBc_50_60	0	10	Acoustic_guitar	visual
Ki5FZjVfs7s_190_200	0,9	4,10	Speech,Speech	audio
Ki5FZjVfs7s_190_200	0	10	Dog	visual
Kl7OB6fk26c_50_60	0,5,7,0,8	3,6,10,7,10	Cat,Cat,Cat,Speech,Speech	audio
Kl7OB6fk26c_50_60	0	10	Dog	visual
KliVsEcJ1Do_130_140	0,9,4	3,10,10	Speech,Speech,Baby_laughter	audio
KliVsEcJ1Do_130_140	0,4,9	3,10,10	Speech,Baby_laughter,Speech	visual
KmN2GrhTxXE_10_20	0,5	4,6	Motorcycle,Speech	audio
KmN2GrhTxXE_10_20	0	10	Motorcycle	visual
Knh6TSkrpU0_2_12	0,5,2,4	3,8,3,10	Speech,Speech,Dog,Dog	audio
Knh6TSkrpU0_2_12	5,0	7,10	Speech,Dog	visual
KoBKt9OwUDA_0_10	3,0,1	6,10,10	Speech,Speech,Basketball_bounce	audio
KoBKt9OwUDA_0_10	0	10	Speech	visual
KojwdV9dkBU_120_130	1,4,0,8	3,5,3,10	Dog,Dog,Speech,Speech	audio
KojwdV9dkBU_120_130	0	10	Cat	visual
Kqa-iC4cuMs_370_380	6,0	10,7	Vacuum_cleaner,Speech	audio
Kqa-iC4cuMs_370_380	6	10	Vacuum_cleaner	visual
Kqjqdx-jfMw_180_190	0,6	7,10	Speech,Speech	audio
Kqjqdx-jfMw_180_190	0	10	Blender	visual
Ks7Qzoz6bZM_30_40	2,1,5	4,3,6	Speech,Cat,Cat	audio
Ks7Qzoz6bZM_30_40	0	10	Cat	visual
KsG6-R7HUJs_10_20	0	10	Helicopter	audio
KsG6-R7HUJs_10_20	0	10	Helicopter	visual
KvIjsmANkxI_10_20	3,8,0	7,10,10	Cat,Cat,Speech	audio
KvIjsmANkxI_10_20	0	10	Cat	visual
Kw-PLfbmjvQ_30_40	0	10	Helicopter	audio
Kw-PLfbmjvQ_30_40	0	10	Helicopter	visual
Kw7r1WV8y30_30_40	0,3	4,6	Violin_fiddle,Speech	audio
Kw7r1WV8y30_30_40	0	10	Violin_fiddle	visual
KwksDbd45Jc_220_230	0,6	10,10	Speech,Basketball_bounce	audio
KwksDbd45Jc_220_230	0,9,6	8,10,8	Speech,Speech,Basketball_bounce	visual
KxJCFboTYeU_60_70	0,8	7,10	Chicken_rooster,Chicken_rooster	audio
KxJCFboTYeU_60_70	0	10	Chicken_rooster	visual
KxhN4Y6eMRg_390_400	0,1	1,10	Speech,Singing	audio
KxhN4Y6eMRg_390_400	0	1	Speech	visual
Ky-u1jW0bLw_10_20	0,6,6	6,10,10	Speech,Clapping,Cheering	audio
Ky-u1jW0bLw_10_20	0,6,6	6,10,10	Speech,Clapping,Cheering	visual
KyZTzL7dzdg_30_40	0,6	6,7	Violin_fiddle,Speech	audio
KyZTzL7dzdg_30_40	0	10	Violin_fiddle	visual
KzrmSD86sr0_520_530	1,8,0,2	3,10,1,6	Blender,Blender,Speech,Speech	audio
KzrmSD86sr0_520_530	0	10	Blender	visual
L-42QHWGyJU_370_380	0,5,2	4,10,10	Speech,Speech,Cheering	audio
L-42QHWGyJU_370_380	0,2	1,3	Basketball_bounce,Basketball_bounce	visual
L2jP-VQExGk_6_16	0,5	3,10	Baby_cry_infant_cry,Baby_cry_infant_cry	audio
L2jP-VQExGk_6_16	0	10	Baby_cry_infant_cry	visual
L2zidDxyBjw_220_230	0	10	Accordion	audio
L2zidDxyBjw_220_230	0	10	Accordion	visual
L9ft4YFUFmc_90_100	6,1	10,6	Motorcycle,Speech	audio
L9ft4YFUFmc_90_100	0	10	Motorcycle	visual
LAVr291jgR8_210_220	0,5	4,10	Speech,Speech	audio
LAVr291jgR8_210_220	0	4	Speech	visual
LAXWSmoMfNw_10_20	0,0	10,10	Dog,Speech	audio
LAXWSmoMfNw_10_20	0	10	Dog	visual
LBbDtEE9l2Q_18_28	1,7,2,6	2,8,5,7	Cat,Cat,Speech,Speech	audio
LBbDtEE9l2Q_18_28	0	10	Cat	visual
LCv-gA_A7Pk_30_40	0,5,0	4,10,10	Acoustic_guitar,Acoustic_guitar,Speech	audio
LCv-gA_A7Pk_30_40	0	10	Acoustic_guitar	visual
LDXGQBKnIkU_14_24	0,0	10,7	Lawn_mower,Speech	audio
LDXGQBKnIkU_14_24	0	10	Lawn_mower	visual
LE3ux-hbUEg_160_170	0,8	10,10	Dog,Speech	audio
LE3ux-hbUEg_160_170	0	10	Dog	visual
LFW5265aG4w_30_40	1,5	10,9	Car,Speech	audio
LFW5265aG4w_30_40	0	10	Car	visual
LFebeVofHyg_30_40	0	10	Clapping	audio
LFebeVofHyg_30_40	0	10	Clapping	visual
LGUdvF0PqC0_10_20	5,0	7,6	Cat,Speech	audio
LGUdvF0PqC0_10_20	0	10	Cat	visual
LGeLv_bEBSA_420_430	0,7,0,3	3,10,1,10	Violin_fiddle,Violin_fiddle,Cello,Cello	audio
LGeLv_bEBSA_420_430	0,0	10,10	Cello,Violin_fiddle	visual
LH_cTOUJPhU_330_340	0,6	5,10	Blender,Speech	audio
LH_cTOUJPhU_330_340	0	10	Blender	visual
LIFlDrWOq8I_60_70	0,9,5	8,10,10	Speech,Speech,Lawn_mower	audio
LIFlDrWOq8I_60_70	0	10	Lawn_mower	visual
LJ-oWEBfvME_220_230	3	10	Vacuum_cleaner	audio
LJ-oWEBfvME_220_230	0	10	Vacuum_cleaner	visual
LJPBzpoEJtw_30_40	0	10	Motorcycle	audio
LJPBzpoEJtw_30_40	0	10	Motorcycle	visual
LMKzjvc93sA_30_40	0	10	Frying_(food)	audio
LMKzjvc93sA_30_40	0	10	Frying_(food)	visual
LMqpXcUyLTU_0_10	0,1	10,10	Speech,Baby_cry_infant_cry	audio
LMqpXcUyLTU_0_10	0,0	10,10	Speech,Baby_cry_infant_cry	visual
LNGPfZsCqKY_18_28	0	10	Helicopter	audio
LNGPfZsCqKY_18_28	0	10	Helicopter	visual
LOXiJnA8M1Q_70_80	0,0,2	10,1,10	Frying_(food),Speech,Speech	audio
LOXiJnA8M1Q_70_80	0,4	2,10	Frying_(food),Frying_(food)	visual
LO_DK-3poPg_130_140	0,2	3,10	Speech,Singing	audio
LO_DK-3poPg_130_140	0,2	3,10	Speech,Singing	visual
LQC5OxzWufM_20_30	0,1	10,2	Dog,Speech	audio
LQC5OxzWufM_20_30	0	10	Dog	visual
LS1OwvItlgM_210_220	0,2,5	10,4,6	Chicken_rooster,Speech,Speech	audio
LS1OwvItlgM_210_220	0,5	8,6	Chicken_rooster,Speech	visual
LT23oUPcU_s_30_40	0,8	10,10	Dog,Speech	audio
LT23oUPcU_s_30_40	0	10	Dog	visual
LTmnYdPxCaw_24_34	0	9	Helicopter	audio
LTmnYdPxCaw_24_34	0	9	Helicopter	visual
LWcZGccvDpg_80_90	0,0,4	10,1,10	Motorcycle,Speech,Singing	audio
LWcZGccvDpg_80_90	0,0	10,1	Motorcycle,Speech	visual
LWlCh2pONQI_20_30	0,0,9	10,8,10	Acoustic_guitar,Singing,Singing	audio
LWlCh2pONQI_20_30	0,0,9	10,8,10	Acoustic_guitar,Singing,Singing	visual
LWlJFSROVXM_3_13	0,8	1,10	Chicken_rooster,Chicken_rooster	audio
LWlJFSROVXM_3_13	0	10	Chicken_rooster	visual
LXXHu4LCMU0_310_320	0,0	10,10	Violin_fiddle,Cello	audio
LXXHu4LCMU0_310_320	0,0	10,10	Violin_fiddle,Cello	visual
LYadFGHyPow_350_360	0,8	7,10	Chainsaw,Chainsaw	audio
LYadFGHyPow_350_360	0	10	Chainsaw	visual
LZ6oDntUV2c_40_50	0	10	Chainsaw	audio
LZ6oDntUV2c_40_50	0	7	Chainsaw	visual
LZGMn_8Ky-U_220_230	0,4,8,1	3,6,10,5	Speech,Speech,Speech,Speech	audio
LZGMn_8Ky-U_220_230	0,0,4,8	10,3,6,10	Acoustic_guitar,Speech,Speech,Speech	visual
L_NiIDd9qQQ_110_120	0,0,2,5,9	1,1,4,7,10	Dog,Speech,Speech,Speech,Speech	audio
L_NiIDd9qQQ_110_120	0,0,2,5	10,1,4,7	Dog,Speech,Speech,Speech	visual
LbQ1CDjxy0w_40_50	0,3,9	10,8,10	Cat,Speech,Speech	audio
LbQ1CDjxy0w_40_50	0	10	Cat	visual
LbVxnuv3Ebw_130_140	1,0,9	8,2,10	Motorcycle,Speech,Speech	audio
LbVxnuv3Ebw_130_140	0	10	Motorcycle	visual
LcFWKgFphXI_20_30	0,0	9,9	Clapping,Singing	audio
LcFWKgFphXI_20_30	0,0	8,9	Clapping,Singing	visual
LcKlInyt_d4_10_20	0	10	Vacuum_cleaner	audio
LcKlInyt_d4_10_20	0	10	Vacuum_cleaner	visual
LcP8X-b4SmI_60_70	0	10	Vacuum_cleaner	audio
LcP8X-b4SmI_60_70	0,0	7,10	Dog,Vacuum_cleaner	visual
LfJH5_vbZuk_170_180	6,9,2	7,10,10	Cat,Cat,Speech	audio
LfJH5_vbZuk_170_180	3	10	Cat	visual
LfhdhtoK_dg_40_50	0,0,5	9,10,6	Speech,Singing,Clapping	audio
LfhdhtoK_dg_40_50	0,6	9,9	Speech,Clapping	visual
Li6s-vk_GQs_20_30	5,0	8,5	Lawn_mower,Speech	audio
Li6s-vk_GQs_20_30	0	10	Lawn_mower	visual
LjBs2e_sW4E_160_170	0	10	Lawn_mower	audio
LjBs2e_sW4E_160_170	1	8	Lawn_mower	visual
LlWf9r1ziZk_30_40	0,4,9,2	3,6,10,10	Violin_fiddle,Violin_fiddle,Violin_fiddle,Speech	audio
LlWf9r1ziZk_30_40	0,2	10,10	Violin_fiddle,Speech	visual
LmSXOOzCXu0_30_40	0,7	8,10	Speech,Vacuum_cleaner	audio
LmSXOOzCXu0_30_40	0	10	Vacuum_cleaner	visual
Lnpe9u8cF50_90_100	0,0,0	10,10,10	Acoustic_guitar,Accordion,Singing	audio
Lnpe9u8cF50_90_100	0,1,4,5	1,5,8,10	Singing,Acoustic_guitar,Accordion,Singing	visual
Lp6JViuKWlo_20_30	0,6,9,0	4,7,10,6	Baby_cry_infant_cry,Baby_cry_infant_cry,Baby_cry_infant_cry,Speech	audio
Lp6JViuKWlo_20_30	0,6,9	4,7,10	Baby_cry_infant_cry,Baby_cry_infant_cry,Baby_cry_infant_cry	visual
Lpc7Ws6PSfg_2_12	0	10	Speech	audio
Lpc7Ws6PSfg_2_12	0	10	Speech	visual
LqSxIzqYsfY_160_170	0,0	10,10	Cello,Violin_fiddle	audio
LqSxIzqYsfY_160_170	0,0	10,10	Cello,Violin_fiddle	visual
LrWwi0-wcrg_30_40	0	10	Chainsaw	audio
LrWwi0-wcrg_30_40	0	10	Chainsaw	visual
Ltx0lEqqoac_80_90	1,5,2,2	3,10,4,4	Basketball_bounce,Basketball_bounce,Speech,Cheering	audio
Ltx0lEqqoac_80_90	1,5	3,10	Basketball_bounce,Basketball_bounce	visual
LuChwFtVLpI_30_40	0	10	Lawn_mower	audio
LuChwFtVLpI_30_40	0	10	Lawn_mower	visual
Lw-mExSqCok_0_10	6,0,0,8	10,7,8,10	Helicopter,Clapping,Cheering,Chicken_rooster	audio
Lw-mExSqCok_0_10	6,0,0	10,6,6	Helicopter,Cheering,Clapping	visual
Lw4uqIDhAa4_30_40	0,0,8,6	10,5,10,8	Violin_fiddle,Singing,Singing,Speech	audio
Lw4uqIDhAa4_30_40	0,2,6	5,5,10	Singing,Violin_fiddle,Violin_fiddle	visual
LxFenjME4NQ_0_10	0,0	10,10	Helicopter,Speech	audio
LxFenjME4NQ_0_10	0,6	10,10	Helicopter,Speech	visual
LxdLlDDQL84_42_52	0	10	Cat	audio
LxdLlDDQL84_42_52	0	10	Cat	visual
LzdgaHNurYc_380_390	0,3	10,10	Speech,Basketball_bounce	audio
LzdgaHNurYc_380_390	3,0	10,6	Basketball_bounce,Speech	visual
LzgeBj-P29Q_30_40	0,1,1,3	1,10,3,7	Speech,Violin_fiddle,Clapping,Cheering	audio
LzgeBj-P29Q_30_40	0,0	10,1	Violin_fiddle,Speech	visual
M-EPKxTNfbQ_70_80	0	2	Chicken_rooster	audio
M-EPKxTNfbQ_70_80	0	2	Chicken_rooster	visual
M-FcPJaD1cU_30_40	0,3,8	10,5,10	Chicken_rooster,Speech,Speech	audio
M-FcPJaD1cU_30_40	0	10	Chicken_rooster	visual
M0SxS0glJDU_180_190	0,0,0	6,6,10	Violin_fiddle,Accordion,Speech	audio
M0SxS0glJDU_180_190	3,0	8,8	Accordion,Violin_fiddle	visual
M0viHJ8hTxE_70_80	6,1	7,10	Basketball_bounce,Speech	audio
M0viHJ8hTxE_70_80	6	7	Basketball_bounce	visual
M1467mz9VK0_30_40	0,0,6	1,10,9	Speech,Violin_fiddle,Speech	audio
M1467mz9VK0_30_40	0,0,9	1,7,10	Speech,Violin_fiddle,Violin_fiddle	visual
M1XqFQOvBMA_0_10	0,5,9	5,8,10	Chicken_rooster,Speech,Speech	audio
M1XqFQOvBMA_0_10	0	10	Chicken_rooster	visual
M2UMpS30jRA_30_40	0,6	10,9	Baby_cry_infant_cry,Speech	audio
M2UMpS30jRA_30_40	0	10	Baby_cry_infant_cry	visual
M5beD6jFbGY_120_130	0,0,0	4,10,10	Speech,Acoustic_guitar,Cello	audio
M5beD6jFbGY_120_130	0,0	10,10	Acoustic_guitar,Cello	visual
M6AZo0Z0xBo_30_40	0,0	10,10	Cello,Violin_fiddle	audio
M6AZo0Z0xBo_30_40	0,0	10,10	Cello,Violin_fiddle	visual
M7jTWJYmgAc_30_40	0,6	10,9	Baby_cry_infant_cry,Speech	audio
M7jTWJYmgAc_30_40	0,6	10,9	Baby_cry_infant_cry,Speech	visual
M7mcD0npbjI_50_60	0,0,8	5,5,10	Basketball_bounce,Speech,Speech	audio
M7mcD0npbjI_50_60	1	5	Basketball_bounce	visual
M8hUgx2y7qk_20_30	0,4	10,10	Vacuum_cleaner,Dog	audio
M8hUgx2y7qk_20_30	0,0	10,10	Dog,Vacuum_cleaner	visual
MCZem5teAUk_100_110	9	10	Lawn_mower	audio
MCZem5teAUk_100_110	0	10	Lawn_mower	visual
MChLOVodM5I_30_40	0,2,0	1,5,10	Speech,Speech,Dog	audio
MChLOVodM5I_30_40	0	10	Dog	visual
MELS2_bSaNU_80_90	0	8	Violin_fiddle	audio
MELS2_bSaNU_80_90	0	10	Violin_fiddle	visual
MFJ198Kyb50_60_70	0,0	10,10	Accordion,Speech	audio
MFJ198Kyb50_60_70	0	10	Accordion	visual
MFZa7e1Xkog_360_370	0,1,3	10,2,9	Frying_(food),Speech,Speech	audio
MFZa7e1Xkog_360_370	0	10	Frying_(food)	visual
MFaRhAq2JLw_10_20	1	10	Baby_cry_infant_cry	audio
MFaRhAq2JLw_10_20	0	10	Baby_cry_infant_cry	visual
MIzRWcJCpHg_130_140	0,6	10,7	Singing,Speech	audio
MIzRWcJCpHg_130_140	0	10	Singing	visual
MK0VVTjYX40_190_200	2,8	9,9	Dog,Speech	audio
MK0VVTjYX40_190_200	2	10	Dog	visual
MQWKt3_NVvM_70_80	1,6,9	3,7,10	Speech,Dog,Dog	audio
MQWKt3_NVvM_70_80	0	10	Dog	visual
MRHf3aoGygE_160_170	0	10	Lawn_mower	audio
MRHf3aoGygE_160_170	6,0	10,4	Lawn_mower,Lawn_mower	visual
MRaYiK3K0Rc_40_50	0,5	1,10	Speech,Speech	audio
MRaYiK3K0Rc_40_50	0	10	Frying_(food)	visual
MRe0mjPslrc_10_20	0,0	10,10	Violin_fiddle,Cello	audio
MRe0mjPslrc_10_20	0,0	10,5	Violin_fiddle,Cello	visual
MS8ycgmIHxQ_30_40	1	10	Chicken_rooster	audio
MS8ycgmIHxQ_30_40	0	10	Chicken_rooster	visual
MT0Bxc0nkLc_120_130	0,1	10,5	Dog,Speech	audio
MT0Bxc0nkLc_120_130	0	10	Dog	visual
MTIfUXAtQcE_170_180	0,0,7	10,4,8	Helicopter,Speech,Speech	audio
MTIfUXAtQcE_170_180	0,8	6,10	Helicopter,Helicopter	visual
MTOS1YA9cjI_30_40	0,1,3,5,8	10,2,4,6,10	Baby_cry_infant_cry,Speech,Dog,Dog,Dog	audio
MTOS1YA9cjI_30_40	0,1,7	10,6,10	Baby_cry_infant_cry,Dog,Dog	visual
MTkN3EBB1uY_70_80	0,1,0,0	10,10,10,10	Acoustic_guitar,Singing,Violin_fiddle,Banjo	audio
MTkN3EBB1uY_70_80	1,0,0,3	10,10,1,5	Singing,Acoustic_guitar,Violin_fiddle,Banjo	visual
MUmLS_Y_pmY_0_10	0,6,7	1,7,9	Speech,Speech,Dog	audio
MUmLS_Y_pmY_0_10	0	10	Dog	visual
MUv54DuYKBs_20_30	0	1	Helicopter	audio
MUv54DuYKBs_20_30	0	1	Helicopter	visual
MWNEee5N6SM_9_19	0,3	2,10	Speech,Speech	audio
MWNEee5N6SM_9_19	0	10	Cat	visual
MY2PFDV_S2s_140_150	0,6,1,6	4,9,5,10	Speech,Singing,Acoustic_guitar,Acoustic_guitar	audio
MY2PFDV_S2s_140_150	0,0,6	10,4,9	Acoustic_guitar,Speech,Singing	visual
MYhKZftZBOs_570_580	2,8,2,8	7,10,7,10	Cello,Cello,Violin_fiddle,Violin_fiddle	audio
MYhKZftZBOs_570_580	0,0	10,10	Cello,Violin_fiddle	visual
MZVInVyY90o_20_30	0	9	Lawn_mower	audio
MZVInVyY90o_20_30	0	10	Lawn_mower	visual
M_9pQR8IFRs_10_20	0,2,0,6,9	1,10,2,8,10	Cat,Cat,Speech,Speech,Speech	audio
M_9pQR8IFRs_10_20	0	10	Cat	visual
M_Bk6sPg7O4_10_20	1,8,9	2,10,10	Speech,Speech,Dog	audio
M_Bk6sPg7O4_10_20	0	10	Dog	visual
Ma5OotVwCh0_100_110	0	10	Helicopter	audio
Ma5OotVwCh0_100_110	0	10	Helicopter	visual
MawlYZVYOMo_30_40	3	10	Violin_fiddle	audio
MawlYZVYOMo_30_40	0,0	10,3	Violin_fiddle,Speech	visual
Mc79pRPTjXw_10_20	1,1,3	2,2,4	Dog,Speech,Speech	audio
Mc79pRPTjXw_10_20	0	10	Dog	visual
McK4y6_znE4_240_250	0,3	10,10	Motorcycle,Speech	audio
McK4y6_znE4_240_250	2	10	Motorcycle	visual
McVcuryKUp4_160_170	0,3	2,8	Motorcycle,Speech	audio
McVcuryKUp4_160_170	0,6	2,8	Motorcycle,Speech	visual
McfGMq5A5G8_30_40	0,2,6,0,2	2,6,10,10,10	Singing,Singing,Singing,Banjo,Violin_fiddle	audio
McfGMq5A5G8_30_40	0,0,2,6,0,0	10,2,6,10,10,3	Acoustic_guitar,Singing,Singing,Singing,Banjo,Violin_fiddle	visual
MdI_Wq_eoRU_220_230	0	10	Helicopter	audio
MdI_Wq_eoRU_220_230	0	10	Helicopter	visual
MdmawJ_wleI_30_40	8,6	10,10	Cat,Speech	audio
MdmawJ_wleI_30_40	0	10	Cat	visual
MeqqDSM5cPs_190_200	0	10	Helicopter	audio
MeqqDSM5cPs_190_200	0	10	Helicopter	visual
MfWiB4-reII_30_40	0,0	10,10	Violin_fiddle,Cello	audio
MfWiB4-reII_30_40	0,0	10,10	Violin_fiddle,Cello	visual
Mgbg7X2pByE_270_280	0,0,4	10,3,10	Frying_(food),Speech,Speech	audio
Mgbg7X2pByE_270_280	0	10	Frying_(food)	visual
MgyoRSEhx-U_70_80	0	10	Motorcycle	audio
MgyoRSEhx-U_70_80	0	10	Motorcycle	visual
MjGmx90Za_M_10_20	0,0,2,8,4,0,2	10,1,5,10,6,1,5	Accordion,Basketball_bounce,Basketball_bounce,Basketball_bounce,Clapping,Speech,Speech	audio
MjGmx90Za_M_10_20	0,2,8	1,5,10	Basketball_bounce,Basketball_bounce,Basketball_bounce	visual
MlCY7E5IYbo_20_30	1,0	10,1	Acoustic_guitar,Speech	audio
MlCY7E5IYbo_20_30	0	10	Acoustic_guitar	visual
MlnBzUzGhlA_10_20	8	10	Lawn_mower	audio
MlnBzUzGhlA_10_20	0	10	Lawn_mower	visual
MmBKiw43TZg_30_40	0,8	8,9	Dog,Speech	audio
MmBKiw43TZg_30_40	0	10	Dog	visual
MnwwrlH3LOQ_90_100	1,7,0,3,0	4,9,1,10,10	Singing,Singing,Acoustic_guitar,Acoustic_guitar,Speech	audio
MnwwrlH3LOQ_90_100	0,1,7	10,4,9	Acoustic_guitar,Singing,Singing	visual
Mo-Z_28McaI_90_100	0,3	2,9	Baby_laughter,Baby_laughter	audio
Mo-Z_28McaI_90_100	0,3	2,9	Baby_laughter,Baby_laughter	visual
MoZc4IsdhiU_20_30	0	10	Helicopter	audio
MoZc4IsdhiU_20_30	0	10	Helicopter	visual
MouGuIgIaXQ_120_130	0,0	10,10	Accordion,Singing	audio
MouGuIgIaXQ_120_130	0	3	Accordion	visual
MpWZU83HzL8_30_40	0,0,0	10,10,5	Helicopter,Car,Speech	audio
MpWZU83HzL8_30_40	0,0	10,10	Helicopter,Car	visual
MqMKjrKRXmI_30_40	0	10	Baby_cry_infant_cry	audio
MqMKjrKRXmI_30_40	0	10	Baby_cry_infant_cry	visual
MrIfjRInMLU_0_10	0	10	Baby_laughter	audio
MrIfjRInMLU_0_10	0	10	Baby_laughter	visual
MsXnQIFU1Ek_30_40	0,0	10,10	Violin_fiddle,Cello	audio
MsXnQIFU1Ek_30_40	0,0	10,10	Violin_fiddle,Cello	visual
Msme_HbKIik_30_40	0	10	Accordion	audio
Msme_HbKIik_30_40	0	10	Accordion	visual
Mte4VJKUkWQ_240_250	0,0,5	10,2,10	Cello,Singing,Singing	audio
Mte4VJKUkWQ_240_250	0,0,5	10,2,10	Cello,Singing,Singing	visual
Muh79_vUNTc_110_120	2,2	10,10	Violin_fiddle,Cello	audio
Muh79_vUNTc_110_120	0	10	Violin_fiddle	visual
MvlIx9Dlf7U_180_190	0,0	10,5	Blender,Speech	audio
MvlIx9Dlf7U_180_190	0	10	Blender	visual
MvxuOggmXh0_0_10	1,3,5,7	2,4,6,10	Speech,Speech,Speech,Accordion	audio
MvxuOggmXh0_0_10	0	10	Accordion	visual
MwoLwkYOtqM_240_250	0	10	Vacuum_cleaner	audio
MwoLwkYOtqM_240_250	0	10	Vacuum_cleaner	visual
MyaBGqF5RgQ_10_20	0	10	Vacuum_cleaner	audio
MyaBGqF5RgQ_10_20	0,3	2,10	Vacuum_cleaner,Vacuum_cleaner	visual
Myu_pzGwbB4_90_100	0,7	5,10	Singing,Singing	audio
Myu_pzGwbB4_90_100	2,9	5,10	Singing,Singing	visual
Mzp5uTDaKog_120_130	0,6,8	10,7,10	Frying_(food),Speech,Speech	audio
Mzp5uTDaKog_120_130	0	10	Frying_(food)	visual
N1cTKfsnr0c_30_40	0,4,1	3,9,10	Baby_cry_infant_cry,Baby_cry_infant_cry,Speech	audio
N1cTKfsnr0c_30_40	0	10	Baby_cry_infant_cry	visual
N2PNOeYJB0c_30_40	0,5,9,4	4,8,10,10	Speech,Speech,Speech,Violin_fiddle	audio
N2PNOeYJB0c_30_40	0	10	Violin_fiddle	visual
N30pd7uKMiM_480_490	1,5,9,7	4,7,10,9	Speech,Speech,Speech,Acoustic_guitar	audio
N30pd7uKMiM_480_490	0	10	Acoustic_guitar	visual
N4-YgaGOAYQ_30_40	0,5,4	4,10,5	Violin_fiddle,Violin_fiddle,Speech	audio
N4-YgaGOAYQ_30_40	0	10	Violin_fiddle	visual
N4sW3gpEzfU_70_80	0	10	Chainsaw	audio
N4sW3gpEzfU_70_80	0	10	Chainsaw	visual
N6JTpk6UdgQ_30_40	0,0,3,8	10,1,7,10	Violin_fiddle,Speech,Speech,Speech	audio
N6JTpk6UdgQ_30_40	0,0,3,8	10,1,7,10	Violin_fiddle,Speech,Speech,Speech	visual
N70uvJf6Fs4_30_40	0,0	10,10	Violin_fiddle,Speech	audio
N70uvJf6Fs4_30_40	3,9	8,10	Violin_fiddle,Violin_fiddle	visual
N7FraoLwBiw_30_40	0,9,0,2,9	5,10,1,8,10	Speech,Speech,Cat,Cat,Cat	audio
N7FraoLwBiw_30_40	0	10	Cat	visual
N8o5qLz5974_10_20	2,0	10,10	Speech,Dog	audio
N8o5qLz5974_10_20	0	10	Dog	visual
NAkYzdSLN44_30_40	0,0,3,2	1,10,8,4	Basketball_bounce,Speech,Clapping,Cheering	audio
NAkYzdSLN44_30_40	0	1	Basketball_bounce	visual
NBFMvfX_yWA_180_190	0,6	10,9	Speech,Violin_fiddle	audio
NBFMvfX_yWA_180_190	0,0	10,10	Violin_fiddle,Speech	visual
NDcJ3G22W0w_60_70	0,0	6,10	Speech,Basketball_bounce	audio
NDcJ3G22W0w_60_70	1,7	2,9	Basketball_bounce,Basketball_bounce	visual
NDlK1ogSENw_16_26	0,0,3	10,2,7	Baby_cry_infant_cry,Speech,Speech	audio
NDlK1ogSENw_16_26	0	10	Baby_cry_infant_cry	visual
NFZ0U84FQ24_30_40	0,3	8,5	Lawn_mower,Speech	audio
NFZ0U84FQ24_30_40	0	10	Lawn_mower	visual
NHPWU9bKcc4_210_220	0,0,7	10,3,10	Cello,Violin_fiddle,Violin_fiddle	audio
NHPWU9bKcc4_210_220	0,0	10,10	Cello,Violin_fiddle	visual
NHs8LJTwrRU_13_23	0,6	10,8	Baby_cry_infant_cry,Speech	audio
NHs8LJTwrRU_13_23	0	10	Baby_cry_infant_cry	visual
NIlaWJiRnOQ_19_29	0,0	10,10	Frying_(food),Speech	audio
NIlaWJiRnOQ_19_29	0,2	3,10	Frying_(food),Speech	visual
NJQPNMG7dGw_30_40	0	10	Helicopter	audio
NJQPNMG7dGw_30_40	0	10	Helicopter	visual
NM6U_DyP_0o_30_40	0,0	10,10	Frying_(food),Speech	audio
NM6U_DyP_0o_30_40	0	10	Frying_(food)	visual
NMlfyPv2AqM_15_25	0	6	Baby_cry_infant_cry	audio
NMlfyPv2AqM_15_25	0	6	Baby_cry_infant_cry	visual
NMo2M0rO8Ag_30_40	0	10	Helicopter	audio
NMo2M0rO8Ag_30_40	0	10	Helicopter	visual
NQ5G3EpBpIY_30_40	0,6,9	3,8,10	Dog,Speech,Speech	audio
NQ5G3EpBpIY_30_40	0,2,6	10,4,8	Dog,Speech,Speech	visual
NQioJxQTs9I_60_70	0,3,6	2,5,7	Speech,Speech,Dog	audio
NQioJxQTs9I_60_70	0	10	Dog	visual
NS3brbiBM-4_30_40	0,0,6	10,10,10	Cheering,Clapping,Speech	audio
NS3brbiBM-4_30_40	0,0,6	10,10,10	Cheering,Clapping,Car	visual
NT3BpX75ylU_30_40	0,8	10,10	Violin_fiddle,Speech	audio
NT3BpX75ylU_30_40	0	10	Violin_fiddle	visual
NTFPgBw8PlU_18_28	0	6	Baby_cry_infant_cry	audio
NTFPgBw8PlU_18_28	0	6	Baby_cry_infant_cry	visual
NZVSQRzo48o_30_40	0,1	1,10	Violin_fiddle,Speech	audio
NZVSQRzo48o_30_40	0,1	1,10	Violin_fiddle,Speech	visual
NZqRiNeuko8_20_30	0,2	1,3	Speech,Speech	audio
NZqRiNeuko8_20_30	0	10	Cat	visual
N_x3pPx8TWk_470_480	0,7,0,8	10,10,5,10	Singing,Speech,Cheering,Cheering	audio
N_x3pPx8TWk_470_480	0	10	Singing	visual
NaSGRWCzZYM_0_10	0	10	Motorcycle	audio
NaSGRWCzZYM_0_10	0,8	7,10	Motorcycle,Motorcycle	visual
NageMZSe7OE_30_40	0,0	10,10	Violin_fiddle,Cello	audio
NageMZSe7OE_30_40	0,7,0,3,7	5,8,2,5,8	Violin_fiddle,Violin_fiddle,Cello,Cello,Cello	visual
NbXrdnw7tjM_180_190	0	10	Accordion	audio
NbXrdnw7tjM_180_190	0	10	Accordion	visual
NdSOBMWdj3g_120_130	2	10	Blender	audio
NdSOBMWdj3g_120_130	0	10	Blender	visual
Nfg19Upom8A_0_10	0	10	Lawn_mower	audio
Nfg19Upom8A_0_10	0	10	Lawn_mower	visual
Ng0IR-V8t9k_7_17	0,1,3,5,6	1,2,4,6,7	Speech,Dog,Dog,Speech,Dog	audio
Ng0IR-V8t9k_7_17	0	10	Dog	visual
Nh-0sVtY4p8_18_28	0,8	10,9	Speech,Cat	audio
Nh-0sVtY4p8_18_28	0	10	Cat	visual
Nh3YTYgtEJs_180_190	0,7,0	6,10,10	Speech,Speech,Acoustic_guitar	audio
Nh3YTYgtEJs_180_190	0,0,7	10,6,10	Acoustic_guitar,Speech,Speech	visual
NhFBf-RKxnE_10_20	3,0	10,2	Motorcycle,Speech	audio
NhFBf-RKxnE_10_20	0	10	Motorcycle	visual
NiBG3iiTIl4_40_50	8,1,6	10,5,8	Speech,Dog,Dog	audio
NiBG3iiTIl4_40_50	0	10	Dog	visual
NjIY8G7o-cI_120_130	0,0,6	10,5,10	Helicopter,Speech,Speech	audio
NjIY8G7o-cI_120_130	0	10	Helicopter	visual
NjTazKop84Y_30_40	0,7,8	7,10,9	Speech,Violin_fiddle,Speech	audio
NjTazKop84Y_30_40	0,0	10,7	Violin_fiddle,Speech	visual
Njs1QZwQ5jM_21_31	0,2	10,5	Baby_cry_infant_cry,Dog	audio
Njs1QZwQ5jM_21_31	0,0	10,3	Baby_cry_infant_cry,Dog	visual
NkHc5KOqJRg_20_30	0,0	10,7	Frying_(food),Speech	audio
NkHc5KOqJRg_20_30	0	10	Frying_(food)	visual
NkIhwefp87o_50_60	0,0,3	10,1,6	Vacuum_cleaner,Speech,Speech	audio
NkIhwefp87o_50_60	0	10	Vacuum_cleaner	visual
NkXfDQE9P70_50_60	0,3,6,8	1,5,7,9	Speech,Speech,Speech,Speech	audio
NkXfDQE9P70_50_60	0	10	Dog	visual
Nkv47Gmn66Q_40_50	0	9	Speech	audio
Nkv47Gmn66Q_40_50	0	10	Cat	visual
NmSWk0ZMobQ_40_50	0,4,8,3	3,6,10,10	Baby_laughter,Speech,Speech,Singing	audio
NmSWk0ZMobQ_40_50	0	3	Baby_laughter	visual
NmpQX6IohMY_140_150	0,6,0,0	4,10,10,4	Singing,Singing,Acoustic_guitar,Banjo	audio
NmpQX6IohMY_140_150	0,0,6	10,4,10	Acoustic_guitar,Singing,Singing	visual
Nmqq83EfK8U_80_90	0,4,2	3,8,3	Speech,Speech,Dog	audio
Nmqq83EfK8U_80_90	0	10	Dog	visual
NnGM88daFDU_30_40	6,6	10,10	Violin_fiddle,Cello	audio
NnGM88daFDU_30_40	3,3	10,10	Violin_fiddle,Cello	visual
NokSF2SXqA8_30_40	0,0	10,10	Speech,Violin_fiddle	audio
NokSF2SXqA8_30_40	0,4,1	1,9,5	Speech,Speech,Violin_fiddle	visual
NorHGeReG2s_10_20	0,7	5,10	Speech,Singing	audio
NorHGeReG2s_10_20	0,7	5,10	Speech,Singing	visual
Nox8PbNaydY_60_70	0,0	1,8	Speech,Singing	audio
Nox8PbNaydY_60_70	1	7	Singing	visual
Np6XrFtNBY4_160_170	0,3,1,4,9	2,10,3,6,10	Dog,Dog,Speech,Speech,Speech	audio
Np6XrFtNBY4_160_170	0	10	Dog	visual
NrCNo4V7RVM_30_40	0	10	Lawn_mower	audio
NrCNo4V7RVM_30_40	0	10	Lawn_mower	visual
NryAmlnxqB0_10_20	0,0,9	10,10,10	Banjo,Acoustic_guitar,Singing	audio
NryAmlnxqB0_10_20	0,0,9	10,10,10	Banjo,Acoustic_guitar,Singing	visual
Nszf2gBWruU_30_40	0	10	Chainsaw	audio
Nszf2gBWruU_30_40	0	10	Chainsaw	visual
NuTfSFkvlbE_130_140	0	10	Helicopter	audio
NuTfSFkvlbE_130_140	0	10	Helicopter	visual
Nuwo-hdr__k_10_20	0	10	Helicopter	audio
Nuwo-hdr__k_10_20	0	10	Helicopter	visual
NwnzqSSJ1wQ_230_240	0	10	Helicopter	audio
NwnzqSSJ1wQ_230_240	0	10	Helicopter	visual
O0tHJP8wnRc_70_80	0,0,0	1,10,10	Speech,Singing,Clapping	audio
O0tHJP8wnRc_70_80	0,0,5	1,10,10	Speech,Singing,Clapping	visual
O1n-pt3waz8_30_40	0	10	Vacuum_cleaner	audio
O1n-pt3waz8_30_40	0,9	8,10	Vacuum_cleaner,Vacuum_cleaner	visual
O4r45CKNnOc_10_20	0,5	10,6	Dog,Speech	audio
O4r45CKNnOc_10_20	0,7	3,10	Dog,Dog	visual
O5zoP2HCbCk_5_15	0,0,6	4,5,8	Speech,Chicken_rooster,Chicken_rooster	audio
O5zoP2HCbCk_5_15	0,0	10,4	Chicken_rooster,Speech	visual
O7gn7LQV8yQ_21_31	0,1	9,3	Violin_fiddle,Speech	audio
O7gn7LQV8yQ_21_31	2	9	Violin_fiddle	visual
O7sBZWqwHig_30_40	6,0	10,10	Violin_fiddle,Speech	audio
O7sBZWqwHig_30_40	7	10	Violin_fiddle	visual
O8jf3XyhkkY_30_40	4	6	Speech	audio
O8jf3XyhkkY_30_40	0	10	Cat	visual
O94UDJiPfX8_310_320	0,4,0	1,8,10	Speech,Speech,Cello	audio
O94UDJiPfX8_310_320	6	8	Speech	visual
O9d8Yg9H0BQ_30_40	0,0	10,10	Cello,Violin_fiddle	audio
O9d8Yg9H0BQ_30_40	3,3	10,10	Cello,Violin_fiddle	visual
OAzPNdL-wQI_480_490	0	10	Helicopter	audio
OAzPNdL-wQI_480_490	0	10	Helicopter	visual
ODcTO7pKBFs_30_40	0	10	Chicken_rooster	audio
ODcTO7pKBFs_30_40	0	10	Chicken_rooster	visual
OEpENK6brCY_20_30	0,3,7	10,5,10	Chicken_rooster,Chicken_rooster,Chicken_rooster	audio
OEpENK6brCY_20_30	0	10	Chicken_rooster	visual
OFtExNYmSfM_30_40	0,7,1,8	5,10,7,10	Dog,Dog,Speech,Speech	audio
OFtExNYmSfM_30_40	0	10	Dog	visual
OGw7IRDLu4w_12_22	0,2,1,8	1,4,3,10	Speech,Speech,Cat,Cat	audio
OGw7IRDLu4w_12_22	0	10	Cat	visual
OHMoNFP6n9g_20_30	0,2,0,6	1,9,3,10	Speech,Speech,Chicken_rooster,Chicken_rooster	audio
OHMoNFP6n9g_20_30	0,5	3,10	Chicken_rooster,Chicken_rooster	visual
OJjDafCVsP4_70_80	0,4	10,7	Dog,Speech	audio
OJjDafCVsP4_70_80	0	10	Dog	visual
OK0pHsgHgDU_140_150	0,4,8	10,7,10	Singing,Cheering,Speech	audio
OK0pHsgHgDU_140_150	0	10	Singing	visual
OLU25V3tlhg_30_40	0,3	1,10	Speech,Speech	audio
OLU25V3tlhg_30_40	0,0,3	10,1,10	Violin_fiddle,Speech,Speech	visual
OMUTf4IC8ME_240_250	5,4	7,8	Dog,Dog	audio
OMUTf4IC8ME_240_250	0	10	Dog	visual
OOX_Pf-aIoQ_90_100	1,4,3	2,10,4	Baby_laughter,Baby_laughter,Speech	audio
OOX_Pf-aIoQ_90_100	1,4	2,10	Baby_laughter,Baby_laughter	visual
OOw5CoIgV00_30_40	0,0	10,10	Violin_fiddle,Accordion	audio
OOw5CoIgV00_30_40	0,4	8,6	Violin_fiddle,Accordion	visual
OP1HwnpjoX8_30_40	7,9	10,10	Dog,Speech	audio
OP1HwnpjoX8_30_40	0	10	Dog	visual
OP7wbUmwMc8_30_40	0,4	10,5	Dog,Speech	audio
OP7wbUmwMc8_30_40	0	10	Dog	visual
OPYtTs1AOAw_110_120	0	10	Helicopter	audio
OPYtTs1AOAw_110_120	0	9	Helicopter	visual
ORMBTAJOTQQ_30_40	0,0	10,10	Cello,Violin_fiddle	audio
ORMBTAJOTQQ_30_40	0,0	10,10	Cello,Violin_fiddle	visual
OTattrwc_Qc_300_310	0,5,9,0,5	1,7,10,3,7	Basketball_bounce,Basketball_bounce,Basketball_bounce,Speech,Speech	audio
OTattrwc_Qc_300_310	0,5,9,0,5	1,7,10,3,6	Basketball_bounce,Basketball_bounce,Basketball_bounce,Speech,Speech	visual
OUoplkiyF54_30_40	0,0	10,10	Acoustic_guitar,Violin_fiddle	audio
OUoplkiyF54_30_40	0,0	10,10	Acoustic_guitar,Violin_fiddle	visual
OVsI6Z0ulVk_0_10	0,8	10,10	Baby_cry_infant_cry,Speech	audio
OVsI6Z0ulVk_0_10	0	10	Baby_cry_infant_cry	visual
OW-iRCDVysg_30_40	1,0,4	10,1,7	Baby_cry_infant_cry,Speech,Speech	audio
OW-iRCDVysg_30_40	1	10	Baby_cry_infant_cry	visual
OW9bURekJ8s_20_30	0,0	10,10	Singing,Acoustic_guitar	audio
OW9bURekJ8s_20_30	0,0	10,10	Singing,Acoustic_guitar	visual
OXXRBxLShsk_140_150	0,1,4	10,2,9	Motorcycle,Speech,Speech	audio
OXXRBxLShsk_140_150	0	10	Motorcycle	visual
OYAjIJa6FlM_60_70	2	6	Dog	audio
OYAjIJa6FlM_60_70	0	10	Dog	visual
OYnra-ve09E_30_40	0,3,5,6	2,4,6,10	Speech,Speech,Speech,Chicken_rooster	audio
OYnra-ve09E_30_40	0	10	Chicken_rooster	visual
OZIvnePrY8A_80_90	0,6	5,10	Blender,Speech	audio
OZIvnePrY8A_80_90	0,8	8,10	Blender,Speech	visual
O_P92jTlmg8_0_10	0,0	10,10	Dog,Speech	audio
O_P92jTlmg8_0_10	0	10	Dog	visual
OaJuXaA7tp8_30_40	0,0	10,10	Cello,Violin_fiddle	audio
OaJuXaA7tp8_30_40	0,0	10,10	Cello,Violin_fiddle	visual
OaXr8Ns_o9g_80_90	0	10	Vacuum_cleaner	audio
OaXr8Ns_o9g_80_90	0	10	Vacuum_cleaner	visual
OdOIHGWEsqg_30_40	0,9,3,6	10,10,4,7	Chainsaw,Speech,Dog,Dog	audio
OdOIHGWEsqg_30_40	0	10	Chainsaw	visual
Of_01ci6ErU_20_30	0,7,1,6	6,10,2,9	Dog,Dog,Speech,Speech	audio
Of_01ci6ErU_20_30	0	10	Dog	visual
OgMQvYOyH4s_30_40	0,0	1,10	Speech,Vacuum_cleaner	audio
OgMQvYOyH4s_30_40	0	10	Vacuum_cleaner	visual
OiIaJb68Haw_50_60	2,0,0	10,10,10	Singing,Acoustic_guitar,Banjo	audio
OiIaJb68Haw_50_60	0,9	10,10	Acoustic_guitar,Banjo	visual
Ok0jiYLIXEc_80_90	0	10	Accordion	audio
Ok0jiYLIXEc_80_90	0	10	Accordion	visual
Ok7Cyiz1lr8_190_200	2,9	8,10	Blender,Speech	audio
Ok7Cyiz1lr8_190_200	2,9	10,10	Blender,Speech	visual
Okt_lzkMWWU_30_40	0,0	10,10	Cello,Violin_fiddle	audio
Okt_lzkMWWU_30_40	0,0	10,10	Cello,Violin_fiddle	visual
OmgS8E_5N3U_280_290	0,7	10,9	Frying_(food),Speech	audio
OmgS8E_5N3U_280_290	0	10	Frying_(food)	visual
OoTe9A7L7GQ_80_90	0,6,0,0	6,10,10,10	Singing,Violin_fiddle,Acoustic_guitar,Cello	audio
OoTe9A7L7GQ_80_90	0,0,0,0	6,2,10,10	Singing,Cello,Acoustic_guitar,Violin_fiddle	visual
OrZKKcO1SQw_30_40	0,0	10,10	Cello,Violin_fiddle	audio
OrZKKcO1SQw_30_40	0,0	10,10	Cello,Violin_fiddle	visual
Os2-U4dwBs8_30_40	4,3	10,5	Cheering,Basketball_bounce	audio
Os2-U4dwBs8_30_40	4,3	10,5	Cheering,Basketball_bounce	visual
OtdtxDfCEpI_40_50	0,0,5	10,4,10	Chicken_rooster,Speech,Speech	audio
OtdtxDfCEpI_40_50	0	10	Chicken_rooster	visual
OujGx4hYJog_0_10	0	10	Clapping	audio
OujGx4hYJog_0_10	0	10	Clapping	visual
OuzXjZb_amo_140_150	0,3,7,0,8	2,6,10,7,10	Speech,Speech,Speech,Acoustic_guitar,Acoustic_guitar	audio
OuzXjZb_amo_140_150	0	10	Acoustic_guitar	visual
Ow2ooQlgGV4_420_430	0,7	3,10	Chainsaw,Speech	audio
Ow2ooQlgGV4_420_430	0	3	Chainsaw	visual
Ox-X4TyoLCw_120_130	1,0	10,1	Blender,Speech	audio
Ox-X4TyoLCw_120_130	0,0	10,1	Blender,Speech	visual
OxLXwhs0SKg_50_60	9,0	10,9	Dog,Speech	audio
OxLXwhs0SKg_50_60	0,9,6	6,10,9	Dog,Dog,Speech	visual
OyR0xkg80-U_260_270	0,6,0	5,10,10	Singing,Speech,Cheering	audio
OyR0xkg80-U_260_270	0,6	5,10	Singing,Speech	visual
Oym6YOjElyY_30_40	0,0,7	10,4,10	Dog,Violin_fiddle,Violin_fiddle	audio
Oym6YOjElyY_30_40	0,0,7	10,2,10	Dog,Violin_fiddle,Violin_fiddle	visual
OzCzfRutK8A_10_20	0,8,0	7,10,5	Speech,Speech,Dog	audio
OzCzfRutK8A_10_20	0	10	Dog	visual
P2cC4rFXr_4_30_40	0	10	Chainsaw	audio
P2cC4rFXr_4_30_40	0	10	Chainsaw	visual
P48JilRIyjc_30_40	0	9	Violin_fiddle	audio
P48JilRIyjc_30_40	0	10	Violin_fiddle	visual
P4X2Gnt8_JE_30_40	0,0,2,6	10,1,5,8	Helicopter,Speech,Speech,Speech	audio
P4X2Gnt8_JE_30_40	0	10	Helicopter	visual
P5wB7xTZRR8_130_140	8,0,6	10,2,8	Singing,Singing,Speech	audio
P5wB7xTZRR8_130_140	0	2	Singing	visual
P6DiuHkG52I_120_130	0,2	10,10	Frying_(food),Speech	audio
P6DiuHkG52I_120_130	4,3	10,6	Frying_(food),Speech	visual
P6MHkI3K3PI_250_260	0,3	2,7	Blender,Blender	audio
P6MHkI3K3PI_250_260	0	10	Blender	visual
P6xxuZnRHXM_150_160	0,0	10,10	Singing,Acoustic_guitar	audio
P6xxuZnRHXM_150_160	1,6,0	5,10,6	Singing,Singing,Acoustic_guitar	visual
P8OY0pQgFjQ_50_60	0,0	6,5	Helicopter,Speech	audio
P8OY0pQgFjQ_50_60	0	6	Helicopter	visual
P8saKKI43tA_20_30	3	10	Vacuum_cleaner	audio
P8saKKI43tA_20_30	0	10	Vacuum_cleaner	visual
PAsI01GRYlY_30_40	0,6,8	2,10,10	Chicken_rooster,Chicken_rooster,Speech	audio
PAsI01GRYlY_30_40	8	10	Chicken_rooster	visual
